USE InternetProviderManagementStudio;
GO


SET IDENTITY_INSERT tblTariff ON;
INSERT INTO tblTariff 
(Id, Name, Price, UploadSpeed, DownloadSpeed, IsArchive)
VALUES
(1, 'Standart', '50', 20, 20, 1),
(2, 'Premiun', '50', 100, 100, 1),
(3, 'Starter', '50', 20, 5, 0),
(4, 'Home basic', '50', 40, 10, 0),
(5, 'Home premium', '50', 50, 40, 0),
(6, 'Proffesional', '50', 100, 40, 0),
(7, 'Ultimate', '50', 100, 100, 0),
(8, 'Business', '50', 250, 100, 0);

SET IDENTITY_INSERT tblTariff OFF;
GO

SET IDENTITY_INSERT tblConnectedHouse ON;
INSERT INTO tblConnectedHouse (Id, City, Street, House)
VALUES
(1, 'Lviv', 'Zelena', '1'),
(2, 'Lviv', 'Zelena', '2'),
(3, 'Lviv', 'Zelena', '3'),
(4, 'Lviv', 'Zelena', '4a'),
(5, 'Lviv', 'Zelena', '5'),
(6, 'Lviv', 'Zelena', '6'),
(7, 'Lviv', 'Zelena', '7'),
(8, 'Lviv', 'Naukova', '111'),
(9, 'Lviv', 'Naukova', '112'),
(10, 'Lviv', 'Naukova', '113'),
(11, 'Lviv', 'Naukova', '114b'),
(12, 'Lviv', 'Naukova', '144'),
(13, 'Lviv', 'Naukova', '145'),
(14, 'Lviv', 'Naukova', '146'),
(15, 'Lviv', 'Khimichna', '13'),
(16, 'Lviv', 'Khimichna', '14'),
(17, 'Lviv', 'Khimichna', '15'),
(18, 'Lviv', 'Khimichna', '16'),
(19, 'Lviv', 'Khimichna', '17'),
(20, 'Lviv', 'Khimichna', '18');

SET IDENTITY_INSERT tblConnectedHouse OFF;
GO

SET IDENTITY_INSERT tblCustomer ON;
INSERT INTO tblCustomer (Id, Forename, Surname, HouseId, Flat, TariffId, Balance, IpAddress, MacAddress, LastChargedDate, [State])
VALUES
(1, 'Jemima', 'Boulting', '1', '1', 5, 115, '91.123.1.1', '9A:8C:DF:25:1D:S6', '2016-02-29', 1),
(2, 'Jennifer', 'Barkley', '1', '2', 4, 2, NULL, '9A:8C:DF:69:7D:S6', '2016-02-29', 1),
(3, 'Lorelei', 'Beaton', '1', '3', 2, 43, '91.123.1.3', '9A:8C:DF:29:7D:S9', '2016-02-29', 1),
(4, 'Alberta', 'Blight', '1', '4', 4, 161, '91.123.1.4', '9A:8C:DF:07:8D:S8', '2016-02-29', 1),
(5, 'G', 'Bramble', '1', '5', 6, 116, '91.123.1.5', '9A:8C:DF:98:0D:S6', '2016-02-29', 1),
(6, 'Kirsten', 'Attenborough', '1', '6', 6, 289, '91.123.1.6', '9A:8C:DF:89:1D:S4', '2016-02-29', 1),
(7, 'Crystal', 'Butche', '1', '7', 3, 182, '91.123.1.7', '9A:8C:DF:04:1D:S2', '2016-02-29', 1),
(8, 'Edith', 'Armfield', '1', '8', 1, 162, '91.123.1.8', '9A:8C:DF:71:0D:S3', '2016-02-29', 1),
(9, 'Isla', 'Bell', '1', '9', 4, 93, '91.123.1.9', '9A:8C:DF:15:4D:S8', '2016-02-29', 1),
(10, 'Eileen', 'Akehurst', '1', '10', 6, 190, '91.123.1.10', '9A:8C:DF:36:9D:S4', '2016-02-29', 1),
(11, 'Cadence', 'Burgess', '1', '11', 5, 133, '91.123.1.11', '9A:8C:DF:27:3D:S5', '2016-02-29', 1),
(12, 'Doreen', 'Bain', '1', '12', 3, 217, '91.123.1.12', '9A:8C:DF:94:0D:S4', '2016-02-29', 1),
(13, 'Bridget', 'Adkins', '1', '13', 6, 237, '91.123.1.13', '9A:8C:DF:12:7D:S6', '2016-02-29', 1),
(14, 'Harriet', 'Bramble', '1', '14', 5, 117, '91.123.1.14', '9A:8C:DF:53:3D:S8', '2016-02-29', 1),
(15, 'Belinda', 'Axtell', '1', '15', 3, 258, '91.123.1.15', '9A:8C:DF:95:0D:S9', '2016-02-29', 1),
(16, 'Cadence', 'Bottrill', '1', '16', 1, 123, '91.123.1.16', '9A:8C:DF:59:8D:S8', '2016-02-29', 1),
(17, 'Leyna', 'Barton', '1', '17', 5, 174, '91.123.1.17', '9A:8C:DF:75:5D:S6', '2016-02-29', 1),
(18, 'Helen', 'Adlam', '1', '18', 5, 43, '91.123.1.18', '9A:8C:DF:31:0D:S8', '2016-02-29', 1),
(19, 'Edna', 'B', '1', '19', 1, 102, '91.123.1.19', '9A:8C:DF:61:7D:S5', '2016-02-29', 1),
(20, 'Alaina', 'Atkins', '1', '20', 2, 247, '91.123.1.20', '9A:8C:DF:57:9D:S4', '2016-02-29', 1),
(21, 'Gia', 'Beevers', '1', '21', 4, 233, '91.123.1.21', '9A:8C:DF:32:8D:S4', '2016-02-29', 1),
(22, 'Helene', 'Aikin', '1', '22', 3, 10, '91.123.1.22', '9A:8C:DF:37:8D:S3', '2016-02-29', 1),
(23, 'Cheryl', 'Benedict', '1', '23', 5, 184, '91.123.1.23', '9A:8C:DF:81:6D:S4', '2016-02-29', 1),
(24, 'Eleanor', 'Braxton', '1', '24', 4, 208, NULL, '9A:8C:DF:98:5D:S2', '2016-02-29', 1),
(25, 'Carolynn', 'Adcock', '1', '25', 2, 187, NULL, '9A:8C:DF:86:0D:S7', '2016-02-29', 1),
(26, 'Deanne', 'Alexander', '1', '26', 6, 244, '91.123.1.26', '9A:8C:DF:35:4D:S6', '2016-02-29', 1),
(27, 'Edna', 'B', '1', '27', 6, 120, '91.123.1.27', '9A:8C:DF:36:4D:S4', '2016-02-29', 1),
(28, 'Dorothy', 'Barber', '1', '28', 6, 221, '91.123.1.28', '9A:8C:DF:14:5D:S9', '2016-02-29', 1),
(29, 'Cecily', 'Braceful', '1', '29', 4, 29, '91.123.1.29', '9A:8C:DF:04:5D:S1', '2016-02-29', 1),
(30, 'Averil', 'Acheson', '1', '30', 2, 206, '91.123.1.30', '9A:8C:DF:74:5D:S0', '2016-02-29', 1),
(31, 'Lois', 'Allum', '1', '31', 4, 170, '91.123.1.31', '9A:8C:DF:71:7D:S2', '2016-02-29', 1),
(32, 'K', 'Bird', '1', '32', 6, 108, '91.123.1.32', '9A:8C:DF:23:6D:S2', '2016-02-29', 1),
(33, 'Charis', 'Bancroft', '1', '33', 2, 143, '91.123.1.33', '9A:8C:DF:82:0D:S3', '2016-02-29', 1),
(34, 'June', 'Bottrill', '1', '34', 4, 127, '91.123.1.34', '9A:8C:DF:11:8D:S5', '2016-02-29', 1),
(35, 'Charmaine', 'Blackett', '1', '35', 1, 130, '91.123.1.35', '9A:8C:DF:37:8D:S7', '2016-02-29', 1),
(36, 'Gwen', 'Bowers', '1', '36', 5, 252, '91.123.1.36', '9A:8C:DF:95:5D:S3', '2016-02-29', 1),
(37, 'Cynthia', 'Beal', '1', '37', 2, 103, '91.123.1.37', '9A:8C:DF:44:6D:S9', '2016-02-29', 1),
(38, 'Adele', 'Bawden', '1', '38', 4, 246, '91.123.1.38', '9A:8C:DF:56:5D:S3', '2016-02-29', 1),
(39, 'Joanna', 'Brayton', '1', '39', 1, 154, '91.123.1.39', '9A:8C:DF:60:7D:S4', '2016-02-29', 1),
(40, 'Ida', 'Acheson', '1', '40', 5, 10, '91.123.1.40', '9A:8C:DF:88:4D:S4', '2016-02-29', 1),
(41, 'Elizabeth', 'Burbridge', '1', '41', 6, 240, NULL, '9A:8C:DF:20:3D:S6', '2016-02-29', 1),
(42, 'Alice', 'Bowes', '1', '42', 3, 187, '91.123.1.42', '9A:8C:DF:88:2D:S5', '2016-02-29', 1),
(43, 'Judith', 'Burke', '1', '43', 6, 212, '91.123.1.43', '9A:8C:DF:96:6D:S3', '2016-02-29', 1),
(44, 'Gertie', 'Adin', '1', '44', 3, 97, '91.123.1.44', '9A:8C:DF:20:5D:S1', '2016-02-29', 1),
(45, 'Janie', 'Breckenridge', '1', '45', 4, 105, '91.123.1.45', '9A:8C:DF:67:1D:S9', '2016-02-29', 1),
(46, 'Cynthia', 'Brayton', '1', '46', 4, 76, '91.123.1.46', '9A:8C:DF:24:1D:S7', '2016-02-29', 1),
(47, 'Faith', 'Bentley', '1', '47', 2, 217, NULL, '9A:8C:DF:53:0D:S6', '2016-02-29', 1),
(48, 'Lilla', 'Beacham', '1', '48', 5, 119, '91.123.1.48', '9A:8C:DF:53:1D:S5', '2016-02-29', 1),
(49, 'F', 'Ayrton', '1', '49', 4, 137, '91.123.1.49', '9A:8C:DF:38:0D:S1', '2016-02-29', 1),
(50, 'Chloe', 'Adin', '1', '50', 4, 21, '91.123.1.50', '9A:8C:DF:06:1D:S1', '2016-02-29', 1),
(51, 'Dulcie', 'Burnham', '1', '51', 2, 158, '91.123.1.51', '9A:8C:DF:98:9D:S3', '2016-02-29', 1),
(52, 'I', 'Botterill', '1', '52', 2, 137, '91.123.1.52', '9A:8C:DF:30:8D:S1', '2016-02-29', 1),
(53, 'Leyna', 'Blackmon', '1', '53', 1, 137, '91.123.1.53', '9A:8C:DF:15:9D:S0', '2016-02-29', 1),
(54, 'Alvina', 'Brickman', '1', '54', 3, 25, '91.123.1.54', '9A:8C:DF:23:1D:S7', '2016-02-29', 1),
(55, 'Irene', 'Ackroyd', '1', '55', 3, 206, '91.123.1.55', '9A:8C:DF:40:0D:S3', '2016-02-29', 1),
(56, 'Cheryl', 'Breckenridge', '1', '56', 4, 158, '91.123.1.56', '9A:8C:DF:29:6D:S2', '2016-02-29', 1),
(57, 'Amber', 'Butche', '1', '57', 6, 214, '91.123.1.57', '9A:8C:DF:59:8D:S9', '2016-02-29', 1),
(58, 'Daphne', 'Berkeley', '1', '58', 4, 274, '91.123.1.58', '9A:8C:DF:36:4D:S0', '2016-02-29', 1),
(59, 'Gemma', 'Atkinson', '1', '59', 2, 158, NULL, '9A:8C:DF:64:3D:S9', '2016-02-29', 1),
(60, 'Jennifer', 'Aikin', '1', '60', 5, 220, '91.123.1.60', '9A:8C:DF:04:4D:S8', '2016-02-29', 1),
(61, 'Gwen', 'Bingham', '1', '61', 6, 29, NULL, '9A:8C:DF:92:9D:S5', '2016-02-29', 1),
(62, 'Addys', 'Bence', '1', '62', 4, 34, NULL, '9A:8C:DF:29:7D:S0', '2016-02-29', 1),
(63, 'Gia', 'Ardley', '1', '63', 5, 108, NULL, '9A:8C:DF:44:5D:S2', '2016-02-29', 1),
(64, 'Lila', 'Beanland', '1', '64', 2, 248, NULL, '9A:8C:DF:64:2D:S2', '2016-02-29', 1),
(65, 'Charisse', 'Butche', '1', '65', 2, 48, '91.123.1.65', '9A:8C:DF:29:5D:S6', '2016-02-29', 1),
(66, 'Jessica', 'Brickman', '1', '66', 3, 167, '91.123.1.66', '9A:8C:DF:01:8D:S3', '2016-02-29', 1),
(67, 'Leanne', 'Biggins', '1', '67', 4, 53, '91.123.1.67', '9A:8C:DF:80:6D:S9', '2016-02-29', 1),
(68, 'Alison', 'Baxter', '1', '68', 2, 75, NULL, '9A:8C:DF:33:3D:S8', '2016-02-29', 1),
(69, 'Emma', 'Babbs', '1', '69', 6, 27, '91.123.1.69', '9A:8C:DF:06:2D:S2', '2016-02-29', 1),
(70, 'Eudora', 'Berker', '2', '1', 4, 62, NULL, '9A:8C:DF:97:2D:S3', '2016-02-29', 1),
(71, 'Eva', 'Blackburne', '2', '2', 5, 210, '91.123.1.71', '9A:8C:DF:10:5D:S2', '2016-02-29', 1),
(72, 'Heidi', 'Beal', '2', '3', 2, 154, '91.123.1.72', '9A:8C:DF:89:8D:S1', '2016-02-29', 1),
(73, 'Jenna', 'Allard', '2', '4', 3, 101, '91.123.1.73', '9A:8C:DF:21:9D:S6', '2016-02-29', 1),
(74, 'Lorna', 'Bradley', '2', '5', 4, 169, '91.123.1.74', '9A:8C:DF:66:7D:S5', '2016-02-29', 1),
(75, 'Dolores', 'Bell', '2', '6', 2, 56, '91.123.1.75', '9A:8C:DF:93:9D:S4', '2016-02-29', 1),
(76, 'Amelia', 'Adelson', '2', '7', 3, 147, '91.123.1.76', '9A:8C:DF:60:7D:S9', '2016-02-29', 1),
(77, 'Adele', 'Arnold', '2', '8', 3, 175, '91.123.1.77', '9A:8C:DF:74:0D:S5', '2016-02-29', 1),
(78, 'Aubrey', 'Alderman', '2', '9', 6, 171, '91.123.1.78', '9A:8C:DF:73:9D:S4', '2016-02-29', 1),
(79, 'June', 'Bentley', '2', '10', 1, 3, '91.123.1.79', '9A:8C:DF:48:5D:S8', '2016-02-29', 1),
(80, 'Gwen', 'Beale', '2', '11', 4, 254, NULL, '9A:8C:DF:88:1D:S4', '2016-02-29', 1),
(81, 'K', 'Bracey', '2', '12', 3, 275, NULL, '9A:8C:DF:39:0D:S7', '2016-02-29', 1),
(82, 'G', 'Aikin', '2', '13', 2, 17, NULL, '9A:8C:DF:00:4D:S5', '2016-02-29', 1),
(83, 'Isla', 'Butche', '2', '14', 3, 169, NULL, '9A:8C:DF:98:1D:S8', '2016-02-29', 1),
(84, 'Crystal', 'Beaton', '2', '15', 5, 161, '91.123.1.84', '9A:8C:DF:97:9D:S0', '2016-02-29', 1),
(85, 'Daisy', 'Beasant', '2', '16', 2, 7, '91.123.1.85', '9A:8C:DF:54:1D:S0', '2016-02-29', 1),
(86, 'Imelda', 'Bonniwell', '2', '17', 4, 113, NULL, '9A:8C:DF:80:4D:S4', '2016-02-29', 1),
(87, 'Drusilla', 'Brandis', '2', '18', 4, 119, '91.123.1.87', '9A:8C:DF:45:7D:S8', '2016-02-29', 1),
(88, 'Jennifer', 'Aylesworth', '2', '19', 4, 107, '91.123.1.88', '9A:8C:DF:41:9D:S2', '2016-02-29', 1),
(89, 'Laura', 'Allred', '2', '20', 3, 283, '91.123.1.89', '9A:8C:DF:52:8D:S3', '2016-02-29', 1),
(90, 'Dolores', 'Barry', '2', '21', 5, 243, '91.123.1.90', '9A:8C:DF:20:8D:S5', '2016-02-29', 1),
(91, 'Laura', 'Bottrill', '2', '22', 4, 169, '91.123.1.91', '9A:8C:DF:99:0D:S0', '2016-02-29', 1),
(92, 'Cassandra', 'Bracey', '2', '23', 1, 152, NULL, '9A:8C:DF:32:5D:S0', '2016-02-29', 1),
(93, 'Gwenda', 'Bagshaw', '2', '24', 3, 64, '91.123.1.93', '9A:8C:DF:90:5D:S4', '2016-02-29', 1),
(94, 'D', 'Abbott', '2', '25', 3, 282, '91.123.1.94', '9A:8C:DF:31:4D:S9', '2016-02-29', 1),
(95, 'Celestia', 'Begley', '2', '26', 4, 75, '91.123.1.95', '9A:8C:DF:28:5D:S4', '2016-02-29', 1),
(96, 'Hannah', 'Brayton', '2', '27', 1, 131, '91.123.1.96', '9A:8C:DF:61:4D:S9', '2016-02-29', 1),
(97, 'Enid', 'Bowyer', '2', '28', 1, 281, '91.123.1.97', '9A:8C:DF:63:7D:S8', '2016-02-29', 1),
(98, 'Gwendolen', 'Bartholomew', '2', '29', 5, 52, '91.123.1.98', '9A:8C:DF:55:8D:S0', '2016-02-29', 1),
(99, 'Ellen', 'Barker', '2', '30', 1, 177, '91.123.1.99', '9A:8C:DF:65:9D:S9', '2016-02-29', 1),
(100, 'Joelle', 'Broughton', '2', '31', 3, 90, '91.123.1.100', '9A:8C:DF:44:6D:S9', '2016-02-29', 1),
(101, 'Diana', 'B', '2', '32', 6, 82, '91.123.1.101', '9A:8C:DF:53:2D:S9', '2016-02-29', 1),
(102, 'Charisse', 'Beacham', '2', '33', 2, 149, '91.123.1.102', '9A:8C:DF:55:1D:S9', '2016-02-29', 1),
(103, 'Dorothy', 'Broughton', '2', '34', 1, 156, '91.123.1.103', '9A:8C:DF:07:6D:S8', '2016-02-29', 1),
(104, 'Brenda', 'Babbage', '2', '35', 6, 121, '91.123.1.104', '9A:8C:DF:56:4D:S4', '2016-02-29', 1),
(105, 'Alvina', 'Ashley-Cooper', '2', '36', 6, 235, '91.123.1.105', '9A:8C:DF:36:4D:S6', '2016-02-29', 1),
(106, 'Cristalyn', 'Babbage', '2', '37', 2, 242, '91.123.1.106', '9A:8C:DF:14:8D:S1', '2016-02-29', 1),
(107, 'Louis', 'Bromley-Davenport', '2', '38', 2, 69, '91.123.1.107', '9A:8C:DF:66:4D:S0', '2016-02-29', 1),
(108, 'Angel', 'Brickman', '2', '39', 6, 208, '91.123.1.108', '9A:8C:DF:01:8D:S1', '2016-02-29', 1),
(109, 'Hester', 'Bird', '2', '40', 4, 135, '91.123.1.109', '9A:8C:DF:03:2D:S3', '2016-02-29', 1),
(110, 'Genevieve', 'Barker', '2', '41', 2, 142, '91.123.1.110', '9A:8C:DF:54:5D:S4', '2016-02-29', 1),
(111, 'Dawn', 'Bragg', '2', '42', 4, 65, '91.123.1.111', '9A:8C:DF:33:0D:S3', '2016-02-29', 1),
(112, 'F', 'Bird', '2', '43', 2, 44, '91.123.1.112', '9A:8C:DF:99:7D:S1', '2016-02-29', 1),
(113, 'Edith', 'Bedford', '2', '44', 6, 279, '91.123.1.113', '9A:8C:DF:93:0D:S8', '2016-02-29', 1),
(114, 'Daphne', 'Bercow', '2', '45', 1, 142, NULL, '9A:8C:DF:32:3D:S6', '2016-02-29', 1),
(115, 'Gwen', 'Blackburne', '2', '46', 6, 32, NULL, '9A:8C:DF:86:4D:S8', '2016-02-29', 1),
(116, 'Charlotte', 'Altman', '2', '47', 4, 204, '91.123.1.116', '9A:8C:DF:77:3D:S0', '2016-02-29', 1),
(117, 'Georgiana', 'Baynton', '2', '48', 3, 197, '91.123.1.117', '9A:8C:DF:67:1D:S2', '2016-02-29', 1),
(118, 'Charmaine', 'Aykroyd', '3', '1', 5, 228, '91.123.1.118', '9A:8C:DF:31:1D:S8', '2016-02-29', 1),
(119, 'Gaynor', 'Abbot', '3', '2', 5, 13, '91.123.1.119', '9A:8C:DF:04:8D:S3', '2016-02-29', 1),
(120, 'Eunice', 'Biggins', '3', '3', 6, 70, '91.123.1.120', '9A:8C:DF:60:7D:S9', '2016-02-29', 1),
(121, 'Georgiana', 'Allard', '3', '4', 4, 218, '91.123.1.121', '9A:8C:DF:86:4D:S1', '2016-02-29', 1),
(122, 'Glenda', 'Barker', '3', '5', 1, 148, '91.123.1.122', '9A:8C:DF:59:3D:S4', '2016-02-29', 1),
(123, 'Joanna', 'Basford', '3', '6', 3, 51, '91.123.1.123', '9A:8C:DF:73:4D:S7', '2016-02-29', 1),
(124, 'Daphne', 'Aikin', '3', '7', 5, 173, '91.123.1.124', '9A:8C:DF:03:1D:S5', '2016-02-29', 1),
(125, 'D', 'Brazier', '3', '8', 1, 28, '91.123.1.125', '9A:8C:DF:68:9D:S2', '2016-02-29', 1),
(126, 'Gia', 'Adkins', '3', '9', 1, 283, '91.123.1.126', '9A:8C:DF:81:5D:S8', '2016-02-29', 1),
(127, 'Harriet', 'Basford', '3', '10', 2, 80, '91.123.1.127', '9A:8C:DF:31:1D:S0', '2016-02-29', 1),
(128, 'Joey', 'Adin', '3', '11', 2, 226, '91.123.1.128', '9A:8C:DF:30:1D:S0', '2016-02-29', 1),
(129, 'Davina', 'Bloomfield', '3', '12', 5, 149, '91.123.1.129', '9A:8C:DF:25:4D:S8', '2016-02-29', 1),
(130, 'Eileen', 'Bates', '3', '13', 2, 156, '91.123.1.130', '9A:8C:DF:01:8D:S4', '2016-02-29', 1),
(131, 'Dora', 'Alderdice', '3', '14', 4, 295, '91.123.1.131', '9A:8C:DF:96:7D:S1', '2016-02-29', 1),
(132, 'Gia', 'Bréhal', '3', '15', 5, 0, '91.123.1.132', '9A:8C:DF:88:5D:S1', '2016-02-29', 1),
(133, 'Jane', 'Anstead', '3', '16', 2, 224, '91.123.1.133', '9A:8C:DF:85:5D:S6', '2016-02-29', 1),
(134, 'Karen', 'Aykroyd', '3', '17', 1, 52, '91.123.1.134', '9A:8C:DF:98:9D:S7', '2016-02-29', 1),
(135, 'Amber', 'Barraclough', '3', '18', 5, 46, '91.123.1.135', '9A:8C:DF:70:4D:S8', '2016-02-29', 1),
(136, 'Lilla', 'Beachum', '3', '19', 6, 206, NULL, '9A:8C:DF:20:4D:S3', '2016-02-29', 1),
(137, 'Alice', 'Broomhall', '3', '20', 5, 39, '91.123.1.137', '9A:8C:DF:49:8D:S0', '2016-02-29', 1),
(138, 'Lara', 'Beacham', '3', '21', 5, 122, '91.123.1.138', '9A:8C:DF:64:1D:S3', '2016-02-29', 1),
(139, 'Fiona', 'Bedford', '3', '22', 2, 283, '91.123.1.139', '9A:8C:DF:43:2D:S1', '2016-02-29', 1),
(140, 'Esty', 'Aikin', '3', '23', 1, 200, '91.123.1.140', '9A:8C:DF:09:4D:S1', '2016-02-29', 1),
(141, 'Cassandra', 'Austin', '3', '24', 3, 297, '91.123.1.141', '9A:8C:DF:14:5D:S4', '2016-02-29', 1),
(142, 'Alison', 'Beevers', '3', '25', 3, 262, '91.123.1.142', '9A:8C:DF:73:2D:S4', '2016-02-29', 1),
(143, 'Autumn', 'Alderman', '3', '26', 3, 145, '91.123.1.143', '9A:8C:DF:92:1D:S3', '2016-02-29', 1),
(144, 'Angel', 'Astley', '3', '27', 3, 257, '91.123.1.144', '9A:8C:DF:95:6D:S9', '2016-02-29', 1),
(145, 'Heidi', 'Beer', '3', '28', 3, 221, '91.123.1.145', '9A:8C:DF:40:8D:S1', '2016-02-29', 1),
(146, 'Deanna', 'Bingham', '3', '29', 3, 196, '91.123.1.146', '9A:8C:DF:45:9D:S3', '2016-02-29', 1),
(147, 'Cleo', 'Bottomley', '3', '30', 1, 59, NULL, '9A:8C:DF:69:2D:S8', '2016-02-29', 1),
(148, 'Cheryl', 'Bedingfeld', '3', '31', 6, 149, '91.123.1.148', '9A:8C:DF:36:4D:S6', '2016-02-29', 1),
(149, 'Gwenda', 'Bloodworth', '3', '32', 4, 191, '91.123.1.149', '9A:8C:DF:47:8D:S8', '2016-02-29', 1),
(150, 'Emma', 'B', '3', '33', 1, 207, '91.123.1.150', '9A:8C:DF:56:6D:S2', '2016-02-29', 1),
(151, 'Jacqueline', 'Bowyer', '3', '34', 6, 295, '91.123.1.151', '9A:8C:DF:44:5D:S3', '2016-02-29', 1),
(152, 'Harriet', 'Beachum', '3', '35', 6, 92, '91.123.1.152', '9A:8C:DF:91:5D:S4', '2016-02-29', 1),
(153, 'Averil', 'Brackman', '3', '36', 1, 133, '91.123.1.153', '9A:8C:DF:13:0D:S4', '2016-02-29', 1),
(154, 'Harriet', 'Berkeley', '3', '37', 1, 62, '91.123.1.154', '9A:8C:DF:81:7D:S6', '2016-02-29', 1),
(155, 'Jolie', 'Biggins', '3', '38', 5, 61, NULL, '9A:8C:DF:40:1D:S0', '2016-02-29', 1),
(156, 'Estelle', 'Beamont', '3', '39', 3, 285, '91.123.1.156', '9A:8C:DF:36:6D:S9', '2016-02-29', 1),
(157, 'Galenka', 'Bréhal', '3', '40', 2, 219, NULL, '9A:8C:DF:89:9D:S6', '2016-02-29', 1),
(158, 'Leah', 'Bedford', '3', '41', 6, 279, '91.123.1.158', '9A:8C:DF:32:4D:S6', '2016-02-29', 1),
(159, 'Lila', 'Blackett', '3', '42', 3, 190, '91.123.1.159', '9A:8C:DF:73:2D:S2', '2016-02-29', 1),
(160, 'Cadence', 'Berker', '3', '43', 2, 108, '91.123.1.160', '9A:8C:DF:07:7D:S8', '2016-02-29', 1),
(161, 'C', 'Bowers', '3', '44', 3, 65, '91.123.1.161', '9A:8C:DF:65:7D:S0', '2016-02-29', 1),
(162, 'Harriet', 'Blackman', '3', '45', 4, 247, '91.123.1.162', '9A:8C:DF:12:2D:S9', '2016-02-29', 1),
(163, 'Bridget', 'Bracey', '4', '1', 6, 8, '91.123.1.163', '9A:8C:DF:51:7D:S3', '2016-02-29', 1),
(164, 'Fiona', 'Beck', '4', '2', 2, 49, '91.123.1.164', '9A:8C:DF:45:2D:S8', '2016-02-29', 1),
(165, 'Irene', 'Akehurst', '4', '3', 5, 259, '91.123.1.165', '9A:8C:DF:75:5D:S5', '2016-02-29', 1),
(166, 'Davina', 'Beal', '4', '4', 1, 41, '91.123.1.166', '9A:8C:DF:00:5D:S6', '2016-02-29', 1),
(167, 'Cristalyn', 'Boothby', '4', '5', 3, 157, NULL, '9A:8C:DF:12:8D:S3', '2016-02-29', 1),
(168, 'Arda', 'Armitstead', '4', '6', 5, 142, '91.123.1.168', '9A:8C:DF:30:2D:S4', '2016-02-29', 1),
(169, 'Augusta', 'Aylesworth', '4', '7', 5, 129, '91.123.1.169', '9A:8C:DF:44:1D:S6', '2016-02-29', 1),
(170, 'J', 'Brickman', '4', '8', 3, 28, NULL, '9A:8C:DF:98:1D:S5', '2016-02-29', 1),
(171, 'Gwendolen', 'Acton', '4', '9', 6, 279, NULL, '9A:8C:DF:54:8D:S0', '2016-02-29', 1),
(172, 'Jemma', 'Axon', '4', '10', 6, 106, '91.123.1.172', '9A:8C:DF:40:2D:S8', '2016-02-29', 1),
(173, 'Elizabeth', 'Burbridge', '4', '11', 5, 221, '91.123.1.173', '9A:8C:DF:83:9D:S2', '2016-02-29', 1),
(174, 'Candy', 'Braceful', '4', '12', 3, 169, '91.123.1.174', '9A:8C:DF:86:4D:S9', '2016-02-29', 1),
(175, 'Joanne', 'Baines', '4', '13', 5, 180, '91.123.1.175', '9A:8C:DF:06:2D:S5', '2016-02-29', 1),
(176, 'Averil', 'Beardsley', '4', '14', 4, 173, '91.123.1.176', '9A:8C:DF:31:3D:S8', '2016-02-29', 1),
(177, 'Faith', 'Adlam', '4', '15', 2, 280, '91.123.1.177', '9A:8C:DF:86:4D:S2', '2016-02-29', 1),
(178, 'Glenda', 'Ashbee', '4', '16', 3, 67, '91.123.1.178', '9A:8C:DF:85:2D:S4', '2016-02-29', 1),
(179, 'Jacqui', 'Bromfield', '4', '17', 6, 40, '91.123.1.179', '9A:8C:DF:43:5D:S8', '2016-02-29', 1),
(180, 'Ella', 'Bethune', '4', '18', 3, 72, '91.123.1.180', '9A:8C:DF:10:5D:S9', '2016-02-29', 1),
(181, 'Genevieve', 'Brightwell', '4', '19', 3, 273, NULL, '9A:8C:DF:61:3D:S9', '2016-02-29', 1),
(182, 'H', 'Bennett', '4', '20', 6, 50, '91.123.1.182', '9A:8C:DF:45:8D:S3', '2016-02-29', 1),
(183, 'Leyna', 'Bromley-Davenport', '4', '21', 4, 204, '91.123.1.183', '9A:8C:DF:30:3D:S6', '2016-02-29', 1),
(184, 'Genevieve', 'Berker', '4', '22', 4, 8, '91.123.1.184', '9A:8C:DF:67:0D:S5', '2016-02-29', 1),
(185, 'Lorelei', 'Ardley', '4', '23', 6, 32, '91.123.1.185', '9A:8C:DF:32:4D:S5', '2016-02-29', 1),
(186, 'Averil', 'Barnet', '4', '24', 2, 260, NULL, '9A:8C:DF:23:9D:S2', '2016-02-29', 1),
(187, 'Hannah', 'Bedser', '4', '25', 5, 114, '91.123.1.187', '9A:8C:DF:69:2D:S0', '2016-02-29', 1),
(188, 'Jaime', 'Brimson', '4', '26', 2, 23, '91.123.1.188', '9A:8C:DF:85:3D:S2', '2016-02-29', 1),
(189, 'Diana', 'Atkin', '4', '27', 2, 142, '91.123.1.189', '9A:8C:DF:28:0D:S5', '2016-02-29', 1),
(190, 'Destiny', 'Brickman', '4', '28', 5, 163, '91.123.1.190', '9A:8C:DF:61:6D:S4', '2016-02-29', 1),
(191, 'F', 'Alderdice', '4', '29', 6, 206, '91.123.1.191', '9A:8C:DF:93:6D:S5', '2016-02-29', 1),
(192, 'Christina', 'Bancroft', '4', '30', 2, 218, '91.123.1.192', '9A:8C:DF:86:4D:S8', '2016-02-29', 1),
(193, 'Abigail', 'Archer', '4', '31', 1, 67, NULL, '9A:8C:DF:29:3D:S3', '2016-02-29', 1),
(194, 'Jacqueline', 'Bowers', '4', '32', 1, 246, '91.123.1.194', '9A:8C:DF:73:9D:S8', '2016-02-29', 1),
(195, 'Alvina', 'Bloomer', '4', '33', 2, 78, '91.123.1.195', '9A:8C:DF:60:0D:S0', '2016-02-29', 1),
(196, 'Drusilla', 'Blackett', '4', '34', 2, 150, '91.123.1.196', '9A:8C:DF:77:9D:S3', '2016-02-29', 1),
(197, 'Aubrey', 'Beckles', '4', '35', 3, 180, '91.123.1.197', '9A:8C:DF:39:9D:S9', '2016-02-29', 1),
(198, 'Fiona', 'Bingham', '4', '36', 1, 126, '91.123.1.198', '9A:8C:DF:03:5D:S7', '2016-02-29', 1),
(199, 'Judith', 'Aitchison', '4', '37', 1, 59, '91.123.1.199', '9A:8C:DF:01:4D:S5', '2016-02-29', 1),
(200, 'Annabel', 'Atkinson', '4', '38', 3, 137, NULL, '9A:8C:DF:32:3D:S7', '2016-02-29', 1),
(201, 'Kim', 'Beachum', '4', '39', 3, 183, '91.123.1.201', '9A:8C:DF:06:9D:S9', '2016-02-29', 1),
(202, 'Augusta', 'Aikin', '4', '40', 2, 19, '91.123.1.202', '9A:8C:DF:94:1D:S1', '2016-02-29', 1),
(203, 'Charis', 'Bragg', '4', '41', 1, 65, NULL, '9A:8C:DF:32:6D:S7', '2016-02-29', 1),
(204, 'Cristalyn', 'Axton', '4', '42', 1, 66, NULL, '9A:8C:DF:81:1D:S9', '2016-02-29', 1),
(205, 'Jenna', 'Armfield', '4', '43', 4, 255, NULL, '9A:8C:DF:73:8D:S6', '2016-02-29', 1),
(206, 'Gwendoline', 'Brightwell', '4', '44', 2, 60, NULL, '9A:8C:DF:63:9D:S9', '2016-02-29', 1),
(207, 'Laura', 'Berry', '4', '45', 1, 99, '91.123.1.207', '9A:8C:DF:30:9D:S6', '2016-02-29', 1),
(208, 'Carmelita', 'Babbage', '4', '46', 4, 136, NULL, '9A:8C:DF:34:5D:S3', '2016-02-29', 1),
(209, 'Charlotte', 'Brinkley', '4', '47', 5, 22, '91.123.1.209', '9A:8C:DF:37:8D:S6', '2016-02-29', 1),
(210, 'J', 'Ashbee', '5', '1', 4, 16, '91.123.1.210', '9A:8C:DF:56:6D:S2', '2016-02-29', 1),
(211, 'Chelsea', 'Barker', '5', '2', 5, 151, NULL, '9A:8C:DF:65:0D:S7', '2016-02-29', 1),
(212, 'Alaina', 'Barraclough', '5', '3', 2, 270, '91.123.1.212', '9A:8C:DF:39:3D:S6', '2016-02-29', 1),
(213, 'Alice', 'Ayrton', '5', '4', 5, 27, '91.123.1.213', '9A:8C:DF:68:9D:S7', '2016-02-29', 1),
(214, 'Helena', 'Axford', '5', '5', 4, 279, NULL, '9A:8C:DF:36:2D:S1', '2016-02-29', 1),
(215, 'Lara', 'Acheson', '5', '6', 1, 122, '91.123.1.215', '9A:8C:DF:79:7D:S9', '2016-02-29', 1),
(216, 'F', 'Beaton', '5', '7', 1, 135, '91.123.1.216', '9A:8C:DF:48:3D:S7', '2016-02-29', 1),
(217, 'Galenka', 'Bragg', '5', '8', 5, 216, '91.123.1.217', '9A:8C:DF:80:8D:S0', '2016-02-29', 1),
(218, 'Isla', 'Blair', '5', '9', 5, 66, '91.123.1.218', '9A:8C:DF:40:6D:S1', '2016-02-29', 1),
(219, 'Ivy', 'Beeby', '5', '10', 1, 41, '91.123.1.219', '9A:8C:DF:93:3D:S6', '2016-02-29', 1),
(220, 'Crystal', 'Barber', '5', '11', 3, 102, '91.123.1.220', '9A:8C:DF:21:6D:S0', '2016-02-29', 1),
(221, 'Dorothy', 'Ardley', '5', '12', 6, 98, NULL, '9A:8C:DF:09:8D:S2', '2016-02-29', 1),
(222, 'Celia', 'Bidder', '5', '13', 2, 153, NULL, '9A:8C:DF:61:4D:S4', '2016-02-29', 1),
(223, 'Fiona', 'Beeby', '5', '14', 3, 191, '91.123.1.223', '9A:8C:DF:19:4D:S7', '2016-02-29', 1),
(224, 'Claribel', 'Blackmon', '5', '15', 6, 17, '91.123.1.224', '9A:8C:DF:32:7D:S3', '2016-02-29', 1),
(225, 'Angel', 'Aitch', '5', '16', 4, 298, '91.123.1.225', '9A:8C:DF:95:5D:S0', '2016-02-29', 1),
(226, 'Judith', 'Bott', '5', '17', 1, 299, '91.123.1.226', '9A:8C:DF:26:8D:S3', '2016-02-29', 1),
(227, 'Harriet', 'Babbs', '5', '18', 5, 78, '91.123.1.227', '9A:8C:DF:79:1D:S3', '2016-02-29', 1),
(228, 'Adele', 'Baily', '5', '19', 6, 171, NULL, '9A:8C:DF:58:1D:S1', '2016-02-29', 1),
(229, 'Carlene', 'Berry', '5', '20', 6, 0, '91.123.1.229', '9A:8C:DF:34:2D:S2', '2016-02-29', 1),
(230, 'Ella', 'Adlam', '5', '21', 1, 252, '91.123.1.230', '9A:8C:DF:82:6D:S8', '2016-02-29', 1),
(231, 'Josephine', 'Beal', '5', '22', 2, 283, NULL, '9A:8C:DF:81:8D:S2', '2016-02-29', 1),
(232, 'Felicity', 'Adin', '5', '23', 1, 285, '91.123.1.232', '9A:8C:DF:10:3D:S7', '2016-02-29', 1),
(233, 'Andrea', 'Beanland', '5', '24', 4, 24, '91.123.1.233', '9A:8C:DF:32:0D:S1', '2016-02-29', 1),
(234, 'Lorelei', 'Butche', '5', '25', 4, 133, '91.123.1.234', '9A:8C:DF:47:7D:S1', '2016-02-29', 1),
(235, 'Cadence', 'Burns', '5', '26', 2, 42, '91.123.1.235', '9A:8C:DF:32:8D:S2', '2016-02-29', 1),
(236, 'Averil', 'Blyth', '5', '27', 4, 244, NULL, '9A:8C:DF:59:2D:S7', '2016-02-29', 1),
(237, 'Angel', 'Armitstead', '5', '28', 5, 175, '91.123.1.237', '9A:8C:DF:15:3D:S1', '2016-02-29', 1),
(238, 'Esty', 'Alexander', '5', '29', 5, 238, '91.123.1.238', '9A:8C:DF:91:2D:S2', '2016-02-29', 1),
(239, 'E', 'Bromfield', '5', '30', 3, 17, '91.123.1.239', '9A:8C:DF:34:8D:S8', '2016-02-29', 1),
(240, 'Dulcie', 'Allum', '5', '31', 2, 296, '91.123.1.240', '9A:8C:DF:27:5D:S0', '2016-02-29', 1),
(241, 'Deborah', 'Atkin', '5', '32', 1, 67, '91.123.1.241', '9A:8C:DF:75:6D:S0', '2016-02-29', 1),
(242, 'Lorna', 'Bowie', '5', '33', 2, 7, NULL, '9A:8C:DF:83:7D:S2', '2016-02-29', 1),
(243, 'Imelda', 'Bromfield', '5', '34', 1, 227, '91.123.1.243', '9A:8C:DF:58:0D:S2', '2016-02-29', 1),
(244, 'Alberta', 'Brewster', '5', '35', 1, 267, NULL, '9A:8C:DF:01:3D:S7', '2016-02-29', 1),
(245, 'Imogen', 'Beasant', '5', '36', 5, 120, '91.123.1.245', '9A:8C:DF:20:3D:S0', '2016-02-29', 1),
(246, 'Lauren', 'Beanland', '5', '37', 6, 164, '91.123.1.246', '9A:8C:DF:85:5D:S9', '2016-02-29', 1),
(247, 'Joelle', 'Alexander', '5', '38', 4, 172, '91.123.1.247', '9A:8C:DF:52:2D:S4', '2016-02-29', 1),
(248, 'Edwina', 'Auger', '5', '39', 5, 48, '91.123.1.248', '9A:8C:DF:56:2D:S0', '2016-02-29', 1),
(249, 'Arda', 'Beresford', '5', '40', 6, 255, '91.123.1.249', '9A:8C:DF:78:4D:S9', '2016-02-29', 1),
(250, 'Cecilia', 'Badley', '5', '41', 4, 243, '91.123.1.250', '9A:8C:DF:59:5D:S3', '2016-02-29', 1),
(251, 'Cecilia', 'Amory', '5', '42', 6, 146, '91.123.1.251', '9A:8C:DF:18:4D:S8', '2016-02-29', 1),
(252, 'Iona', 'Botterill', '5', '43', 4, 292, NULL, '9A:8C:DF:36:1D:S6', '2016-02-29', 1),
(253, 'Esty', 'Burbridge', '5', '44', 3, 5, NULL, '9A:8C:DF:80:6D:S4', '2016-02-29', 1),
(254, 'Beatrice', 'Barton', '5', '45', 6, 8, '91.123.1.254', '9A:8C:DF:72:8D:S9', '2016-02-29', 1),
(255, 'Innogen', 'Axton', '5', '46', 1, 168, '91.123.1.255', '9A:8C:DF:03:8D:S5', '2016-02-29', 1),
(256, 'Christina', 'Burbridge', '5', '47', 2, 233, '91.123.2.1', '9A:8C:DF:41:0D:S8', '2016-02-29', 1),
(257, 'K', 'Atkinson', '6', '1', 6, 129, '91.123.2.2', '9A:8C:DF:89:3D:S5', '2016-02-29', 1),
(258, 'Hannah', 'Barry', '6', '2', 3, 215, '91.123.2.3', '9A:8C:DF:99:3D:S3', '2016-02-29', 1),
(259, 'Clarissa', 'Bentley', '6', '3', 3, 3, NULL, '9A:8C:DF:79:8D:S0', '2016-02-29', 1),
(260, 'Betsy', 'Allard', '6', '4', 5, 234, '91.123.2.5', '9A:8C:DF:82:6D:S6', '2016-02-29', 1),
(261, 'Charmaine', 'Broom', '6', '5', 4, 276, '91.123.2.6', '9A:8C:DF:22:7D:S0', '2016-02-29', 1),
(262, 'Davina', 'Beamont', '6', '6', 4, 201, '91.123.2.7', '9A:8C:DF:28:0D:S6', '2016-02-29', 1),
(263, 'Innogen', 'Acheson', '6', '7', 4, 240, '91.123.2.8', '9A:8C:DF:65:3D:S5', '2016-02-29', 1),
(264, 'Brenda', 'Beasant', '6', '8', 3, 111, '91.123.2.9', '9A:8C:DF:79:1D:S3', '2016-02-29', 1),
(265, 'Cecilia', 'Braithwaite', '6', '9', 4, 152, NULL, '9A:8C:DF:80:7D:S1', '2016-02-29', 1),
(266, 'Averil', 'Bromfield', '6', '10', 4, 65, '91.123.2.11', '9A:8C:DF:52:0D:S5', '2016-02-29', 1),
(267, 'Deanna', 'Bell', '6', '11', 4, 100, '91.123.2.12', '9A:8C:DF:07:5D:S4', '2016-02-29', 1),
(268, 'Celia', 'Bragg', '6', '12', 6, 216, '91.123.2.13', '9A:8C:DF:74:6D:S9', '2016-02-29', 1),
(269, 'Avis', 'Bowie', '6', '13', 1, 298, '91.123.2.14', '9A:8C:DF:18:2D:S2', '2016-02-29', 1),
(270, 'Deanna', 'Burney', '6', '14', 5, 90, '91.123.2.15', '9A:8C:DF:12:7D:S5', '2016-02-29', 1),
(271, 'Clarissa', 'Bedford', '6', '15', 4, 175, '91.123.2.16', '9A:8C:DF:00:9D:S7', '2016-02-29', 1),
(272, 'Cleo', 'Bartholomew', '6', '16', 1, 52, '91.123.2.17', '9A:8C:DF:55:1D:S9', '2016-02-29', 1),
(273, 'Heidi', 'Barraclough', '6', '17', 3, 228, '91.123.2.18', '9A:8C:DF:07:9D:S1', '2016-02-29', 1),
(274, 'Belinda', 'Burdon', '6', '18', 3, 167, NULL, '9A:8C:DF:79:0D:S4', '2016-02-29', 1),
(275, 'Leah', 'Bugden', '6', '19', 3, 17, NULL, '9A:8C:DF:16:5D:S4', '2016-02-29', 1),
(276, 'Jessie', 'Bell', '6', '20', 6, 160, '91.123.2.21', '9A:8C:DF:77:2D:S7', '2016-02-29', 1),
(277, 'Kierra', 'Bottomley', '6', '21', 6, 250, NULL, '9A:8C:DF:09:3D:S9', '2016-02-29', 1),
(278, 'Annabel', 'Buckler', '6', '22', 5, 132, '91.123.2.23', '9A:8C:DF:19:0D:S8', '2016-02-29', 1),
(279, 'Kathleen', 'Blackburne', '6', '23', 3, 236, NULL, '9A:8C:DF:41:0D:S4', '2016-02-29', 1),
(280, 'Joanne', 'Barleycorn', '6', '24', 6, 129, NULL, '9A:8C:DF:89:7D:S5', '2016-02-29', 1),
(281, 'Effie', 'Brack', '6', '25', 6, 79, NULL, '9A:8C:DF:18:5D:S5', '2016-02-29', 1),
(282, 'Dulcie', 'Bush', '6', '26', 6, 111, '91.123.2.27', '9A:8C:DF:67:5D:S2', '2016-02-29', 1),
(283, 'Lorna', 'Bayntun', '6', '27', 5, 211, '91.123.2.28', '9A:8C:DF:90:5D:S7', '2016-02-29', 1),
(284, 'Helene', 'Broughton', '6', '28', 2, 267, NULL, '9A:8C:DF:36:5D:S3', '2016-02-29', 1),
(285, 'Irene', 'Beadon', '6', '29', 3, 259, '91.123.2.30', '9A:8C:DF:51:7D:S9', '2016-02-29', 1),
(286, 'Jemima', 'Beer', '6', '30', 6, 50, '91.123.2.31', '9A:8C:DF:71:1D:S3', '2016-02-29', 1),
(287, 'Caroline', 'Armitstead', '6', '31', 4, 111, NULL, '9A:8C:DF:37:3D:S9', '2016-02-29', 1),
(288, 'Emma', 'Burke', '6', '32', 3, 177, '91.123.2.33', '9A:8C:DF:61:7D:S9', '2016-02-29', 1),
(289, 'Destiny', 'Bonniwell', '6', '33', 6, 239, '91.123.2.34', '9A:8C:DF:26:1D:S9', '2016-02-29', 1),
(290, 'Karen', 'Bancroft', '6', '34', 2, 206, '91.123.2.35', '9A:8C:DF:15:9D:S5', '2016-02-29', 1),
(291, 'Lillian', 'Ashdown', '6', '35', 4, 64, '91.123.2.36', '9A:8C:DF:01:9D:S6', '2016-02-29', 1),
(292, 'Hero', 'Bell', '6', '36', 3, 141, NULL, '9A:8C:DF:65:4D:S3', '2016-02-29', 1),
(293, 'Julianne', 'Brinkley', '6', '37', 1, 188, '91.123.2.38', '9A:8C:DF:87:9D:S5', '2016-02-29', 1),
(294, 'Ellen', 'Bowes', '6', '38', 5, 130, '91.123.2.39', '9A:8C:DF:27:7D:S8', '2016-02-29', 1),
(295, 'Lila', 'Barton', '6', '39', 3, 235, '91.123.2.40', '9A:8C:DF:58:0D:S0', '2016-02-29', 1),
(296, 'Cleo', 'Beck', '6', '40', 1, 15, '91.123.2.41', '9A:8C:DF:48:1D:S3', '2016-02-29', 1),
(297, 'Berenice', 'Austin', '6', '41', 5, 287, '91.123.2.42', '9A:8C:DF:79:6D:S8', '2016-02-29', 1),
(298, 'Faith', 'Ardley', '6', '42', 6, 147, '91.123.2.43', '9A:8C:DF:65:9D:S5', '2016-02-29', 1),
(299, 'Lily', 'Aikin', '6', '43', 3, 40, '91.123.2.44', '9A:8C:DF:57:7D:S5', '2016-02-29', 1),
(300, 'Lorelei', 'Bayfield', '6', '44', 3, 269, '91.123.2.45', '9A:8C:DF:28:5D:S6', '2016-02-29', 1),
(301, 'Joan', 'Burns', '6', '45', 4, 124, '91.123.2.46', '9A:8C:DF:16:1D:S5', '2016-02-29', 1),
(302, 'Barbara', 'Brazier', '6', '46', 5, 9, NULL, '9A:8C:DF:70:2D:S1', '2016-02-29', 1),
(303, 'Leanne', 'Berry', '6', '47', 3, 110, '91.123.2.48', '9A:8C:DF:69:0D:S8', '2016-02-29', 1),
(304, 'Lorraine', 'Anstead', '6', '48', 4, 106, '91.123.2.49', '9A:8C:DF:58:6D:S9', '2016-02-29', 1),
(305, 'Kierra', 'Beeching', '6', '49', 5, 58, '91.123.2.50', '9A:8C:DF:43:4D:S0', '2016-02-29', 1),
(306, 'Felicity', 'Braxton', '6', '50', 4, 262, '91.123.2.51', '9A:8C:DF:77:4D:S4', '2016-02-29', 1),
(307, 'Chelsea', 'Bracey', '6', '51', 6, 280, '91.123.2.52', '9A:8C:DF:09:8D:S5', '2016-02-29', 1),
(308, 'Celinda', 'Bayer', '6', '52', 5, 118, '91.123.2.53', '9A:8C:DF:00:6D:S1', '2016-02-29', 1),
(309, 'Edith', 'Boot', '6', '53', 2, 0, '91.123.2.54', '9A:8C:DF:85:9D:S5', '2016-02-29', 1),
(310, 'Dora', 'Allard', '6', '54', 3, 251, '91.123.2.55', '9A:8C:DF:80:3D:S3', '2016-02-29', 1),
(311, 'Caroline', 'Bull', '6', '55', 3, 230, '91.123.2.56', '9A:8C:DF:39:4D:S2', '2016-02-29', 1),
(312, 'Cleo', 'Appleton', '6', '56', 5, 160, '91.123.2.57', '9A:8C:DF:25:0D:S9', '2016-02-29', 1),
(313, 'Cristalyn', 'Axtell', '6', '57', 6, 80, '91.123.2.58', '9A:8C:DF:05:8D:S3', '2016-02-29', 1),
(314, 'Emma', 'Bates', '6', '58', 2, 209, NULL, '9A:8C:DF:32:5D:S6', '2016-02-29', 1),
(315, 'Lettice', 'Beevers', '6', '59', 3, 84, '91.123.2.60', '9A:8C:DF:98:8D:S7', '2016-02-29', 1),
(316, 'Christabel', 'Butche', '6', '60', 1, 77, '91.123.2.61', '9A:8C:DF:99:8D:S8', '2016-02-29', 1),
(317, 'Eleanor', 'Buckler', '6', '61', 5, 23, '91.123.2.62', '9A:8C:DF:71:0D:S6', '2016-02-29', 1),
(318, 'Cleo', 'Brewster', '6', '62', 2, 111, '91.123.2.63', '9A:8C:DF:07:2D:S3', '2016-02-29', 1),
(319, 'Cathleen', 'Beresford', '6', '63', 3, 157, '91.123.2.64', '9A:8C:DF:66:6D:S2', '2016-02-29', 1),
(320, 'Gia', 'Bethune', '6', '64', 3, 85, '91.123.2.65', '9A:8C:DF:28:3D:S7', '2016-02-29', 1),
(321, 'L', 'Breckenridge', '6', '65', 6, 63, '91.123.2.66', '9A:8C:DF:12:0D:S4', '2016-02-29', 1),
(322, 'Giselle', 'Bugden', '6', '66', 3, 290, NULL, '9A:8C:DF:21:4D:S4', '2016-02-29', 1),
(323, 'Amelia', 'Bayntun', '6', '67', 1, 98, NULL, '9A:8C:DF:45:0D:S4', '2016-02-29', 1),
(324, 'Carlene', 'Bates', '6', '68', 2, 232, '91.123.2.69', '9A:8C:DF:03:1D:S2', '2016-02-29', 1),
(325, 'Joelle', 'Bowie', '6', '69', 4, 172, '91.123.2.70', '9A:8C:DF:98:3D:S8', '2016-02-29', 1),
(326, 'Dede', 'Almond', '6', '70', 5, 78, '91.123.2.71', '9A:8C:DF:74:3D:S1', '2016-02-29', 1),
(327, 'Gwen', 'Applegate', '6', '71', 5, 46, '91.123.2.72', '9A:8C:DF:96:8D:S2', '2016-02-29', 1),
(328, 'Amelia', 'Babbage', '6', '72', 6, 266, NULL, '9A:8C:DF:04:8D:S5', '2016-02-29', 1),
(329, 'Alice', 'Arden', '6', '73', 6, 208, '91.123.2.74', '9A:8C:DF:97:7D:S4', '2016-02-29', 1),
(330, 'Elizabeth', 'Almond', '7', '1', 2, 140, NULL, '9A:8C:DF:03:1D:S5', '2016-02-29', 1),
(331, 'Karen', 'Asbridge', '7', '2', 1, 116, '91.123.2.76', '9A:8C:DF:29:1D:S3', '2016-02-29', 1),
(332, 'Antonia', 'Blyth', '7', '3', 5, 42, '91.123.2.77', '9A:8C:DF:38:3D:S8', '2016-02-29', 1),
(333, 'Imelda', 'Bawden', '7', '4', 1, 141, '91.123.2.78', '9A:8C:DF:83:8D:S1', '2016-02-29', 1),
(334, 'Betsy', 'Beckles', '7', '5', 1, 9, '91.123.2.79', '9A:8C:DF:87:1D:S0', '2016-02-29', 1),
(335, 'Genevieve', 'Aitch', '7', '6', 4, 137, '91.123.2.80', '9A:8C:DF:37:7D:S5', '2016-02-29', 1),
(336, 'Claribel', 'Benedict', '7', '7', 3, 139, '91.123.2.81', '9A:8C:DF:95:4D:S5', '2016-02-29', 1),
(337, 'Enid', 'Barnet', '7', '8', 3, 228, '91.123.2.82', '9A:8C:DF:41:5D:S9', '2016-02-29', 1),
(338, 'Antonia', 'Aitch', '7', '9', 6, 1, '91.123.2.83', '9A:8C:DF:02:3D:S7', '2016-02-29', 1),
(339, 'Lettice', 'Atlee', '7', '10', 1, 74, '91.123.2.84', '9A:8C:DF:72:2D:S5', '2016-02-29', 1),
(340, 'Alvina', 'Bloodworth', '7', '11', 4, 138, '91.123.2.85', '9A:8C:DF:52:9D:S6', '2016-02-29', 1),
(341, 'Arda', 'Brandis', '7', '12', 4, 144, '91.123.2.86', '9A:8C:DF:93:9D:S6', '2016-02-29', 1),
(342, 'Charity', 'Ayrton', '7', '13', 4, 81, NULL, '9A:8C:DF:60:5D:S9', '2016-02-29', 1),
(343, 'Flora', 'Bawden', '7', '14', 4, 70, NULL, '9A:8C:DF:82:4D:S3', '2016-02-29', 1),
(344, 'Isla', 'Auger', '7', '15', 1, 234, '91.123.2.89', '9A:8C:DF:92:9D:S9', '2016-02-29', 1),
(345, 'Cynthia', 'Bird', '7', '16', 4, 272, NULL, '9A:8C:DF:50:7D:S0', '2016-02-29', 1),
(346, 'Lorelei', 'Blight', '7', '17', 2, 65, '91.123.2.91', '9A:8C:DF:68:3D:S5', '2016-02-29', 1),
(347, 'Agnes', 'Bromfield', '7', '18', 6, 181, '91.123.2.92', '9A:8C:DF:35:6D:S6', '2016-02-29', 1),
(348, 'Helene', 'Bréhal', '7', '19', 4, 175, NULL, '9A:8C:DF:57:6D:S5', '2016-02-29', 1),
(349, 'Amelia', 'Brackenridge', '7', '20', 2, 289, '91.123.2.94', '9A:8C:DF:73:7D:S0', '2016-02-29', 1),
(350, 'Leah', 'Bromley-Davenport', '7', '21', 6, 121, NULL, '9A:8C:DF:80:4D:S0', '2016-02-29', 1),
(351, 'Eudora', 'Ardley', '7', '22', 3, 159, NULL, '9A:8C:DF:53:7D:S8', '2016-02-29', 1),
(352, 'Cadence', 'Burney', '7', '23', 6, 267, '91.123.2.97', '9A:8C:DF:57:3D:S6', '2016-02-29', 1),
(353, 'Estelle', 'Bracey', '7', '24', 2, 127, NULL, '9A:8C:DF:51:0D:S2', '2016-02-29', 1),
(354, 'Annabel', 'Barkley', '7', '25', 3, 232, NULL, '9A:8C:DF:40:1D:S8', '2016-02-29', 1),
(355, 'Christabel', 'Armstrong', '7', '26', 4, 3, '91.123.2.100', '9A:8C:DF:19:3D:S2', '2016-02-29', 1),
(356, 'Lorna', 'Brayton', '7', '27', 3, 51, '91.123.2.101', '9A:8C:DF:13:3D:S0', '2016-02-29', 1),
(357, 'Gertie', 'Braceful', '7', '28', 3, 263, NULL, '9A:8C:DF:08:5D:S9', '2016-02-29', 1),
(358, 'Dorothy', 'Brennan', '7', '29', 2, 9, '91.123.2.103', '9A:8C:DF:18:2D:S7', '2016-02-29', 1),
(359, 'Cecily', 'Archer', '7', '30', 1, 118, '91.123.2.104', '9A:8C:DF:03:9D:S0', '2016-02-29', 1),
(360, 'Eleanor', 'Bawden', '7', '31', 3, 206, '91.123.2.105', '9A:8C:DF:20:7D:S7', '2016-02-29', 1),
(361, 'Gwendolen', 'Broom', '7', '32', 1, 97, NULL, '9A:8C:DF:80:3D:S0', '2016-02-29', 1),
(362, 'Angel', 'Brackenridge', '7', '33', 6, 234, '91.123.2.107', '9A:8C:DF:83:0D:S5', '2016-02-29', 1),
(363, 'Celinda', 'Babbage', '7', '34', 1, 186, NULL, '9A:8C:DF:87:8D:S0', '2016-02-29', 1),
(364, 'J', 'Bramble', '7', '35', 2, 19, '91.123.2.109', '9A:8C:DF:87:9D:S4', '2016-02-29', 1),
(365, 'Charmaine', 'Bennett', '7', '36', 4, 33, NULL, '9A:8C:DF:81:9D:S9', '2016-02-29', 1),
(366, 'Gwendolyn', 'Broom', '7', '37', 6, 130, '91.123.2.111', '9A:8C:DF:97:1D:S3', '2016-02-29', 1),
(367, 'Lois', 'Ackroyd', '7', '38', 6, 5, '91.123.2.112', '9A:8C:DF:97:1D:S3', '2016-02-29', 1),
(368, 'Alberta', 'Austen', '7', '39', 1, 49, '91.123.2.113', '9A:8C:DF:14:4D:S5', '2016-02-29', 1),
(369, 'Drusilla', 'Applegate', '7', '40', 5, 52, '91.123.2.114', '9A:8C:DF:68:3D:S4', '2016-02-29', 1),
(370, 'I', 'Beale', '7', '41', 3, 109, '91.123.2.115', '9A:8C:DF:12:5D:S0', '2016-02-29', 1),
(371, 'Linda', 'Beacham', '7', '42', 4, 201, '91.123.2.116', '9A:8C:DF:47:9D:S0', '2016-02-29', 1),
(372, 'Jessie', 'Beachum', '7', '43', 2, 238, NULL, '9A:8C:DF:31:6D:S5', '2016-02-29', 1),
(373, 'Joan', 'Baskerville', '7', '44', 6, 118, '91.123.2.118', '9A:8C:DF:61:9D:S6', '2016-02-29', 1),
(374, 'Ella', 'Bayfield', '7', '45', 1, 106, '91.123.2.119', '9A:8C:DF:77:9D:S2', '2016-02-29', 1),
(375, 'Barbara', 'Beaton', '7', '46', 1, 105, NULL, '9A:8C:DF:25:8D:S7', '2016-02-29', 1),
(376, 'Aubrey', 'Bréhal', '7', '47', 6, 280, '91.123.2.121', '9A:8C:DF:54:5D:S8', '2016-02-29', 1),
(377, 'Jane', 'Akroyd', '7', '48', 4, 80, '91.123.2.122', '9A:8C:DF:39:4D:S1', '2016-02-29', 1),
(378, 'Julianne', 'Butche', '7', '49', 1, 180, '91.123.2.123', '9A:8C:DF:73:3D:S2', '2016-02-29', 1),
(379, 'Jessica', 'Bromfield', '7', '50', 2, 220, '91.123.2.124', '9A:8C:DF:06:3D:S2', '2016-02-29', 1),
(380, 'Ivy', 'Adlam', '7', '51', 4, 38, '91.123.2.125', '9A:8C:DF:66:1D:S3', '2016-02-29', 1),
(381, 'Leyna', 'Braxton', '7', '52', 2, 122, '91.123.2.126', '9A:8C:DF:51:7D:S6', '2016-02-29', 1),
(382, 'Gwenda', 'Beardsley', '7', '53', 1, 205, '91.123.2.127', '9A:8C:DF:52:3D:S7', '2016-02-29', 1),
(383, 'Eudora', 'Adin', '7', '54', 1, 275, '91.123.2.128', '9A:8C:DF:91:0D:S7', '2016-02-29', 1),
(384, 'Lara', 'Blyth', '7', '55', 3, 155, '91.123.2.129', '9A:8C:DF:43:2D:S4', '2016-02-29', 1),
(385, 'Deanna', 'Baily', '8', '1', 1, 4, '91.123.2.130', '9A:8C:DF:38:6D:S7', '2016-02-29', 1),
(386, 'Amber', 'Bayles', '8', '2', 3, 224, '91.123.2.131', '9A:8C:DF:86:5D:S2', '2016-02-29', 1),
(387, 'Adele', 'Brimson', '8', '3', 1, 110, '91.123.2.132', '9A:8C:DF:80:8D:S9', '2016-02-29', 1),
(388, 'Arda', 'Ackroyd', '8', '4', 5, 122, '91.123.2.133', '9A:8C:DF:18:6D:S3', '2016-02-29', 1),
(389, 'Delia', 'Acton', '8', '5', 5, 33, '91.123.2.134', '9A:8C:DF:24:2D:S6', '2016-02-29', 1),
(390, 'Enid', 'Burnham', '8', '6', 3, 255, '91.123.2.135', '9A:8C:DF:91:3D:S3', '2016-02-29', 1),
(391, 'Genevieve', 'Acton', '8', '7', 4, 22, '91.123.2.136', '9A:8C:DF:24:3D:S5', '2016-02-29', 1),
(392, 'Addys', 'Bird', '8', '8', 2, 271, NULL, '9A:8C:DF:67:1D:S1', '2016-02-29', 1),
(393, 'Dawn', 'Axford', '8', '9', 6, 283, '91.123.2.138', '9A:8C:DF:20:6D:S0', '2016-02-29', 1),
(394, 'Charity', 'Adelson', '8', '10', 2, 32, '91.123.2.139', '9A:8C:DF:38:2D:S7', '2016-02-29', 1),
(395, 'Hope', 'Atkins', '8', '11', 6, 112, '91.123.2.140', '9A:8C:DF:98:9D:S8', '2016-02-29', 1),
(396, 'Judith', 'Alderdice', '8', '12', 3, 275, '91.123.2.141', '9A:8C:DF:89:3D:S6', '2016-02-29', 1),
(397, 'Ellen', 'Barton', '8', '13', 2, 182, '91.123.2.142', '9A:8C:DF:35:4D:S2', '2016-02-29', 1),
(398, 'Cecily', 'Brown', '8', '14', 5, 130, '91.123.2.143', '9A:8C:DF:91:9D:S0', '2016-02-29', 1),
(399, 'Bronwen', 'Abbott', '8', '15', 2, 21, '91.123.2.144', '9A:8C:DF:04:3D:S8', '2016-02-29', 1),
(400, 'Cheryl', 'Bancroft', '8', '16', 3, 28, NULL, '9A:8C:DF:84:8D:S7', '2016-02-29', 1),
(401, 'Jemima', 'Blackburn', '8', '17', 6, 285, '91.123.2.146', '9A:8C:DF:41:3D:S9', '2016-02-29', 1),
(402, 'Amber', 'Allum', '8', '18', 5, 173, '91.123.2.147', '9A:8C:DF:44:8D:S2', '2016-02-29', 1),
(403, 'Georgiana', 'Archer', '8', '19', 6, 266, '91.123.2.148', '9A:8C:DF:81:1D:S5', '2016-02-29', 1),
(404, 'Joey', 'Beckles', '8', '20', 4, 113, NULL, '9A:8C:DF:38:9D:S3', '2016-02-29', 1),
(405, 'Deanna', 'Axton', '8', '21', 4, 295, '91.123.2.150', '9A:8C:DF:33:9D:S5', '2016-02-29', 1),
(406, 'Clarissa', 'Brackman', '8', '22', 5, 244, '91.123.2.151', '9A:8C:DF:87:7D:S7', '2016-02-29', 1),
(407, 'Lillian', 'Beal', '8', '23', 3, 253, '91.123.2.152', '9A:8C:DF:13:5D:S9', '2016-02-29', 1),
(408, 'Amy', 'Austen', '8', '24', 6, 49, '91.123.2.153', '9A:8C:DF:71:5D:S4', '2016-02-29', 1),
(409, 'Emma', 'Archer', '8', '25', 2, 257, '91.123.2.154', '9A:8C:DF:90:1D:S6', '2016-02-29', 1),
(410, 'Destiny', 'Brackman', '8', '26', 3, 159, '91.123.2.155', '9A:8C:DF:85:4D:S8', '2016-02-29', 1),
(411, 'Leyna', 'Bedford', '8', '27', 6, 51, NULL, '9A:8C:DF:05:3D:S4', '2016-02-29', 1),
(412, 'Carmelita', 'Armstrong', '8', '28', 4, 210, '91.123.2.157', '9A:8C:DF:15:4D:S7', '2016-02-29', 1),
(413, 'Daisy', 'Alexander', '8', '29', 1, 228, '91.123.2.158', '9A:8C:DF:54:3D:S6', '2016-02-29', 1),
(414, 'Hester', 'Beeby', '8', '30', 6, 112, '91.123.2.159', '9A:8C:DF:27:8D:S6', '2016-02-29', 1),
(415, 'Jacqueline', 'Ashbee', '8', '31', 3, 279, '91.123.2.160', '9A:8C:DF:94:9D:S3', '2016-02-29', 1),
(416, 'Lorelei', 'Bracey', '8', '32', 2, 124, NULL, '9A:8C:DF:28:6D:S5', '2016-02-29', 1),
(417, 'Beatrice', 'Bradley', '8', '33', 5, 136, '91.123.2.162', '9A:8C:DF:89:8D:S8', '2016-02-29', 1),
(418, 'Emma', 'Birdsong', '8', '34', 5, 99, NULL, '9A:8C:DF:81:7D:S0', '2016-02-29', 1),
(419, 'Antonia', 'Bingham', '8', '35', 2, 118, '91.123.2.164', '9A:8C:DF:52:7D:S9', '2016-02-29', 1),
(420, 'Lilla', 'Bowers', '8', '36', 1, 224, '91.123.2.165', '9A:8C:DF:54:6D:S0', '2016-02-29', 1),
(421, 'Cristalyn', 'Barnet', '8', '37', 6, 104, '91.123.2.166', '9A:8C:DF:74:1D:S6', '2016-02-29', 1),
(422, 'Amanda', 'Adkins', '8', '38', 2, 190, '91.123.2.167', '9A:8C:DF:00:7D:S3', '2016-02-29', 1),
(423, 'Hope', 'Beadon', '8', '39', 2, 45, '91.123.2.168', '9A:8C:DF:77:8D:S0', '2016-02-29', 1),
(424, 'Antonia', 'Brimson', '8', '40', 2, 228, NULL, '9A:8C:DF:98:2D:S9', '2016-02-29', 1),
(425, 'Gwen', 'Blair', '8', '41', 6, 101, '91.123.2.170', '9A:8C:DF:37:0D:S0', '2016-02-29', 1),
(426, 'Celestia', 'Bugden', '8', '42', 4, 176, '91.123.2.171', '9A:8C:DF:16:1D:S4', '2016-02-29', 1),
(427, 'Joanna', 'Ackroyd', '8', '43', 4, 148, NULL, '9A:8C:DF:52:8D:S2', '2016-02-29', 1),
(428, 'Cordelia', 'Beaton', '8', '44', 1, 252, '91.123.2.173', '9A:8C:DF:57:9D:S0', '2016-02-29', 1),
(429, 'Alvina', 'Beard', '8', '45', 2, 295, NULL, '9A:8C:DF:22:2D:S4', '2016-02-29', 1),
(430, 'Lois', 'Axtell', '8', '46', 4, 141, '91.123.2.175', '9A:8C:DF:45:5D:S0', '2016-02-29', 1),
(431, 'Davina', 'Astle', '8', '47', 5, 183, '91.123.2.176', '9A:8C:DF:29:8D:S8', '2016-02-29', 1),
(432, 'June', 'Babbs', '8', '48', 5, 219, '91.123.2.177', '9A:8C:DF:43:6D:S9', '2016-02-29', 1),
(433, 'Charmaine', 'Brown', '8', '49', 1, 137, NULL, '9A:8C:DF:62:4D:S4', '2016-02-29', 1),
(434, 'Avis', 'Astley', '8', '50', 1, 269, '91.123.2.179', '9A:8C:DF:18:3D:S4', '2016-02-29', 1),
(435, 'Celia', 'Barraclough', '8', '51', 6, 190, '91.123.2.180', '9A:8C:DF:28:3D:S7', '2016-02-29', 1),
(436, 'Barbara', 'Axon', '8', '52', 5, 234, NULL, '9A:8C:DF:43:5D:S8', '2016-02-29', 1),
(437, 'Charisse', 'Bence', '8', '53', 2, 48, '91.123.2.182', '9A:8C:DF:78:5D:S9', '2016-02-29', 1),
(438, 'Joanne', 'Bloodworth', '8', '54', 5, 120, '91.123.2.183', '9A:8C:DF:96:3D:S7', '2016-02-29', 1),
(439, 'Bella', 'Anderson', '8', '55', 2, 122, '91.123.2.184', '9A:8C:DF:08:9D:S5', '2016-02-29', 1),
(440, 'Diana', 'Bingham', '8', '56', 4, 197, '91.123.2.185', '9A:8C:DF:98:0D:S3', '2016-02-29', 1),
(441, 'Imelda', 'Archer', '8', '57', 6, 204, '91.123.2.186', '9A:8C:DF:53:5D:S3', '2016-02-29', 1),
(442, 'E', 'Burke', '8', '58', 6, 232, '91.123.2.187', '9A:8C:DF:30:7D:S1', '2016-02-29', 1),
(443, 'Honor', 'Brewster', '8', '59', 6, 48, NULL, '9A:8C:DF:78:3D:S6', '2016-02-29', 1),
(444, 'Lois', 'Berry', '8', '60', 4, 211, '91.123.2.189', '9A:8C:DF:45:8D:S8', '2016-02-29', 1),
(445, 'Barbara', 'Beaton', '8', '61', 4, 43, '91.123.2.190', '9A:8C:DF:62:6D:S9', '2016-02-29', 1),
(446, 'Dolores', 'Ayrton', '8', '62', 3, 20, '91.123.2.191', '9A:8C:DF:30:7D:S0', '2016-02-29', 1),
(447, 'Alice', 'Bloodworth', '8', '63', 1, 276, '91.123.2.192', '9A:8C:DF:65:3D:S8', '2016-02-29', 1),
(448, 'Dolores', 'Adin', '8', '64', 5, 250, '91.123.2.193', '9A:8C:DF:80:8D:S1', '2016-02-29', 1),
(449, 'Imogen', 'Beardsley', '8', '65', 3, 0, '91.123.2.194', '9A:8C:DF:22:9D:S4', '2016-02-29', 1),
(450, 'Bertha', 'Bromley-Davenport', '8', '66', 2, 173, '91.123.2.195', '9A:8C:DF:04:1D:S7', '2016-02-29', 1),
(451, 'Eva', 'Ashley-Cooper', '8', '67', 6, 286, '91.123.2.196', '9A:8C:DF:78:5D:S1', '2016-02-29', 1),
(452, 'Annabel', 'Benedict', '8', '68', 3, 128, '91.123.2.197', '9A:8C:DF:12:3D:S9', '2016-02-29', 1),
(453, 'Leyna', 'Adkins', '8', '69', 3, 269, '91.123.2.198', '9A:8C:DF:92:5D:S1', '2016-02-29', 1),
(454, 'Edna', 'Breckenridge', '8', '70', 1, 65, '91.123.2.199', '9A:8C:DF:61:9D:S3', '2016-02-29', 1),
(455, 'Irene', 'Boulting', '8', '71', 5, 192, '91.123.2.200', '9A:8C:DF:40:3D:S8', '2016-02-29', 1),
(456, 'Gertrude', 'Boothby', '8', '72', 5, 13, '91.123.2.201', '9A:8C:DF:20:9D:S2', '2016-02-29', 1),
(457, 'H', 'Bingham', '8', '73', 5, 264, NULL, '9A:8C:DF:93:5D:S8', '2016-02-29', 1),
(458, 'Cathleen', 'Berkeley', '8', '74', 2, 235, '91.123.2.203', '9A:8C:DF:26:4D:S5', '2016-02-29', 1),
(459, 'Deanna', 'Brown', '8', '75', 3, 51, '91.123.2.204', '9A:8C:DF:46:0D:S2', '2016-02-29', 1),
(460, 'Davina', 'Attenborough', '8', '76', 5, 167, NULL, '9A:8C:DF:09:2D:S2', '2016-02-29', 1),
(461, 'Kierra', 'Braceful', '8', '77', 4, 238, '91.123.2.206', '9A:8C:DF:19:0D:S2', '2016-02-29', 1),
(462, 'Cathleen', 'Axton', '8', '78', 3, 56, '91.123.2.207', '9A:8C:DF:76:6D:S7', '2016-02-29', 1),
(463, 'Destiny', 'Bull', '8', '79', 2, 46, '91.123.2.208', '9A:8C:DF:55:8D:S6', '2016-02-29', 1),
(464, 'Cheryl', 'Blackett', '8', '80', 6, 13, '91.123.2.209', '9A:8C:DF:46:1D:S2', '2016-02-29', 1),
(465, 'Alberta', 'Ashley-Cooper', '8', '81', 1, 174, '91.123.2.210', '9A:8C:DF:20:5D:S4', '2016-02-29', 1),
(466, 'Laura', 'Bromley-Davenport', '9', '1', 4, 9, '91.123.2.211', '9A:8C:DF:73:4D:S3', '2016-02-29', 1),
(467, 'Iona', 'Armitstead', '9', '2', 1, 279, '91.123.2.212', '9A:8C:DF:42:7D:S5', '2016-02-29', 1),
(468, 'C', 'Bradley', '9', '3', 5, 297, '91.123.2.213', '9A:8C:DF:40:6D:S5', '2016-02-29', 1),
(469, 'Josephine', 'Bird', '9', '4', 2, 182, '91.123.2.214', '9A:8C:DF:18:9D:S7', '2016-02-29', 1),
(470, 'Helena', 'Bingley', '9', '5', 2, 198, '91.123.2.215', '9A:8C:DF:03:1D:S5', '2016-02-29', 1),
(471, 'Alaina', 'Axon', '9', '6', 4, 86, '91.123.2.216', '9A:8C:DF:54:3D:S2', '2016-02-29', 1),
(472, 'Alvina', 'Broomfield', '9', '7', 3, 175, '91.123.2.217', '9A:8C:DF:31:8D:S6', '2016-02-29', 1),
(473, 'Jenna', 'Allred', '9', '8', 1, 44, '91.123.2.218', '9A:8C:DF:97:5D:S1', '2016-02-29', 1),
(474, 'Lorna', 'Beckles', '9', '9', 6, 166, NULL, '9A:8C:DF:17:2D:S9', '2016-02-29', 1),
(475, 'Lila', 'Brown', '9', '10', 5, 118, NULL, '9A:8C:DF:44:8D:S3', '2016-02-29', 1),
(476, 'Kaylee', 'Blackman', '9', '11', 3, 175, '91.123.2.221', '9A:8C:DF:36:0D:S5', '2016-02-29', 1),
(477, 'Edna', 'Burgess', '9', '12', 5, 276, '91.123.2.222', '9A:8C:DF:90:5D:S0', '2016-02-29', 1),
(478, 'Adelaide', 'Armitstead', '9', '13', 1, 257, '91.123.2.223', '9A:8C:DF:30:6D:S9', '2016-02-29', 1),
(479, 'Drusilla', 'Brack', '9', '14', 3, 154, '91.123.2.224', '9A:8C:DF:17:9D:S0', '2016-02-29', 1),
(480, 'Jacqueline', 'Altman', '9', '15', 6, 98, '91.123.2.225', '9A:8C:DF:83:7D:S8', '2016-02-29', 1),
(481, 'Ellen', 'Akehurst', '9', '16', 6, 82, '91.123.2.226', '9A:8C:DF:13:5D:S4', '2016-02-29', 1),
(482, 'Cleo', 'Acton', '9', '17', 3, 112, '91.123.2.227', '9A:8C:DF:93:9D:S6', '2016-02-29', 1),
(483, 'Ida', 'Burbridge', '9', '18', 5, 13, '91.123.2.228', '9A:8C:DF:08:2D:S7', '2016-02-29', 1),
(484, 'Adelaide', 'Blackett', '9', '19', 3, 197, '91.123.2.229', '9A:8C:DF:14:9D:S1', '2016-02-29', 1),
(485, 'Joanna', 'Archer', '9', '20', 4, 22, '91.123.2.230', '9A:8C:DF:97:0D:S5', '2016-02-29', 1),
(486, 'Edith', 'Barkley', '9', '21', 2, 140, '91.123.2.231', '9A:8C:DF:32:5D:S0', '2016-02-29', 1),
(487, 'Clementine', 'Bayles', '9', '22', 1, 15, '91.123.2.232', '9A:8C:DF:04:4D:S5', '2016-02-29', 1),
(488, 'Cleo', 'Blackett', '9', '23', 6, 272, '91.123.2.233', '9A:8C:DF:48:5D:S1', '2016-02-29', 1),
(489, 'B', 'Bethune', '9', '24', 5, 165, NULL, '9A:8C:DF:21:0D:S0', '2016-02-29', 1),
(490, 'Giselle', 'Beeby', '9', '25', 4, 246, '91.123.2.235', '9A:8C:DF:71:1D:S6', '2016-02-29', 1),
(491, 'Amber', 'Blackett', '9', '26', 5, 130, NULL, '9A:8C:DF:38:3D:S4', '2016-02-29', 1),
(492, 'Gwen', 'Ashbee', '9', '27', 2, 22, '91.123.2.237', '9A:8C:DF:69:4D:S2', '2016-02-29', 1),
(493, 'Jessica', 'Austin', '9', '28', 6, 65, '91.123.2.238', '9A:8C:DF:63:3D:S9', '2016-02-29', 1),
(494, 'Eva', 'Broomhall', '9', '29', 2, 169, '91.123.2.239', '9A:8C:DF:72:4D:S4', '2016-02-29', 1),
(495, 'Adele', 'Barry', '9', '30', 4, 214, '91.123.2.240', '9A:8C:DF:72:1D:S1', '2016-02-29', 1),
(496, 'Joy', 'Allison', '9', '31', 1, 26, NULL, '9A:8C:DF:29:3D:S4', '2016-02-29', 1),
(497, 'Denise', 'Babbage', '9', '32', 3, 120, NULL, '9A:8C:DF:79:0D:S5', '2016-02-29', 1),
(498, 'Honor', 'Ackroyd', '9', '33', 6, 88, NULL, '9A:8C:DF:39:4D:S3', '2016-02-29', 1),
(499, 'Charmaine', 'Alderman', '9', '34', 1, 47, '91.123.2.244', '9A:8C:DF:24:7D:S0', '2016-02-29', 1),
(500, 'Agatha', 'Bottomley', '9', '35', 5, 93, NULL, '9A:8C:DF:07:1D:S8', '2016-02-29', 1),
(501, 'Heidi', 'Bayntun', '9', '36', 6, 26, NULL, '9A:8C:DF:27:8D:S7', '2016-02-29', 1),
(502, 'Averil', 'Broom', '9', '37', 6, 108, '91.123.2.247', '9A:8C:DF:77:3D:S1', '2016-02-29', 1),
(503, 'Agatha', 'Almond', '9', '38', 6, 48, '91.123.2.248', '9A:8C:DF:21:2D:S5', '2016-02-29', 1),
(504, 'Augusta', 'Beal', '9', '39', 5, 48, '91.123.2.249', '9A:8C:DF:67:3D:S9', '2016-02-29', 1),
(505, 'Celinda', 'Burke', '9', '40', 1, 129, NULL, '9A:8C:DF:31:3D:S3', '2016-02-29', 1),
(506, 'Carolyn', 'Allum', '9', '41', 1, 236, '91.123.2.251', '9A:8C:DF:99:0D:S5', '2016-02-29', 1),
(507, 'Charmaine', 'Bingham', '9', '42', 2, 292, '91.123.2.252', '9A:8C:DF:92:1D:S0', '2016-02-29', 1),
(508, 'Averil', 'Afford', '9', '43', 1, 9, '91.123.2.253', '9A:8C:DF:02:4D:S7', '2016-02-29', 1),
(509, 'Imelda', 'Appleyard', '9', '44', 1, 203, '91.123.2.254', '9A:8C:DF:91:4D:S9', '2016-02-29', 1),
(510, 'Gwendolen', 'Beeching', '9', '45', 2, 136, NULL, '9A:8C:DF:61:9D:S4', '2016-02-29', 1),
(511, 'Dolores', 'Ackroyd', '9', '46', 3, 112, NULL, '9A:8C:DF:35:6D:S6', '2016-02-29', 1),
(512, 'Barbara', 'Beal', '9', '47', 1, 238, '91.123.3.2', '9A:8C:DF:54:9D:S4', '2016-02-29', 1),
(513, 'Iona', 'Berry', '9', '48', 4, 72, NULL, '9A:8C:DF:98:2D:S7', '2016-02-29', 1),
(514, 'Dora', 'Blackmon', '9', '49', 2, 212, '91.123.3.4', '9A:8C:DF:28:0D:S8', '2016-02-29', 1),
(515, 'Gemma', 'Adkins', '9', '50', 6, 173, '91.123.3.5', '9A:8C:DF:34:9D:S4', '2016-02-29', 1),
(516, 'Danna', 'Bayfield', '9', '51', 4, 188, '91.123.3.6', '9A:8C:DF:90:9D:S3', '2016-02-29', 1),
(517, 'Bertha', 'Brayton', '9', '52', 3, 221, '91.123.3.7', '9A:8C:DF:22:3D:S3', '2016-02-29', 1),
(518, 'Betty', 'Astley', '9', '53', 2, 122, NULL, '9A:8C:DF:27:6D:S7', '2016-02-29', 1),
(519, 'Dede', 'Beardsley', '9', '54', 6, 47, '91.123.3.9', '9A:8C:DF:87:2D:S7', '2016-02-29', 1),
(520, 'Alanna', 'Brewer', '9', '55', 1, 192, '91.123.3.10', '9A:8C:DF:87:7D:S2', '2016-02-29', 1),
(521, 'Gia', 'Brack', '9', '56', 2, 103, '91.123.3.11', '9A:8C:DF:27:8D:S2', '2016-02-29', 1),
(522, 'Jessica', 'Berry', '9', '57', 6, 140, '91.123.3.12', '9A:8C:DF:31:6D:S3', '2016-02-29', 1),
(523, 'D', 'Anderson', '9', '58', 4, 36, '91.123.3.13', '9A:8C:DF:94:2D:S0', '2016-02-29', 1),
(524, 'Helene', 'Bottrill', '9', '59', 3, 129, '91.123.3.14', '9A:8C:DF:51:3D:S1', '2016-02-29', 1),
(525, 'Ellen', 'Aikin', '9', '60', 2, 18, '91.123.3.15', '9A:8C:DF:35:0D:S4', '2016-02-29', 1),
(526, 'Lorna', 'Beer', '9', '61', 3, 260, '91.123.3.16', '9A:8C:DF:05:0D:S3', '2016-02-29', 1),
(527, 'Dede', 'Beal', '9', '62', 6, 228, '91.123.3.17', '9A:8C:DF:02:9D:S1', '2016-02-29', 1),
(528, 'B', 'Bancroft', '9', '63', 4, 92, NULL, '9A:8C:DF:89:0D:S5', '2016-02-29', 1),
(529, 'Cynthia', 'Atlee', '9', '64', 3, 101, '91.123.3.19', '9A:8C:DF:87:9D:S3', '2016-02-29', 1),
(530, 'Alaina', 'Brown', '9', '65', 5, 7, '91.123.3.20', '9A:8C:DF:79:9D:S1', '2016-02-29', 1),
(531, 'Augusta', 'Broom', '9', '66', 1, 14, '91.123.3.21', '9A:8C:DF:14:2D:S5', '2016-02-29', 1),
(532, 'Celia', 'Beeby', '9', '67', 1, 83, '91.123.3.22', '9A:8C:DF:44:2D:S3', '2016-02-29', 1),
(533, 'Janie', 'Berkeley', '9', '68', 3, 212, '91.123.3.23', '9A:8C:DF:10:9D:S7', '2016-02-29', 1),
(534, 'Flora', 'Axford', '9', '69', 3, 85, '91.123.3.24', '9A:8C:DF:52:6D:S8', '2016-02-29', 1),
(535, 'Ella', 'Aylesworth', '9', '70', 1, 8, '91.123.3.25', '9A:8C:DF:12:8D:S7', '2016-02-29', 1),
(536, 'Angela', 'Botterill', '9', '71', 3, 72, '91.123.3.26', '9A:8C:DF:73:1D:S1', '2016-02-29', 1),
(537, 'Joelle', 'Barton', '9', '72', 4, 294, NULL, '9A:8C:DF:08:6D:S6', '2016-02-29', 1),
(538, 'Celine', 'Bowyer', '9', '73', 1, 223, '91.123.3.28', '9A:8C:DF:75:0D:S8', '2016-02-29', 1),
(539, 'Candy', 'Brackman', '9', '74', 5, 249, NULL, '9A:8C:DF:44:4D:S1', '2016-02-29', 1),
(540, 'Helene', 'Bowers', '9', '75', 3, 1, '91.123.3.30', '9A:8C:DF:37:7D:S2', '2016-02-29', 1),
(541, 'Kathy', 'Burdon', '9', '76', 6, 82, '91.123.3.31', '9A:8C:DF:34:9D:S7', '2016-02-29', 1),
(542, 'Celinda', 'Bradley', '9', '77', 2, 114, '91.123.3.32', '9A:8C:DF:53:7D:S5', '2016-02-29', 1),
(543, 'Henrietta', 'Amory', '9', '78', 5, 57, '91.123.3.33', '9A:8C:DF:83:9D:S0', '2016-02-29', 1),
(544, 'Amy', 'Aitch', '9', '79', 4, 220, NULL, '9A:8C:DF:79:7D:S0', '2016-02-29', 1),
(545, 'June', 'Almond', '9', '80', 4, 253, '91.123.3.35', '9A:8C:DF:32:1D:S3', '2016-02-29', 1),
(546, 'Kaylee', 'Akroyd', '9', '81', 3, 264, NULL, '9A:8C:DF:60:5D:S3', '2016-02-29', 1),
(547, 'Iona', 'Beale', '9', '82', 5, 99, NULL, '9A:8C:DF:76:0D:S7', '2016-02-29', 1),
(548, 'Ivy', 'Burdon', '9', '83', 5, 229, '91.123.3.38', '9A:8C:DF:83:5D:S5', '2016-02-29', 1),
(549, 'Celia', 'Burke', '9', '84', 3, 121, '91.123.3.39', '9A:8C:DF:48:4D:S8', '2016-02-29', 1),
(550, 'Charisse', 'Alexander', '9', '85', 5, 194, NULL, '9A:8C:DF:33:9D:S3', '2016-02-29', 1),
(551, 'G', 'Bloodworth', '9', '86', 6, 271, '91.123.3.41', '9A:8C:DF:26:0D:S2', '2016-02-29', 1),
(552, 'Gaynor', 'Blackman', '9', '87', 1, 127, '91.123.3.42', '9A:8C:DF:63:4D:S2', '2016-02-29', 1),
(553, 'Audrey', 'Baker', '9', '88', 6, 287, '91.123.3.43', '9A:8C:DF:28:5D:S7', '2016-02-29', 1),
(554, 'Alison', 'Bramble', '9', '89', 6, 235, '91.123.3.44', '9A:8C:DF:89:0D:S8', '2016-02-29', 1),
(555, 'Linda', 'Beamont', '9', '90', 4, 277, '91.123.3.45', '9A:8C:DF:29:8D:S9', '2016-02-29', 1),
(556, 'Fiona', 'Akehurst', '10', '1', 4, 139, NULL, '9A:8C:DF:13:4D:S6', '2016-02-29', 1),
(557, 'Lilla', 'Bancroft', '10', '2', 1, 240, '91.123.3.47', '9A:8C:DF:81:3D:S8', '2016-02-29', 1),
(558, 'Enid', 'Braceful', '10', '3', 3, 61, NULL, '9A:8C:DF:90:6D:S5', '2016-02-29', 1),
(559, 'Lara', 'Berry', '10', '4', 3, 214, '91.123.3.49', '9A:8C:DF:22:8D:S1', '2016-02-29', 1),
(560, 'Christabel', 'Ayrton', '10', '5', 3, 207, NULL, '9A:8C:DF:50:0D:S5', '2016-02-29', 1),
(561, 'Chelsea', 'Beale', '10', '6', 1, 226, '91.123.3.51', '9A:8C:DF:82:6D:S8', '2016-02-29', 1),
(562, 'Eva', 'Brimson', '10', '7', 2, 222, '91.123.3.52', '9A:8C:DF:66:3D:S6', '2016-02-29', 1),
(563, 'Iona', 'Brewster', '10', '8', 5, 152, '91.123.3.53', '9A:8C:DF:32:6D:S5', '2016-02-29', 1),
(564, 'Jane', 'Blyth', '10', '9', 6, 289, '91.123.3.54', '9A:8C:DF:85:8D:S4', '2016-02-29', 1),
(565, 'Augusta', 'Alexander', '10', '10', 3, 65, NULL, '9A:8C:DF:55:0D:S0', '2016-02-29', 1),
(566, 'Lettice', 'Austen', '10', '11', 2, 252, NULL, '9A:8C:DF:18:5D:S9', '2016-02-29', 1),
(567, 'Genevieve', 'Brewster', '10', '12', 2, 281, '91.123.3.57', '9A:8C:DF:25:3D:S8', '2016-02-29', 1),
(568, 'Christabel', 'Bloomfield', '10', '13', 1, 296, '91.123.3.58', '9A:8C:DF:22:4D:S2', '2016-02-29', 1),
(569, 'Kirsten', 'Adcock', '10', '14', 4, 117, '91.123.3.59', '9A:8C:DF:16:5D:S2', '2016-02-29', 1),
(570, 'Lilla', 'Bentley', '10', '15', 2, 186, NULL, '9A:8C:DF:74:6D:S4', '2016-02-29', 1),
(571, 'Addys', 'Baskerville', '10', '16', 1, 299, '91.123.3.61', '9A:8C:DF:98:0D:S8', '2016-02-29', 1),
(572, 'Diana', 'Broom', '10', '17', 4, 111, '91.123.3.62', '9A:8C:DF:27:6D:S3', '2016-02-29', 1),
(573, 'Eileen', 'Bancroft', '10', '18', 6, 30, NULL, '9A:8C:DF:59:4D:S4', '2016-02-29', 1),
(574, 'Bronwyn', 'Barber', '10', '19', 5, 160, '91.123.3.64', '9A:8C:DF:52:2D:S9', '2016-02-29', 1),
(575, 'Carolynn', 'Brewer', '10', '20', 5, 2, NULL, '9A:8C:DF:21:7D:S4', '2016-02-29', 1),
(576, 'Claribel', 'Beachum', '10', '21', 2, 155, '91.123.3.66', '9A:8C:DF:07:0D:S4', '2016-02-29', 1),
(577, 'Autumn', 'Appleton', '10', '22', 5, 22, '91.123.3.67', '9A:8C:DF:07:7D:S2', '2016-02-29', 1),
(578, 'Eileen', 'Aikin', '10', '23', 3, 55, NULL, '9A:8C:DF:31:0D:S6', '2016-02-29', 1),
(579, 'Charis', 'Armstead', '10', '24', 4, 283, NULL, '9A:8C:DF:68:5D:S6', '2016-02-29', 1),
(580, 'Edith', 'Butche', '10', '25', 5, 230, '91.123.3.70', '9A:8C:DF:66:2D:S6', '2016-02-29', 1),
(581, 'Charis', 'Brewster', '10', '26', 5, 102, '91.123.3.71', '9A:8C:DF:63:1D:S9', '2016-02-29', 1),
(582, 'Barbara', 'Braceful', '10', '27', 6, 208, '91.123.3.72', '9A:8C:DF:65:6D:S4', '2016-02-29', 1),
(583, 'Jaime', 'Almond', '10', '28', 3, 61, '91.123.3.73', '9A:8C:DF:78:7D:S8', '2016-02-29', 1),
(584, 'Harriet', 'Basford', '10', '29', 3, 12, '91.123.3.74', '9A:8C:DF:05:0D:S8', '2016-02-29', 1),
(585, 'Anna', 'Blackburne', '10', '30', 4, 23, '91.123.3.75', '9A:8C:DF:40:5D:S7', '2016-02-29', 1),
(586, 'Imelda', 'Bowers', '10', '31', 2, 46, '91.123.3.76', '9A:8C:DF:12:7D:S4', '2016-02-29', 1),
(587, 'Faith', 'Aitchison', '10', '32', 1, 255, '91.123.3.77', '9A:8C:DF:58:1D:S4', '2016-02-29', 1),
(588, 'Jennifer', 'Aldridge', '10', '33', 5, 100, '91.123.3.78', '9A:8C:DF:68:7D:S5', '2016-02-29', 1),
(589, 'Clementine', 'Blackman', '10', '34', 5, 145, '91.123.3.79', '9A:8C:DF:60:1D:S0', '2016-02-29', 1),
(590, 'K', 'Beamont', '10', '35', 2, 33, '91.123.3.80', '9A:8C:DF:25:0D:S4', '2016-02-29', 1),
(591, 'Cassandra', 'Allum', '11', '1', 5, 288, '91.123.3.81', '9A:8C:DF:94:7D:S6', '2016-02-29', 1),
(592, 'Daphne', 'Allard', '11', '2', 3, 118, '91.123.3.82', '9A:8C:DF:54:4D:S7', '2016-02-29', 1),
(593, 'Amelia', 'Basford', '11', '3', 5, 252, NULL, '9A:8C:DF:22:1D:S1', '2016-02-29', 1),
(594, 'Alaina', 'Aykroyd', '11', '4', 4, 190, '91.123.3.84', '9A:8C:DF:77:0D:S9', '2016-02-29', 1),
(595, 'Bronwen', 'Blackmon', '11', '5', 6, 121, '91.123.3.85', '9A:8C:DF:17:6D:S8', '2016-02-29', 1),
(596, 'Carolynn', 'Bartholomew', '11', '6', 2, 211, '91.123.3.86', '9A:8C:DF:56:9D:S7', '2016-02-29', 1),
(597, 'Celia', 'Aikin', '11', '7', 5, 240, NULL, '9A:8C:DF:00:0D:S5', '2016-02-29', 1),
(598, 'Eva', 'Beamont', '11', '8', 5, 221, '91.123.3.88', '9A:8C:DF:88:4D:S0', '2016-02-29', 1),
(599, 'Edith', 'Adkins', '11', '9', 5, 249, '91.123.3.89', '9A:8C:DF:37:9D:S6', '2016-02-29', 1),
(600, 'Innogen', 'Boot', '11', '10', 6, 213, '91.123.3.90', '9A:8C:DF:46:0D:S0', '2016-02-29', 1),
(601, 'Ellen', 'Braxton', '11', '11', 1, 207, '91.123.3.91', '9A:8C:DF:13:7D:S1', '2016-02-29', 1),
(602, 'Kierra', 'Atkin', '11', '12', 6, 49, '91.123.3.92', '9A:8C:DF:80:7D:S2', '2016-02-29', 1),
(603, 'Bronwen', 'Beal', '11', '13', 5, 251, NULL, '9A:8C:DF:01:7D:S7', '2016-02-29', 1),
(604, 'Anna', 'Burbridge', '11', '14', 2, 294, '91.123.3.94', '9A:8C:DF:78:4D:S0', '2016-02-29', 1),
(605, 'Iona', 'Alabaster', '11', '15', 3, 50, '91.123.3.95', '9A:8C:DF:59:7D:S9', '2016-02-29', 1),
(606, 'Felicity', 'Bramble', '11', '16', 4, 215, '91.123.3.96', '9A:8C:DF:00:8D:S6', '2016-02-29', 1),
(607, 'Ada', 'Alderdice', '11', '17', 2, 0, '91.123.3.97', '9A:8C:DF:75:0D:S0', '2016-02-29', 1),
(608, 'Judith', 'Boulting', '11', '18', 3, 51, '91.123.3.98', '9A:8C:DF:74:8D:S7', '2016-02-29', 1),
(609, 'J', 'Brennan', '11', '19', 5, 120, '91.123.3.99', '9A:8C:DF:88:8D:S6', '2016-02-29', 1),
(610, 'Betty', 'Barber', '11', '20', 6, 52, '91.123.3.100', '9A:8C:DF:11:0D:S4', '2016-02-29', 1),
(611, 'June', 'Bonniwell', '11', '21', 3, 258, '91.123.3.101', '9A:8C:DF:04:0D:S9', '2016-02-29', 1),
(612, 'Hope', 'Barleycorn', '11', '22', 1, 43, '91.123.3.102', '9A:8C:DF:83:2D:S1', '2016-02-29', 1),
(613, 'Amber', 'Bennett', '11', '23', 2, 131, '91.123.3.103', '9A:8C:DF:11:6D:S9', '2016-02-29', 1),
(614, 'Lettice', 'Blackburn', '11', '24', 4, 113, '91.123.3.104', '9A:8C:DF:13:4D:S9', '2016-02-29', 1),
(615, 'D', 'Brimson', '11', '25', 5, 11, NULL, '9A:8C:DF:56:9D:S9', '2016-02-29', 1),
(616, 'Christina', 'Burbridge', '11', '26', 5, 222, '91.123.3.106', '9A:8C:DF:45:2D:S1', '2016-02-29', 1),
(617, 'Jessica', 'Anderson', '11', '27', 2, 160, '91.123.3.107', '9A:8C:DF:32:6D:S6', '2016-02-29', 1),
(618, 'Chelsea', 'Brinkley', '11', '28', 2, 2, '91.123.3.108', '9A:8C:DF:72:2D:S7', '2016-02-29', 1),
(619, 'Kierra', 'Brandis', '11', '29', 6, 52, '91.123.3.109', '9A:8C:DF:37:6D:S0', '2016-02-29', 1),
(620, 'Fiona', 'Botterill', '11', '30', 4, 127, '91.123.3.110', '9A:8C:DF:06:6D:S4', '2016-02-29', 1),
(621, 'Helen', 'Anderson', '11', '31', 5, 289, '91.123.3.111', '9A:8C:DF:13:6D:S2', '2016-02-29', 1),
(622, 'Jacqui', 'Aykroyd', '11', '32', 2, 188, NULL, '9A:8C:DF:85:8D:S2', '2016-02-29', 1),
(623, 'Amber', 'Alexander', '11', '33', 1, 179, NULL, '9A:8C:DF:62:9D:S6', '2016-02-29', 1),
(624, 'Effie', 'Beck', '11', '34', 6, 261, NULL, '9A:8C:DF:73:2D:S8', '2016-02-29', 1),
(625, 'Cleo', 'Applegate', '11', '35', 2, 164, '91.123.3.115', '9A:8C:DF:80:4D:S3', '2016-02-29', 1),
(626, 'Candy', 'Ashley-Cooper', '11', '36', 6, 254, '91.123.3.116', '9A:8C:DF:38:0D:S3', '2016-02-29', 1),
(627, 'Helen', 'Bramble', '11', '37', 1, 237, '91.123.3.117', '9A:8C:DF:79:5D:S0', '2016-02-29', 1),
(628, 'Giselle', 'Barleycorn', '11', '38', 1, 24, '91.123.3.118', '9A:8C:DF:11:4D:S7', '2016-02-29', 1),
(629, 'Chloe', 'Bingham', '11', '39', 1, 198, '91.123.3.119', '9A:8C:DF:91:6D:S5', '2016-02-29', 1),
(630, 'Jolie', 'Appleton', '11', '40', 4, 122, '91.123.3.120', '9A:8C:DF:85:2D:S6', '2016-02-29', 1),
(631, 'Isla', 'Bedingfeld', '11', '41', 3, 99, '91.123.3.121', '9A:8C:DF:08:9D:S8', '2016-02-29', 1),
(632, 'Deborah', 'Almond', '11', '42', 1, 235, '91.123.3.122', '9A:8C:DF:36:4D:S7', '2016-02-29', 1),
(633, 'Destiny', 'Abbot', '11', '43', 6, 273, '91.123.3.123', '9A:8C:DF:12:2D:S6', '2016-02-29', 1),
(634, 'Deborah', 'Arnold', '11', '44', 1, 295, NULL, '9A:8C:DF:61:6D:S1', '2016-02-29', 1),
(635, 'Carolyn', 'Armstrong', '11', '45', 3, 189, '91.123.3.125', '9A:8C:DF:07:0D:S9', '2016-02-29', 1),
(636, 'Joelle', 'Brandis', '11', '46', 6, 168, NULL, '9A:8C:DF:63:9D:S3', '2016-02-29', 1),
(637, 'Ellen', 'Allard', '11', '47', 5, 203, NULL, '9A:8C:DF:98:6D:S6', '2016-02-29', 1),
(638, 'Angela', 'Baker', '11', '48', 2, 138, '91.123.3.128', '9A:8C:DF:69:8D:S0', '2016-02-29', 1),
(639, 'Julianne', 'Braxton', '11', '49', 1, 37, NULL, '9A:8C:DF:91:6D:S5', '2016-02-29', 1),
(640, 'Claribel', 'Bottomley', '11', '50', 5, 258, NULL, '9A:8C:DF:14:9D:S2', '2016-02-29', 1),
(641, 'Claribel', 'Bethune', '11', '51', 1, 223, '91.123.3.131', '9A:8C:DF:55:8D:S7', '2016-02-29', 1),
(642, 'Brenda', 'Atlee', '11', '52', 6, 204, '91.123.3.132', '9A:8C:DF:75:7D:S9', '2016-02-29', 1),
(643, 'Helene', 'Allum', '11', '53', 6, 113, '91.123.3.133', '9A:8C:DF:51:7D:S4', '2016-02-29', 1),
(644, 'Eunice', 'Bence', '11', '54', 3, 280, '91.123.3.134', '9A:8C:DF:08:0D:S7', '2016-02-29', 1),
(645, 'Karen', 'Barry', '11', '55', 1, 298, '91.123.3.135', '9A:8C:DF:59:6D:S1', '2016-02-29', 1),
(646, 'Cheryl', 'Bloomer', '11', '56', 4, 260, '91.123.3.136', '9A:8C:DF:99:4D:S7', '2016-02-29', 1),
(647, 'Cordelia', 'Bull', '11', '57', 1, 266, '91.123.3.137', '9A:8C:DF:90:0D:S2', '2016-02-29', 1),
(648, 'Giselle', 'Atkins', '11', '58', 2, 283, '91.123.3.138', '9A:8C:DF:69:0D:S8', '2016-02-29', 1),
(649, 'Genevieve', 'Blackburne', '11', '59', 4, 277, '91.123.3.139', '9A:8C:DF:73:5D:S4', '2016-02-29', 1),
(650, 'June', 'Black', '11', '60', 4, 135, '91.123.3.140', '9A:8C:DF:43:0D:S6', '2016-02-29', 1),
(651, 'Daphne', 'Burney', '11', '61', 3, 12, '91.123.3.141', '9A:8C:DF:92:7D:S9', '2016-02-29', 1),
(652, 'Deanne', 'Baines', '11', '62', 1, 189, '91.123.3.142', '9A:8C:DF:81:3D:S8', '2016-02-29', 1),
(653, 'Betty', 'Basford', '11', '63', 2, 219, '91.123.3.143', '9A:8C:DF:35:3D:S2', '2016-02-29', 1),
(654, 'G', 'Appleton', '11', '64', 5, 274, '91.123.3.144', '9A:8C:DF:89:1D:S6', '2016-02-29', 1),
(655, 'Audrey', 'Bedser', '11', '65', 5, 121, '91.123.3.145', '9A:8C:DF:17:4D:S1', '2016-02-29', 1),
(656, 'Helen', 'Ashley-Cooper', '11', '66', 4, 194, NULL, '9A:8C:DF:68:7D:S6', '2016-02-29', 1),
(657, 'Gia', 'Ashbee', '11', '67', 5, 31, '91.123.3.147', '9A:8C:DF:45:1D:S4', '2016-02-29', 1),
(658, 'Charis', 'Auger', '11', '68', 2, 84, '91.123.3.148', '9A:8C:DF:72:4D:S2', '2016-02-29', 1),
(659, 'Elektra', 'Black', '11', '69', 6, 229, '91.123.3.149', '9A:8C:DF:11:2D:S6', '2016-02-29', 1),
(660, 'Hester', 'Beer', '11', '70', 1, 67, '91.123.3.150', '9A:8C:DF:28:0D:S7', '2016-02-29', 1),
(661, 'Lilla', 'Baker', '11', '71', 4, 168, '91.123.3.151', '9A:8C:DF:57:6D:S1', '2016-02-29', 1),
(662, 'Carolynn', 'Burgess', '11', '72', 1, 291, '91.123.3.152', '9A:8C:DF:23:4D:S3', '2016-02-29', 1),
(663, 'Hester', 'Brayton', '11', '73', 1, 215, '91.123.3.153', '9A:8C:DF:88:5D:S4', '2016-02-29', 1),
(664, 'Bella', 'Adshead', '11', '74', 6, 142, '91.123.3.154', '9A:8C:DF:19:3D:S4', '2016-02-29', 1),
(665, 'Estelle', 'Brown', '11', '75', 1, 60, '91.123.3.155', '9A:8C:DF:09:3D:S9', '2016-02-29', 1),
(666, 'Joan', 'Bloomfield', '11', '76', 3, 185, '91.123.3.156', '9A:8C:DF:79:8D:S3', '2016-02-29', 1),
(667, 'Jessica', 'Astle', '11', '77', 3, 253, '91.123.3.157', '9A:8C:DF:01:9D:S5', '2016-02-29', 1),
(668, 'Jennifer', 'Boulting', '11', '78', 5, 45, '91.123.3.158', '9A:8C:DF:57:4D:S9', '2016-02-29', 1),
(669, 'Lauren', 'Beal', '11', '79', 5, 48, '91.123.3.159', '9A:8C:DF:48:1D:S7', '2016-02-29', 1),
(670, 'Eunice', 'Auster', '12', '1', 1, 194, '91.123.3.160', '9A:8C:DF:80:5D:S2', '2016-02-29', 1),
(671, 'Helene', 'Brown', '12', '2', 6, 84, '91.123.3.161', '9A:8C:DF:58:5D:S2', '2016-02-29', 1),
(672, 'Harriet', 'Almond', '12', '3', 4, 38, '91.123.3.162', '9A:8C:DF:85:9D:S9', '2016-02-29', 1),
(673, 'Gwendoline', 'Bramble', '12', '4', 4, 216, '91.123.3.163', '9A:8C:DF:24:4D:S9', '2016-02-29', 1),
(674, 'Iona', 'Allard', '12', '5', 6, 35, '91.123.3.164', '9A:8C:DF:05:0D:S2', '2016-02-29', 1),
(675, 'Lilla', 'Armstrong', '12', '6', 2, 101, '91.123.3.165', '9A:8C:DF:86:1D:S0', '2016-02-29', 1),
(676, 'Leah', 'Barton', '12', '7', 5, 287, NULL, '9A:8C:DF:65:8D:S6', '2016-02-29', 1),
(677, 'Loretta', 'Bowie', '12', '8', 1, 287, '91.123.3.167', '9A:8C:DF:51:0D:S0', '2016-02-29', 1),
(678, 'Agatha', 'Bull', '12', '9', 5, 7, '91.123.3.168', '9A:8C:DF:39:9D:S5', '2016-02-29', 1),
(679, 'Kirsten', 'Beachum', '12', '10', 4, 121, '91.123.3.169', '9A:8C:DF:13:0D:S2', '2016-02-29', 1),
(680, 'Bertha', 'Axon', '12', '11', 2, 243, '91.123.3.170', '9A:8C:DF:43:5D:S3', '2016-02-29', 1),
(681, 'Eunice', 'Astle', '12', '12', 4, 127, '91.123.3.171', '9A:8C:DF:83:8D:S5', '2016-02-29', 1),
(682, 'Cadence', 'Bradley', '12', '13', 1, 173, NULL, '9A:8C:DF:67:8D:S2', '2016-02-29', 1),
(683, 'Amelia', 'Bréhal', '12', '14', 5, 95, '91.123.3.173', '9A:8C:DF:25:3D:S4', '2016-02-29', 1),
(684, 'Joy', 'Barton', '12', '15', 2, 188, '91.123.3.174', '9A:8C:DF:45:1D:S5', '2016-02-29', 1),
(685, 'Galenka', 'Breckenridge', '12', '16', 3, 126, '91.123.3.175', '9A:8C:DF:74:8D:S3', '2016-02-29', 1),
(686, 'Leyna', 'Beacham', '12', '17', 5, 149, '91.123.3.176', '9A:8C:DF:83:2D:S3', '2016-02-29', 1),
(687, 'Gwen', 'Beanland', '12', '18', 2, 83, '91.123.3.177', '9A:8C:DF:83:6D:S5', '2016-02-29', 1),
(688, 'Averil', 'Brewster', '12', '19', 1, 240, '91.123.3.178', '9A:8C:DF:89:9D:S1', '2016-02-29', 1),
(689, 'Jessica', 'Bingham', '12', '20', 1, 84, '91.123.3.179', '9A:8C:DF:49:6D:S4', '2016-02-29', 1),
(690, 'Bertha', 'Bagshaw', '12', '21', 4, 284, '91.123.3.180', '9A:8C:DF:31:5D:S5', '2016-02-29', 1),
(691, 'Clarissa', 'Axtell', '12', '22', 1, 36, '91.123.3.181', '9A:8C:DF:71:0D:S7', '2016-02-29', 1),
(692, 'Henrietta', 'Altman', '12', '23', 4, 233, '91.123.3.182', '9A:8C:DF:56:3D:S4', '2016-02-29', 1),
(693, 'Laura', 'Bagshaw', '12', '24', 5, 56, NULL, '9A:8C:DF:50:2D:S3', '2016-02-29', 1),
(694, 'Lauretta', 'Beresford', '12', '25', 6, 6, '91.123.3.184', '9A:8C:DF:69:9D:S2', '2016-02-29', 1),
(695, 'Edna', 'Abbey', '12', '26', 2, 125, '91.123.3.185', '9A:8C:DF:38:9D:S6', '2016-02-29', 1),
(696, 'Denise', 'Bingham', '12', '27', 6, 76, NULL, '9A:8C:DF:59:6D:S9', '2016-02-29', 1),
(697, 'Carmelita', 'Breckenridge', '12', '28', 6, 233, '91.123.3.187', '9A:8C:DF:27:7D:S9', '2016-02-29', 1),
(698, 'Cheryl', 'Buckler', '12', '29', 4, 48, '91.123.3.188', '9A:8C:DF:91:4D:S8', '2016-02-29', 1),
(699, 'Gwendolyn', 'Bennett', '12', '30', 4, 45, '91.123.3.189', '9A:8C:DF:86:1D:S4', '2016-02-29', 1),
(700, 'Ida', 'Adkins', '12', '31', 6, 59, '91.123.3.190', '9A:8C:DF:53:3D:S1', '2016-02-29', 1),
(701, 'Kathy', 'Armitstead', '12', '32', 3, 24, '91.123.3.191', '9A:8C:DF:67:0D:S7', '2016-02-29', 1),
(702, 'Aubrey', 'Barry', '12', '33', 6, 26, '91.123.3.192', '9A:8C:DF:44:9D:S2', '2016-02-29', 1),
(703, 'Chloe', 'Aitchison', '12', '34', 6, 68, '91.123.3.193', '9A:8C:DF:68:8D:S0', '2016-02-29', 1),
(704, 'Avis', 'Aldridge', '12', '35', 3, 75, '91.123.3.194', '9A:8C:DF:77:5D:S5', '2016-02-29', 1),
(705, 'Carmelita', 'Beeching', '12', '36', 6, 264, '91.123.3.195', '9A:8C:DF:01:7D:S0', '2016-02-29', 1),
(706, 'Alison', 'Berker', '12', '37', 4, 162, '91.123.3.196', '9A:8C:DF:23:2D:S0', '2016-02-29', 1),
(707, 'Flora', 'Biggins', '12', '38', 4, 146, '91.123.3.197', '9A:8C:DF:15:8D:S9', '2016-02-29', 1),
(708, 'Georgiana', 'Bréhal', '12', '39', 4, 35, '91.123.3.198', '9A:8C:DF:59:8D:S7', '2016-02-29', 1),
(709, 'Antonia', 'Bates', '12', '40', 1, 241, '91.123.3.199', '9A:8C:DF:55:8D:S8', '2016-02-29', 1),
(710, 'Clarissa', 'Benedict', '12', '41', 6, 23, '91.123.3.200', '9A:8C:DF:97:6D:S0', '2016-02-29', 1),
(711, 'Alice', 'Boot', '12', '42', 3, 112, '91.123.3.201', '9A:8C:DF:01:5D:S1', '2016-02-29', 1),
(712, 'Destiny', 'Bubb', '12', '43', 1, 191, '91.123.3.202', '9A:8C:DF:74:6D:S1', '2016-02-29', 1),
(713, 'Arda', 'Boulting', '12', '44', 5, 155, NULL, '9A:8C:DF:88:5D:S4', '2016-02-29', 1),
(714, 'Adele', 'Boulting', '12', '45', 3, 113, NULL, '9A:8C:DF:83:6D:S8', '2016-02-29', 1),
(715, 'Destiny', 'Bayntun', '12', '46', 5, 36, '91.123.3.205', '9A:8C:DF:52:7D:S0', '2016-02-29', 1),
(716, 'Adelaide', 'Ashley-Cooper', '12', '47', 4, 232, '91.123.3.206', '9A:8C:DF:86:2D:S5', '2016-02-29', 1),
(717, 'Gwendoline', 'Beresford', '12', '48', 6, 134, '91.123.3.207', '9A:8C:DF:24:2D:S2', '2016-02-29', 1),
(718, 'Ivy', 'Bedser', '12', '49', 2, 137, '91.123.3.208', '9A:8C:DF:87:4D:S3', '2016-02-29', 1),
(719, 'Andrea', 'Bottomley', '12', '50', 6, 70, '91.123.3.209', '9A:8C:DF:26:9D:S3', '2016-02-29', 1),
(720, 'Jacqueline', 'Aldridge', '12', '51', 3, 235, '91.123.3.210', '9A:8C:DF:18:4D:S6', '2016-02-29', 1),
(721, 'Lara', 'Burke', '12', '52', 2, 110, '91.123.3.211', '9A:8C:DF:82:7D:S0', '2016-02-29', 1),
(722, 'Isla', 'Bedser', '12', '53', 3, 247, '91.123.3.212', '9A:8C:DF:25:5D:S2', '2016-02-29', 1),
(723, 'Dora', 'Barraclough', '12', '54', 3, 78, '91.123.3.213', '9A:8C:DF:49:9D:S4', '2016-02-29', 1),
(724, 'Andrea', 'Burgess', '12', '55', 6, 214, NULL, '9A:8C:DF:87:4D:S2', '2016-02-29', 1),
(725, 'Brenda', 'Asbridge', '12', '56', 5, 31, '91.123.3.215', '9A:8C:DF:98:9D:S2', '2016-02-29', 1),
(726, 'Alice', 'Ackroyd', '12', '57', 1, 196, NULL, '9A:8C:DF:00:2D:S5', '2016-02-29', 1),
(727, 'Caroline', 'Allred', '12', '58', 5, 55, '91.123.3.217', '9A:8C:DF:64:8D:S7', '2016-02-29', 1),
(728, 'Averil', 'Aitchison', '12', '59', 2, 69, '91.123.3.218', '9A:8C:DF:85:3D:S1', '2016-02-29', 1),
(729, 'Edwina', 'Barton', '12', '60', 4, 166, NULL, '9A:8C:DF:81:0D:S9', '2016-02-29', 1),
(730, 'Brenda', 'Brewster', '12', '61', 3, 173, NULL, '9A:8C:DF:52:9D:S5', '2016-02-29', 1),
(731, 'Joanna', 'Brazier', '12', '62', 3, 93, '91.123.3.221', '9A:8C:DF:68:5D:S3', '2016-02-29', 1),
(732, 'Jessica', 'Badley', '12', '63', 1, 60, '91.123.3.222', '9A:8C:DF:31:0D:S9', '2016-02-29', 1),
(733, 'Clarissa', 'Adin', '12', '64', 5, 162, NULL, '9A:8C:DF:43:6D:S6', '2016-02-29', 1),
(734, 'Hope', 'Blair', '13', '1', 3, 261, '91.123.3.224', '9A:8C:DF:40:5D:S5', '2016-02-29', 1),
(735, 'Celine', 'Barker', '13', '2', 4, 74, '91.123.3.225', '9A:8C:DF:71:2D:S6', '2016-02-29', 1),
(736, 'Kierra', 'Broughton', '13', '3', 4, 20, '91.123.3.226', '9A:8C:DF:60:1D:S5', '2016-02-29', 1),
(737, 'Lauren', 'Bowyer', '13', '4', 5, 135, '91.123.3.227', '9A:8C:DF:73:5D:S6', '2016-02-29', 1),
(738, 'I', 'Aitchison', '13', '5', 4, 77, '91.123.3.228', '9A:8C:DF:44:0D:S9', '2016-02-29', 1),
(739, 'Heidi', 'Bowes', '13', '6', 3, 163, '91.123.3.229', '9A:8C:DF:27:7D:S7', '2016-02-29', 1),
(740, 'Alison', 'Bethune', '13', '7', 1, 93, '91.123.3.230', '9A:8C:DF:78:4D:S6', '2016-02-29', 1),
(741, 'Leah', 'Bragg', '13', '8', 4, 59, '91.123.3.231', '9A:8C:DF:71:6D:S5', '2016-02-29', 1),
(742, 'Alvina', 'Berry', '13', '9', 3, 68, '91.123.3.232', '9A:8C:DF:96:9D:S4', '2016-02-29', 1),
(743, 'Aubrey', 'Bancroft', '13', '10', 4, 287, '91.123.3.233', '9A:8C:DF:69:5D:S4', '2016-02-29', 1),
(744, 'Davina', 'Barnet', '13', '11', 2, 192, '91.123.3.234', '9A:8C:DF:77:6D:S1', '2016-02-29', 1),
(745, 'Deanne', 'Baynton', '13', '12', 1, 108, '91.123.3.235', '9A:8C:DF:86:2D:S7', '2016-02-29', 1),
(746, 'Charisse', 'Braithwaite', '13', '13', 2, 290, NULL, '9A:8C:DF:16:6D:S2', '2016-02-29', 1),
(747, 'Angel', 'Austen', '13', '14', 2, 67, '91.123.3.237', '9A:8C:DF:48:7D:S5', '2016-02-29', 1),
(748, 'Eunice', 'Begley', '13', '15', 6, 233, '91.123.3.238', '9A:8C:DF:74:8D:S7', '2016-02-29', 1),
(749, 'Kaylee', 'Attenborough', '13', '16', 4, 112, '91.123.3.239', '9A:8C:DF:90:0D:S5', '2016-02-29', 1),
(750, 'Drusilla', 'Batchelor', '13', '17', 2, 293, '91.123.3.240', '9A:8C:DF:78:7D:S2', '2016-02-29', 1),
(751, 'Edwina', 'Butche', '13', '18', 2, 75, '91.123.3.241', '9A:8C:DF:52:8D:S8', '2016-02-29', 1),
(752, 'Charmaine', 'Austin', '13', '19', 4, 214, NULL, '9A:8C:DF:31:1D:S8', '2016-02-29', 1),
(753, 'Diana', 'Atlee', '13', '20', 1, 192, '91.123.3.243', '9A:8C:DF:58:1D:S0', '2016-02-29', 1),
(754, 'Kaylee', 'Barraclough', '13', '21', 5, 200, '91.123.3.244', '9A:8C:DF:67:3D:S5', '2016-02-29', 1),
(755, 'Chloe', 'Boot', '13', '22', 2, 244, '91.123.3.245', '9A:8C:DF:60:9D:S7', '2016-02-29', 1),
(756, 'Dorothy', 'Alderman', '13', '23', 1, 56, NULL, '9A:8C:DF:28:1D:S2', '2016-02-29', 1),
(757, 'Augusta', 'Brown', '13', '24', 6, 148, '91.123.3.247', '9A:8C:DF:51:6D:S2', '2016-02-29', 1),
(758, 'Bridget', 'Brackenridge', '13', '25', 3, 165, '91.123.3.248', '9A:8C:DF:66:0D:S6', '2016-02-29', 1),
(759, 'Lauren', 'Bloomfield', '13', '26', 6, 275, '91.123.3.249', '9A:8C:DF:50:9D:S2', '2016-02-29', 1),
(760, 'Deanna', 'Auger', '13', '27', 3, 242, '91.123.3.250', '9A:8C:DF:46:0D:S6', '2016-02-29', 1),
(761, 'Barbara', 'Bayles', '13', '28', 2, 232, '91.123.3.251', '9A:8C:DF:78:3D:S1', '2016-02-29', 1),
(762, 'Crystal', 'Bromfield', '13', '29', 2, 202, '91.123.3.252', '9A:8C:DF:05:5D:S9', '2016-02-29', 1),
(763, 'Cleo', 'Armstrong', '13', '30', 3, 267, '91.123.3.253', '9A:8C:DF:52:3D:S2', '2016-02-29', 1),
(764, 'Joan', 'Barker', '13', '31', 3, 42, NULL, '9A:8C:DF:90:5D:S4', '2016-02-29', 1),
(765, 'Elektra', 'Beeching', '13', '32', 2, 180, '91.123.3.255', '9A:8C:DF:72:8D:S2', '2016-02-29', 1),
(766, 'C', 'Blackburne', '13', '33', 3, 106, '91.123.4.1', '9A:8C:DF:28:9D:S4', '2016-02-29', 1),
(767, 'Joanna', 'Begley', '13', '34', 5, 48, '91.123.4.2', '9A:8C:DF:53:2D:S7', '2016-02-29', 1),
(768, 'Celine', 'Acton', '13', '35', 6, 135, '91.123.4.3', '9A:8C:DF:26:8D:S3', '2016-02-29', 1),
(769, 'Loretta', 'Bott', '13', '36', 4, 234, '91.123.4.4', '9A:8C:DF:90:9D:S6', '2016-02-29', 1),
(770, 'Dora', 'Beeching', '13', '37', 4, 98, '91.123.4.5', '9A:8C:DF:57:4D:S2', '2016-02-29', 1),
(771, 'Iris', 'Babbs', '13', '38', 4, 226, NULL, '9A:8C:DF:47:4D:S8', '2016-02-29', 1),
(772, 'Kirsten', 'Bush', '13', '39', 5, 281, '91.123.4.7', '9A:8C:DF:06:6D:S2', '2016-02-29', 1),
(773, 'Eudora', 'Brayton', '13', '40', 2, 147, '91.123.4.8', '9A:8C:DF:95:1D:S9', '2016-02-29', 1),
(774, 'Iris', 'Altman', '13', '41', 6, 104, NULL, '9A:8C:DF:83:6D:S0', '2016-02-29', 1),
(775, 'Jemima', 'Baskerville', '13', '42', 4, 10, '91.123.4.10', '9A:8C:DF:52:3D:S1', '2016-02-29', 1),
(776, 'Bella', 'Barnet', '13', '43', 3, 233, '91.123.4.11', '9A:8C:DF:56:7D:S4', '2016-02-29', 1),
(777, 'Edwina', 'Adshead', '13', '44', 2, 237, NULL, '9A:8C:DF:80:1D:S2', '2016-02-29', 1),
(778, 'Angela', 'Blair', '13', '45', 4, 292, '91.123.4.13', '9A:8C:DF:04:7D:S4', '2016-02-29', 1),
(779, 'Leanne', 'Bowie', '13', '46', 4, 286, '91.123.4.14', '9A:8C:DF:80:7D:S0', '2016-02-29', 1),
(780, 'Aubrey', 'Broomhall', '13', '47', 4, 228, '91.123.4.15', '9A:8C:DF:94:5D:S7', '2016-02-29', 1),
(781, 'Lara', 'Aikin', '13', '48', 2, 80, '91.123.4.16', '9A:8C:DF:12:2D:S6', '2016-02-29', 1),
(782, 'Annabel', 'Bowes', '13', '49', 3, 87, '91.123.4.17', '9A:8C:DF:76:3D:S8', '2016-02-29', 1),
(783, 'Chelsea', 'Axon', '13', '50', 4, 99, NULL, '9A:8C:DF:70:3D:S3', '2016-02-29', 1),
(784, 'Charlotte', 'Brack', '13', '51', 3, 212, '91.123.4.19', '9A:8C:DF:66:3D:S6', '2016-02-29', 1),
(785, 'C', 'Bingley', '13', '52', 2, 143, '91.123.4.20', '9A:8C:DF:81:9D:S4', '2016-02-29', 1),
(786, 'Cheryl', 'Auger', '13', '53', 1, 193, NULL, '9A:8C:DF:31:0D:S3', '2016-02-29', 1),
(787, 'Angel', 'Bush', '13', '54', 6, 79, '91.123.4.22', '9A:8C:DF:52:5D:S9', '2016-02-29', 1),
(788, 'Deborah', 'Adcock', '13', '55', 5, 120, '91.123.4.23', '9A:8C:DF:50:0D:S6', '2016-02-29', 1),
(789, 'Giselle', 'Bonniwell', '13', '56', 3, 103, NULL, '9A:8C:DF:07:0D:S6', '2016-02-29', 1),
(790, 'Lauretta', 'Barkley', '13', '57', 6, 71, NULL, '9A:8C:DF:67:2D:S7', '2016-02-29', 1),
(791, 'C', 'Burke', '13', '58', 5, 144, NULL, '9A:8C:DF:58:1D:S5', '2016-02-29', 1),
(792, 'Fiona', 'Berker', '13', '59', 6, 68, '91.123.4.27', '9A:8C:DF:41:2D:S8', '2016-02-29', 1),
(793, 'Ada', 'Bloomfield', '13', '60', 6, 232, '91.123.4.28', '9A:8C:DF:94:5D:S0', '2016-02-29', 1),
(794, 'Gia', 'Amory', '13', '61', 3, 19, '91.123.4.29', '9A:8C:DF:24:2D:S6', '2016-02-29', 1),
(795, 'Eleanor', 'Baines', '13', '62', 2, 108, '91.123.4.30', '9A:8C:DF:05:7D:S3', '2016-02-29', 1),
(796, 'Gwendoline', 'Beasant', '13', '63', 5, 194, '91.123.4.31', '9A:8C:DF:91:0D:S4', '2016-02-29', 1),
(797, 'Crystal', 'Beacham', '13', '64', 3, 278, '91.123.4.32', '9A:8C:DF:34:6D:S2', '2016-02-29', 1),
(798, 'Bronwyn', 'Beamont', '13', '65', 3, 151, '91.123.4.33', '9A:8C:DF:98:0D:S7', '2016-02-29', 1),
(799, 'Jacqueline', 'Bidder', '13', '66', 4, 116, '91.123.4.34', '9A:8C:DF:96:8D:S8', '2016-02-29', 1),
(800, 'B', 'Burgess', '13', '67', 2, 81, '91.123.4.35', '9A:8C:DF:08:6D:S9', '2016-02-29', 1),
(801, 'Janie', 'Beeby', '13', '68', 1, 227, '91.123.4.36', '9A:8C:DF:78:5D:S5', '2016-02-29', 1),
(802, 'Celine', 'Almond', '13', '69', 4, 278, '91.123.4.37', '9A:8C:DF:62:5D:S2', '2016-02-29', 1),
(803, 'Berenice', 'Burgess', '13', '70', 6, 278, NULL, '9A:8C:DF:45:8D:S0', '2016-02-29', 1),
(804, 'Giselle', 'Ashbee', '13', '71', 2, 142, '91.123.4.39', '9A:8C:DF:09:8D:S8', '2016-02-29', 1),
(805, 'Joan', 'Beasant', '13', '72', 5, 281, '91.123.4.40', '9A:8C:DF:23:9D:S6', '2016-02-29', 1),
(806, 'Lorelei', 'Beale', '13', '73', 4, 203, NULL, '9A:8C:DF:63:7D:S2', '2016-02-29', 1),
(807, 'Eudora', 'Axton', '13', '74', 3, 16, '91.123.4.42', '9A:8C:DF:12:9D:S3', '2016-02-29', 1),
(808, 'Alvina', 'Brinkley', '13', '75', 4, 162, NULL, '9A:8C:DF:30:9D:S1', '2016-02-29', 1),
(809, 'Iris', 'Bromley-Davenport', '13', '76', 2, 192, '91.123.4.44', '9A:8C:DF:21:7D:S4', '2016-02-29', 1),
(810, 'Destiny', 'Barraclough', '13', '77', 6, 272, '91.123.4.45', '9A:8C:DF:85:5D:S0', '2016-02-29', 1),
(811, 'H', 'Archer', '14', '1', 5, 246, '91.123.4.46', '9A:8C:DF:89:6D:S7', '2016-02-29', 1),
(812, 'Isla', 'Arnold', '14', '2', 6, 136, '91.123.4.47', '9A:8C:DF:32:3D:S2', '2016-02-29', 1),
(813, 'Charity', 'Almond', '14', '3', 1, 9, NULL, '9A:8C:DF:60:4D:S2', '2016-02-29', 1),
(814, 'Cathleen', 'Atkinson', '14', '4', 6, 272, '91.123.4.49', '9A:8C:DF:03:6D:S5', '2016-02-29', 1),
(815, 'Daisy', 'Blackmon', '14', '5', 4, 225, NULL, '9A:8C:DF:08:3D:S7', '2016-02-29', 1),
(816, 'Louis', 'Beale', '14', '6', 2, 193, '91.123.4.51', '9A:8C:DF:67:7D:S6', '2016-02-29', 1),
(817, 'Ivy', 'Armstrong', '14', '7', 1, 88, '91.123.4.52', '9A:8C:DF:41:6D:S6', '2016-02-29', 1),
(818, 'Eudora', 'Bromley-Davenport', '14', '8', 5, 83, '91.123.4.53', '9A:8C:DF:86:8D:S3', '2016-02-29', 1),
(819, 'Christabel', 'Beckford', '14', '9', 5, 57, '91.123.4.54', '9A:8C:DF:38:2D:S9', '2016-02-29', 1),
(820, 'Betty', 'Butche', '14', '10', 6, 205, '91.123.4.55', '9A:8C:DF:60:8D:S7', '2016-02-29', 1),
(821, 'D', 'Badley', '14', '11', 2, 69, '91.123.4.56', '9A:8C:DF:81:4D:S3', '2016-02-29', 1),
(822, 'Lily', 'Bloomfield', '14', '12', 4, 163, '91.123.4.57', '9A:8C:DF:72:2D:S4', '2016-02-29', 1),
(823, 'Lily', 'Bedser', '14', '13', 6, 75, '91.123.4.58', '9A:8C:DF:04:5D:S4', '2016-02-29', 1),
(824, 'Imogen', 'Brazier', '14', '14', 2, 225, '91.123.4.59', '9A:8C:DF:41:9D:S4', '2016-02-29', 1),
(825, 'Celinda', 'Akroyd', '14', '15', 5, 194, '91.123.4.60', '9A:8C:DF:70:4D:S2', '2016-02-29', 1),
(826, 'Leyna', 'Bethune', '14', '16', 2, 175, '91.123.4.61', '9A:8C:DF:42:8D:S8', '2016-02-29', 1),
(827, 'Kirsten', 'Alexander', '14', '17', 2, 206, '91.123.4.62', '9A:8C:DF:63:4D:S6', '2016-02-29', 1),
(828, 'Bronwyn', 'Asbridge', '14', '18', 3, 95, NULL, '9A:8C:DF:78:8D:S7', '2016-02-29', 1),
(829, 'Charmaine', 'Benedict', '14', '19', 6, 135, '91.123.4.64', '9A:8C:DF:14:0D:S8', '2016-02-29', 1),
(830, 'Lillian', 'Acheson', '14', '20', 3, 219, '91.123.4.65', '9A:8C:DF:53:3D:S2', '2016-02-29', 1),
(831, 'Estelle', 'Ashley-Cooper', '14', '21', 1, 271, '91.123.4.66', '9A:8C:DF:40:8D:S3', '2016-02-29', 1),
(832, 'Leanne', 'Barleycorn', '14', '22', 4, 117, '91.123.4.67', '9A:8C:DF:02:5D:S3', '2016-02-29', 1),
(833, 'Ellen', 'Bush', '14', '23', 4, 15, '91.123.4.68', '9A:8C:DF:13:7D:S5', '2016-02-29', 1),
(834, 'Lila', 'Beaton', '14', '24', 3, 276, '91.123.4.69', '9A:8C:DF:11:6D:S2', '2016-02-29', 1),
(835, 'Hester', 'Barleycorn', '14', '25', 2, 251, '91.123.4.70', '9A:8C:DF:58:0D:S0', '2016-02-29', 1),
(836, 'Ada', 'Beeching', '14', '26', 4, 142, NULL, '9A:8C:DF:07:1D:S8', '2016-02-29', 1),
(837, 'Deanne', 'Brown', '14', '27', 5, 296, '91.123.4.72', '9A:8C:DF:02:4D:S7', '2016-02-29', 1),
(838, 'Honor', 'Braxton', '14', '28', 6, 276, '91.123.4.73', '9A:8C:DF:64:7D:S0', '2016-02-29', 1),
(839, 'Joan', 'Bloomer', '14', '29', 6, 44, NULL, '9A:8C:DF:85:9D:S2', '2016-02-29', 1),
(840, 'Cheryl', 'Bates', '14', '30', 4, 1, '91.123.4.75', '9A:8C:DF:00:2D:S5', '2016-02-29', 1),
(841, 'Bella', 'Barber', '14', '31', 3, 60, '91.123.4.76', '9A:8C:DF:31:7D:S7', '2016-02-29', 1),
(842, 'Leanne', 'Brown', '14', '32', 6, 158, NULL, '9A:8C:DF:59:1D:S8', '2016-02-29', 1),
(843, 'Jemma', 'Bercow', '14', '33', 2, 237, '91.123.4.78', '9A:8C:DF:79:0D:S5', '2016-02-29', 1),
(844, 'Autumn', 'Beanland', '14', '34', 3, 184, NULL, '9A:8C:DF:07:4D:S7', '2016-02-29', 1),
(845, 'Flora', 'Beckford', '14', '35', 3, 123, NULL, '9A:8C:DF:79:9D:S0', '2016-02-29', 1),
(846, 'Elizabeth', 'Brightwell', '14', '36', 3, 94, '91.123.4.81', '9A:8C:DF:72:5D:S4', '2016-02-29', 1),
(847, 'Avis', 'Bowyer', '14', '37', 3, 59, '91.123.4.82', '9A:8C:DF:55:8D:S0', '2016-02-29', 1),
(848, 'Ethel', 'Asbridge', '14', '38', 2, 155, NULL, '9A:8C:DF:64:2D:S1', '2016-02-29', 1),
(849, 'Cheryl', 'Breckenridge', '14', '39', 5, 193, '91.123.4.84', '9A:8C:DF:46:4D:S0', '2016-02-29', 1),
(850, 'Eunice', 'Beckford', '14', '40', 4, 115, NULL, '9A:8C:DF:78:8D:S5', '2016-02-29', 1),
(851, 'Anna', 'Armstead', '14', '41', 6, 278, '91.123.4.86', '9A:8C:DF:29:1D:S6', '2016-02-29', 1),
(852, 'Celestia', 'Brightwell', '14', '42', 1, 40, NULL, '9A:8C:DF:87:4D:S7', '2016-02-29', 1),
(853, 'Hero', 'Bence', '14', '43', 6, 72, '91.123.4.88', '9A:8C:DF:88:3D:S4', '2016-02-29', 1),
(854, 'C', 'Bedford', '14', '44', 2, 236, '91.123.4.89', '9A:8C:DF:57:0D:S4', '2016-02-29', 1),
(855, 'Lois', 'Bancroft', '14', '45', 4, 203, NULL, '9A:8C:DF:66:3D:S7', '2016-02-29', 1),
(856, 'Betty', 'Astle', '14', '46', 5, 7, '91.123.4.91', '9A:8C:DF:87:6D:S9', '2016-02-29', 1),
(857, 'Hope', 'Bennett', '14', '47', 5, 119, '91.123.4.92', '9A:8C:DF:65:4D:S0', '2016-02-29', 1),
(858, 'Liana', 'Bowie', '14', '48', 1, 155, '91.123.4.93', '9A:8C:DF:87:6D:S4', '2016-02-29', 1),
(859, 'Ethel', 'Braceful', '14', '49', 1, 12, NULL, '9A:8C:DF:51:2D:S4', '2016-02-29', 1),
(860, 'Jenna', 'Appleton', '14', '50', 2, 189, '91.123.4.95', '9A:8C:DF:34:8D:S0', '2016-02-29', 1),
(861, 'Lily', 'Bott', '14', '51', 4, 190, '91.123.4.96', '9A:8C:DF:64:9D:S4', '2016-02-29', 1),
(862, 'Lorna', 'Amory', '14', '52', 1, 187, '91.123.4.97', '9A:8C:DF:30:4D:S9', '2016-02-29', 1),
(863, 'Bronwen', 'Baynton', '14', '53', 1, 65, '91.123.4.98', '9A:8C:DF:84:6D:S7', '2016-02-29', 1),
(864, 'Dora', 'Bush', '14', '54', 1, 102, '91.123.4.99', '9A:8C:DF:77:2D:S3', '2016-02-29', 1),
(865, 'H', 'Brazier', '14', '55', 6, 268, '91.123.4.100', '9A:8C:DF:06:1D:S1', '2016-02-29', 1),
(866, 'Crystal', 'Appleton', '14', '56', 5, 56, '91.123.4.101', '9A:8C:DF:14:3D:S6', '2016-02-29', 1),
(867, 'Esty', 'Boothby', '14', '57', 6, 20, '91.123.4.102', '9A:8C:DF:09:7D:S5', '2016-02-29', 1),
(868, 'Celestia', 'Bidder', '14', '58', 3, 117, '91.123.4.103', '9A:8C:DF:49:3D:S8', '2016-02-29', 1),
(869, 'Averil', 'Axtell', '14', '59', 3, 123, '91.123.4.104', '9A:8C:DF:16:3D:S2', '2016-02-29', 1),
(870, 'Josephine', 'Atkin', '14', '60', 6, 209, '91.123.4.105', '9A:8C:DF:90:1D:S6', '2016-02-29', 1),
(871, 'Joy', 'Begley', '14', '61', 6, 1, '91.123.4.106', '9A:8C:DF:14:2D:S8', '2016-02-29', 1),
(872, 'I', 'Burgess', '14', '62', 2, 34, NULL, '9A:8C:DF:62:7D:S7', '2016-02-29', 1),
(873, 'Daphne', 'Broomhall', '14', '63', 2, 169, '91.123.4.108', '9A:8C:DF:56:3D:S2', '2016-02-29', 1),
(874, 'Cordelia', 'Bayntun', '14', '64', 2, 189, NULL, '9A:8C:DF:38:0D:S3', '2016-02-29', 1),
(875, 'Ethel', 'Aykroyd', '14', '65', 5, 232, '91.123.4.110', '9A:8C:DF:95:0D:S6', '2016-02-29', 1),
(876, 'Aubrey', 'Berkeley', '14', '66', 2, 56, '91.123.4.111', '9A:8C:DF:62:8D:S3', '2016-02-29', 1),
(877, 'Adele', 'Beacham', '14', '67', 3, 19, '91.123.4.112', '9A:8C:DF:10:1D:S2', '2016-02-29', 1),
(878, 'Cynthia', 'Acton', '14', '68', 6, 170, NULL, '9A:8C:DF:31:3D:S8', '2016-02-29', 1),
(879, 'Dawn', 'Alabaster', '14', '69', 4, 233, NULL, '9A:8C:DF:59:4D:S1', '2016-02-29', 1),
(880, 'Henrietta', 'Berry', '14', '70', 5, 190, '91.123.4.115', '9A:8C:DF:65:7D:S6', '2016-02-29', 1),
(881, 'Charmaine', 'Atlee', '14', '71', 4, 9, '91.123.4.116', '9A:8C:DF:97:3D:S8', '2016-02-29', 1),
(882, 'Eva', 'Blackburn', '14', '72', 1, 174, '91.123.4.117', '9A:8C:DF:14:4D:S3', '2016-02-29', 1),
(883, 'Joey', 'Brackman', '14', '73', 5, 107, '91.123.4.118', '9A:8C:DF:95:1D:S1', '2016-02-29', 1),
(884, 'Giselle', 'Beasant', '14', '74', 5, 80, '91.123.4.119', '9A:8C:DF:64:4D:S6', '2016-02-29', 1),
(885, 'Kathleen', 'Bull', '14', '75', 3, 139, '91.123.4.120', '9A:8C:DF:29:4D:S4', '2016-02-29', 1),
(886, 'Alice', 'Alderman', '14', '76', 3, 74, '91.123.4.121', '9A:8C:DF:22:9D:S9', '2016-02-29', 1),
(887, 'Cassandra', 'Buckler', '14', '77', 3, 82, NULL, '9A:8C:DF:06:1D:S5', '2016-02-29', 1),
(888, 'Lois', 'Bedford', '14', '78', 3, 74, '91.123.4.123', '9A:8C:DF:35:8D:S9', '2016-02-29', 1),
(889, 'Janie', 'Aikin', '14', '79', 1, 141, '91.123.4.124', '9A:8C:DF:33:4D:S3', '2016-02-29', 1),
(890, 'Esty', 'Asbridge', '14', '80', 5, 52, '91.123.4.125', '9A:8C:DF:80:6D:S5', '2016-02-29', 1),
(891, 'Flora', 'Burns', '14', '81', 1, 220, '91.123.4.126', '9A:8C:DF:39:9D:S2', '2016-02-29', 1),
(892, 'Jolie', 'Black', '14', '82', 4, 99, '91.123.4.127', '9A:8C:DF:39:8D:S2', '2016-02-29', 1),
(893, 'Harriet', 'Barleycorn', '14', '83', 3, 9, '91.123.4.128', '9A:8C:DF:99:3D:S1', '2016-02-29', 1),
(894, 'Jane', 'Brack', '14', '84', 5, 115, '91.123.4.129', '9A:8C:DF:57:0D:S3', '2016-02-29', 1),
(895, 'Cynthia', 'Adin', '14', '85', 5, 35, '91.123.4.130', '9A:8C:DF:50:6D:S6', '2016-02-29', 1),
(896, 'Audrey', 'Armitstead', '14', '86', 1, 161, NULL, '9A:8C:DF:02:3D:S2', '2016-02-29', 1),
(897, 'Amy', 'Ardley', '14', '87', 3, 276, '91.123.4.132', '9A:8C:DF:40:8D:S3', '2016-02-29', 1),
(898, 'Doreen', 'Atkin', '15', '1', 2, 287, NULL, '9A:8C:DF:00:4D:S2', '2016-02-29', 1),
(899, 'Bronwen', 'Bence', '15', '2', 4, 258, '91.123.4.134', '9A:8C:DF:79:1D:S6', '2016-02-29', 1),
(900, 'Alanna', 'Ayrton', '15', '3', 4, 218, '91.123.4.135', '9A:8C:DF:15:3D:S8', '2016-02-29', 1),
(901, 'Hero', 'Brown', '15', '4', 2, 12, '91.123.4.136', '9A:8C:DF:43:8D:S1', '2016-02-29', 1),
(902, 'Lois', 'Almond', '15', '5', 2, 12, '91.123.4.137', '9A:8C:DF:10:6D:S2', '2016-02-29', 1),
(903, 'Carolynn', 'Baxter', '15', '6', 2, 25, '91.123.4.138', '9A:8C:DF:35:6D:S5', '2016-02-29', 1),
(904, 'Gwendolyn', 'Bingley', '15', '7', 2, 198, '91.123.4.139', '9A:8C:DF:90:2D:S3', '2016-02-29', 1),
(905, 'Lily', 'Anstead', '15', '8', 1, 72, '91.123.4.140', '9A:8C:DF:96:3D:S1', '2016-02-29', 1),
(906, 'Carolyn', 'Butche', '15', '9', 2, 173, '91.123.4.141', '9A:8C:DF:08:1D:S0', '2016-02-29', 1),
(907, 'Felicity', 'Bentley', '15', '10', 4, 204, '91.123.4.142', '9A:8C:DF:39:7D:S2', '2016-02-29', 1),
(908, 'Deanne', 'Aykroyd', '15', '11', 2, 54, '91.123.4.143', '9A:8C:DF:87:5D:S7', '2016-02-29', 1),
(909, 'Cordelia', 'Abbey', '15', '12', 3, 190, '91.123.4.144', '9A:8C:DF:71:0D:S4', '2016-02-29', 1),
(910, 'Davina', 'Afford', '15', '13', 4, 98, '91.123.4.145', '9A:8C:DF:58:6D:S6', '2016-02-29', 1),
(911, 'Karen', 'Auster', '15', '14', 5, 54, '91.123.4.146', '9A:8C:DF:47:1D:S9', '2016-02-29', 1),
(912, 'Cheryl', 'Adshead', '15', '15', 2, 116, '91.123.4.147', '9A:8C:DF:03:7D:S7', '2016-02-29', 1),
(913, 'Lillian', 'Broughton', '15', '16', 6, 143, '91.123.4.148', '9A:8C:DF:69:4D:S3', '2016-02-29', 1),
(914, 'Karen', 'Aitch', '15', '17', 5, 115, '91.123.4.149', '9A:8C:DF:51:0D:S6', '2016-02-29', 1),
(915, 'Christina', 'Applegate', '15', '18', 2, 299, NULL, '9A:8C:DF:03:5D:S7', '2016-02-29', 1),
(916, 'Ivy', 'Black', '15', '19', 5, 267, '91.123.4.151', '9A:8C:DF:36:8D:S7', '2016-02-29', 1),
(917, 'Eva', 'Atlee', '15', '20', 6, 141, NULL, '9A:8C:DF:55:2D:S4', '2016-02-29', 1),
(918, 'Alaina', 'Arden', '15', '21', 6, 178, '91.123.4.153', '9A:8C:DF:13:1D:S5', '2016-02-29', 1),
(919, 'Linda', 'Berry', '15', '22', 6, 136, '91.123.4.154', '9A:8C:DF:12:7D:S5', '2016-02-29', 1),
(920, 'Deborah', 'Armstrong', '15', '23', 2, 288, '91.123.4.155', '9A:8C:DF:28:8D:S3', '2016-02-29', 1),
(921, 'Helene', 'Bayles', '15', '24', 5, 65, NULL, '9A:8C:DF:67:3D:S7', '2016-02-29', 1),
(922, 'Christabel', 'Allison', '15', '25', 2, 189, '91.123.4.157', '9A:8C:DF:51:0D:S0', '2016-02-29', 1),
(923, 'Bella', 'Applegate', '15', '26', 1, 54, '91.123.4.158', '9A:8C:DF:09:0D:S7', '2016-02-29', 1),
(924, 'Ida', 'Bayles', '15', '27', 1, 10, NULL, '9A:8C:DF:28:6D:S8', '2016-02-29', 1),
(925, 'Ethel', 'Bidder', '15', '28', 1, 157, '91.123.4.160', '9A:8C:DF:28:4D:S6', '2016-02-29', 1),
(926, 'Annabel', 'Adcock', '15', '29', 1, 137, '91.123.4.161', '9A:8C:DF:17:2D:S6', '2016-02-29', 1),
(927, 'Joey', 'Acton', '15', '30', 6, 296, NULL, '9A:8C:DF:06:3D:S4', '2016-02-29', 1),
(928, 'Bronwen', 'Biggins', '15', '31', 3, 269, '91.123.4.163', '9A:8C:DF:55:9D:S2', '2016-02-29', 1),
(929, 'Daphne', 'Boot', '16', '1', 3, 287, '91.123.4.164', '9A:8C:DF:05:8D:S3', '2016-02-29', 1),
(930, 'Lorraine', 'Bethune', '16', '2', 6, 272, '91.123.4.165', '9A:8C:DF:87:6D:S0', '2016-02-29', 1),
(931, 'G', 'Berker', '16', '3', 2, 46, NULL, '9A:8C:DF:98:7D:S0', '2016-02-29', 1),
(932, 'Lettice', 'Bayer', '16', '4', 4, 130, '91.123.4.167', '9A:8C:DF:23:3D:S1', '2016-02-29', 1),
(933, 'Judith', 'Bagshaw', '16', '5', 6, 97, '91.123.4.168', '9A:8C:DF:76:1D:S8', '2016-02-29', 1),
(934, 'Faith', 'Birdsong', '16', '6', 2, 91, '91.123.4.169', '9A:8C:DF:90:8D:S6', '2016-02-29', 1),
(935, 'Bella', 'Beardsley', '16', '7', 1, 72, NULL, '9A:8C:DF:70:2D:S4', '2016-02-29', 1),
(936, 'Hero', 'Bell', '16', '8', 3, 88, NULL, '9A:8C:DF:18:6D:S5', '2016-02-29', 1),
(937, 'Flora', 'Bedingfeld', '16', '9', 6, 162, NULL, '9A:8C:DF:72:0D:S6', '2016-02-29', 1),
(938, 'Iona', 'Bayntun', '16', '10', 3, 220, '91.123.4.173', '9A:8C:DF:63:6D:S2', '2016-02-29', 1),
(939, 'Josephine', 'Batchelor', '16', '11', 6, 161, NULL, '9A:8C:DF:62:3D:S9', '2016-02-29', 1),
(940, 'June', 'Ardley', '16', '12', 4, 42, '91.123.4.175', '9A:8C:DF:63:9D:S4', '2016-02-29', 1),
(941, 'Harriet', 'Bottomley', '16', '13', 5, 277, NULL, '9A:8C:DF:72:6D:S6', '2016-02-29', 1),
(942, 'Crystal', 'Astley', '16', '14', 4, 128, '91.123.4.177', '9A:8C:DF:45:9D:S5', '2016-02-29', 1),
(943, 'Eileen', 'Brewster', '16', '15', 3, 238, '91.123.4.178', '9A:8C:DF:55:3D:S8', '2016-02-29', 1),
(944, 'Cecily', 'Ashley-Cooper', '16', '16', 4, 8, '91.123.4.179', '9A:8C:DF:17:3D:S6', '2016-02-29', 1),
(945, 'Cordelia', 'Bartholomew', '16', '17', 3, 61, '91.123.4.180', '9A:8C:DF:55:8D:S7', '2016-02-29', 1),
(946, 'Jaime', 'Beck', '16', '18', 4, 106, NULL, '9A:8C:DF:38:4D:S0', '2016-02-29', 1),
(947, 'Jennifer', 'Abbott', '16', '19', 3, 26, '91.123.4.182', '9A:8C:DF:31:8D:S1', '2016-02-29', 1),
(948, 'June', 'Bell', '16', '20', 1, 231, '91.123.4.183', '9A:8C:DF:22:8D:S9', '2016-02-29', 1),
(949, 'Anna', 'Bennett', '16', '21', 3, 285, '91.123.4.184', '9A:8C:DF:65:3D:S3', '2016-02-29', 1),
(950, 'Eudora', 'Boot', '16', '22', 3, 103, '91.123.4.185', '9A:8C:DF:59:3D:S4', '2016-02-29', 1),
(951, 'Bronwyn', 'Bracey', '16', '23', 3, 91, '91.123.4.186', '9A:8C:DF:94:2D:S7', '2016-02-29', 1),
(952, 'Antonia', 'Brightwell', '16', '24', 6, 289, '91.123.4.187', '9A:8C:DF:74:5D:S7', '2016-02-29', 1),
(953, 'Hero', 'Brayton', '16', '25', 3, 154, NULL, '9A:8C:DF:01:4D:S8', '2016-02-29', 1),
(954, 'I', 'Bingham', '16', '26', 1, 94, '91.123.4.189', '9A:8C:DF:76:9D:S6', '2016-02-29', 1),
(955, 'D', 'Atkinson', '16', '27', 3, 25, '91.123.4.190', '9A:8C:DF:50:8D:S7', '2016-02-29', 1),
(956, 'Betsy', 'Bingley', '16', '28', 4, 73, '91.123.4.191', '9A:8C:DF:30:4D:S1', '2016-02-29', 1),
(957, 'Alvina', 'Broom', '16', '29', 2, 28, '91.123.4.192', '9A:8C:DF:94:0D:S2', '2016-02-29', 1),
(958, 'Cleo', 'Ashley-Cooper', '16', '30', 6, 45, '91.123.4.193', '9A:8C:DF:71:3D:S5', '2016-02-29', 1),
(959, 'Edna', 'Akehurst', '16', '31', 5, 109, '91.123.4.194', '9A:8C:DF:47:2D:S9', '2016-02-29', 1),
(960, 'Christabel', 'Bayles', '16', '32', 2, 9, '91.123.4.195', '9A:8C:DF:86:0D:S8', '2016-02-29', 1),
(961, 'J', 'Auger', '16', '33', 2, 8, '91.123.4.196', '9A:8C:DF:03:9D:S5', '2016-02-29', 1),
(962, 'Kirsten', 'Acton', '16', '34', 6, 107, '91.123.4.197', '9A:8C:DF:88:6D:S0', '2016-02-29', 1),
(963, 'Lauretta', 'Blackmon', '16', '35', 3, 145, '91.123.4.198', '9A:8C:DF:80:6D:S6', '2016-02-29', 1),
(964, 'Jacqueline', 'Axton', '16', '36', 2, 133, NULL, '9A:8C:DF:94:4D:S9', '2016-02-29', 1),
(965, 'Barbara', 'Ayrton', '16', '37', 6, 262, '91.123.4.200', '9A:8C:DF:95:4D:S4', '2016-02-29', 1),
(966, 'Genevieve', 'Alderdice', '16', '38', 4, 47, NULL, '9A:8C:DF:21:6D:S8', '2016-02-29', 1),
(967, 'Lorraine', 'Bromfield', '16', '39', 3, 100, NULL, '9A:8C:DF:51:8D:S7', '2016-02-29', 1),
(968, 'C', 'Attenborough', '16', '40', 5, 286, NULL, '9A:8C:DF:16:8D:S2', '2016-02-29', 1),
(969, 'Honor', 'Butche', '16', '41', 5, 7, '91.123.4.204', '9A:8C:DF:80:3D:S8', '2016-02-29', 1),
(970, 'C', 'Beckford', '16', '42', 4, 276, '91.123.4.205', '9A:8C:DF:89:8D:S1', '2016-02-29', 1),
(971, 'Helena', 'Aylesworth', '16', '43', 6, 108, '91.123.4.206', '9A:8C:DF:59:8D:S2', '2016-02-29', 1),
(972, 'Lauren', 'Boulting', '16', '44', 6, 26, NULL, '9A:8C:DF:96:8D:S3', '2016-02-29', 1),
(973, 'June', 'Basford', '16', '45', 1, 136, '91.123.4.208', '9A:8C:DF:82:4D:S9', '2016-02-29', 1),
(974, 'Galenka', 'Broughton', '16', '46', 4, 120, '91.123.4.209', '9A:8C:DF:34:7D:S1', '2016-02-29', 1),
(975, 'Charisse', 'Barry', '16', '47', 1, 170, '91.123.4.210', '9A:8C:DF:70:9D:S9', '2016-02-29', 1),
(976, 'Georgiana', 'Abbot', '16', '48', 1, 178, '91.123.4.211', '9A:8C:DF:04:5D:S5', '2016-02-29', 1),
(977, 'Joan', 'Barraclough', '16', '49', 3, 146, '91.123.4.212', '9A:8C:DF:57:6D:S8', '2016-02-29', 1),
(978, 'Amanda', 'Bedingfeld', '16', '50', 3, 260, '91.123.4.213', '9A:8C:DF:19:3D:S3', '2016-02-29', 1),
(979, 'Carolynn', 'Axford', '16', '51', 5, 15, '91.123.4.214', '9A:8C:DF:58:2D:S8', '2016-02-29', 1),
(980, 'Jemima', 'Burns', '16', '52', 6, 39, '91.123.4.215', '9A:8C:DF:88:3D:S9', '2016-02-29', 1),
(981, 'Betsy', 'Bracey', '16', '53', 6, 101, '91.123.4.216', '9A:8C:DF:98:5D:S8', '2016-02-29', 1),
(982, 'Gwendolen', 'Blyth', '16', '54', 3, 228, NULL, '9A:8C:DF:85:2D:S6', '2016-02-29', 1),
(983, 'Joelle', 'Brayton', '16', '55', 6, 184, '91.123.4.218', '9A:8C:DF:96:5D:S5', '2016-02-29', 1),
(984, 'Belinda', 'Allred', '16', '56', 4, 170, '91.123.4.219', '9A:8C:DF:93:8D:S4', '2016-02-29', 1),
(985, 'Dora', 'Beeching', '16', '57', 1, 18, '91.123.4.220', '9A:8C:DF:66:2D:S1', '2016-02-29', 1),
(986, 'Gwen', 'Bugden', '16', '58', 2, 259, '91.123.4.221', '9A:8C:DF:55:2D:S5', '2016-02-29', 1),
(987, 'Leah', 'Buckler', '16', '59', 6, 221, '91.123.4.222', '9A:8C:DF:02:7D:S9', '2016-02-29', 1),
(988, 'Alvina', 'Barnet', '16', '60', 3, 257, '91.123.4.223', '9A:8C:DF:52:2D:S1', '2016-02-29', 1),
(989, 'Giselle', 'Boulting', '16', '61', 2, 64, '91.123.4.224', '9A:8C:DF:37:0D:S9', '2016-02-29', 1),
(990, 'Abigail', 'Axon', '16', '62', 4, 17, '91.123.4.225', '9A:8C:DF:33:2D:S9', '2016-02-29', 1),
(991, 'Helena', 'Blackmon', '16', '63', 4, 256, '91.123.4.226', '9A:8C:DF:36:5D:S2', '2016-02-29', 1),
(992, 'Caroline', 'Boulting', '16', '64', 3, 270, '91.123.4.227', '9A:8C:DF:54:8D:S5', '2016-02-29', 1),
(993, 'Lara', 'Bloodworth', '16', '65', 4, 52, '91.123.4.228', '9A:8C:DF:60:6D:S7', '2016-02-29', 1),
(994, 'Gia', 'Butche', '16', '66', 1, 295, '91.123.4.229', '9A:8C:DF:56:7D:S5', '2016-02-29', 1),
(995, 'Brenda', 'Bottrill', '16', '67', 2, 30, NULL, '9A:8C:DF:71:2D:S7', '2016-02-29', 1),
(996, 'Gwendolyn', 'Bagshaw', '16', '68', 2, 284, '91.123.4.231', '9A:8C:DF:50:4D:S1', '2016-02-29', 1),
(997, 'Alaina', 'Broomhall', '16', '69', 2, 219, '91.123.4.232', '9A:8C:DF:21:7D:S1', '2016-02-29', 1),
(998, 'Lilla', 'Bercow', '16', '70', 5, 92, '91.123.4.233', '9A:8C:DF:40:4D:S1', '2016-02-29', 1),
(999, 'K', 'Beamont', '16', '71', 3, 229, NULL, '9A:8C:DF:04:7D:S5', '2016-02-29', 1),
(1000, 'Jolie', 'Bayer', '16', '72', 5, 266, '91.123.4.235', '9A:8C:DF:25:0D:S4', '2016-02-29', 1);


INSERT INTO tblCustomer (Id, Forename, Surname, HouseId, Flat, TariffId, Balance, IpAddress, MacAddress, LastChargedDate, [State])
VALUES
(1001, 'I', 'Arden', '16', '73', 2, 178, NULL, '9A:8C:DF:69:0D:S4', '2016-02-29', 1),
(1002, 'Effie', 'Beachum', '16', '74', 6, 275, '91.123.4.237', '9A:8C:DF:34:9D:S5', '2016-02-29', 1),
(1003, 'Cassandra', 'Bayntun', '16', '75', 6, 79, '91.123.4.238', '9A:8C:DF:68:2D:S8', '2016-02-29', 1),
(1004, 'Ida', 'Atkins', '16', '76', 5, 78, NULL, '9A:8C:DF:18:8D:S3', '2016-02-29', 1),
(1005, 'Dede', 'Braceful', '17', '1', 5, 35, '91.123.4.240', '9A:8C:DF:04:8D:S6', '2016-02-29', 1),
(1006, 'Imelda', 'Brennan', '17', '2', 6, 278, '91.123.4.241', '9A:8C:DF:84:9D:S7', '2016-02-29', 1),
(1007, 'Celestia', 'Bradley', '17', '3', 1, 115, '91.123.4.242', '9A:8C:DF:29:5D:S1', '2016-02-29', 1),
(1008, 'Barbara', 'Atkins', '17', '4', 5, 107, '91.123.4.243', '9A:8C:DF:65:9D:S1', '2016-02-29', 1),
(1009, 'Gaynor', 'Blight', '17', '5', 1, 66, '91.123.4.244', '9A:8C:DF:46:3D:S5', '2016-02-29', 1),
(1010, 'Danna', 'Austen', '17', '6', 3, 91, '91.123.4.245', '9A:8C:DF:33:2D:S6', '2016-02-29', 1),
(1011, 'Bertha', 'Acton', '17', '7', 4, 228, '91.123.4.246', '9A:8C:DF:58:3D:S6', '2016-02-29', 1),
(1012, 'Adelaide', 'Baines', '17', '8', 2, 106, '91.123.4.247', '9A:8C:DF:96:3D:S3', '2016-02-29', 1),
(1013, 'Esty', 'Adin', '17', '9', 3, 155, '91.123.4.248', '9A:8C:DF:06:7D:S2', '2016-02-29', 1),
(1014, 'Gwendoline', 'Braxton', '17', '10', 6, 114, '91.123.4.249', '9A:8C:DF:00:0D:S7', '2016-02-29', 1),
(1015, 'Ella', 'Bradley', '17', '11', 6, 6, NULL, '9A:8C:DF:28:9D:S0', '2016-02-29', 1),
(1016, 'Charmaine', 'Boulting', '17', '12', 1, 221, NULL, '9A:8C:DF:85:6D:S3', '2016-02-29', 1),
(1017, 'Cathleen', 'Ayrton', '17', '13', 4, 92, NULL, '9A:8C:DF:74:9D:S1', '2016-02-29', 1),
(1018, 'Galenka', 'Bramble', '17', '14', 6, 270, '91.123.4.253', '9A:8C:DF:02:4D:S8', '2016-02-29', 1),
(1019, 'Bridget', 'Bedser', '17', '15', 6, 257, '91.123.4.254', '9A:8C:DF:10:9D:S7', '2016-02-29', 1),
(1020, 'L', 'Berker', '17', '16', 5, 26, '91.123.4.255', '9A:8C:DF:30:4D:S4', '2016-02-29', 1),
(1021, 'Crystal', 'Bentley', '17', '17', 3, 73, '91.123.5.1', '9A:8C:DF:50:1D:S4', '2016-02-29', 1),
(1022, 'Leah', 'Bentley', '17', '18', 5, 8, NULL, '9A:8C:DF:11:6D:S6', '2016-02-29', 1),
(1023, 'Alberta', 'Beckford', '17', '19', 2, 146, '91.123.5.3', '9A:8C:DF:45:7D:S4', '2016-02-29', 1),
(1024, 'Kathleen', 'Alabaster', '17', '20', 2, 233, '91.123.5.4', '9A:8C:DF:90:7D:S7', '2016-02-29', 1),
(1025, 'Bridget', 'Adkins', '17', '21', 1, 39, '91.123.5.5', '9A:8C:DF:88:2D:S0', '2016-02-29', 1),
(1026, 'Jennifer', 'Brackenridge', '17', '22', 3, 68, '91.123.5.6', '9A:8C:DF:29:7D:S1', '2016-02-29', 1),
(1027, 'Jessie', 'Bethune', '17', '23', 6, 119, '91.123.5.7', '9A:8C:DF:11:8D:S1', '2016-02-29', 1),
(1028, 'Carolyn', 'Axtell', '17', '24', 3, 75, '91.123.5.8', '9A:8C:DF:92:4D:S9', '2016-02-29', 1),
(1029, 'Emma', 'Broomfield', '17', '25', 4, 133, '91.123.5.9', '9A:8C:DF:24:4D:S9', '2016-02-29', 1),
(1030, 'Charisse', 'Bidder', '17', '26', 6, 72, '91.123.5.10', '9A:8C:DF:07:0D:S9', '2016-02-29', 1),
(1031, 'Jenna', 'Bracey', '17', '27', 6, 271, '91.123.5.11', '9A:8C:DF:27:1D:S9', '2016-02-29', 1),
(1032, 'Henrietta', 'Bedford', '17', '28', 2, 108, NULL, '9A:8C:DF:34:9D:S1', '2016-02-29', 1),
(1033, 'Gaynor', 'Benedict', '17', '29', 3, 259, '91.123.5.13', '9A:8C:DF:92:6D:S1', '2016-02-29', 1),
(1034, 'Bronwyn', 'Bingham', '17', '30', 5, 236, NULL, '9A:8C:DF:47:1D:S8', '2016-02-29', 1),
(1035, 'Ella', 'Brackenridge', '17', '31', 5, 138, '91.123.5.15', '9A:8C:DF:75:7D:S3', '2016-02-29', 1),
(1036, 'Jemima', 'Aylesworth', '17', '32', 6, 265, NULL, '9A:8C:DF:12:7D:S6', '2016-02-29', 1),
(1037, 'Gia', 'Batchelor', '17', '33', 4, 108, NULL, '9A:8C:DF:14:1D:S4', '2016-02-29', 1),
(1038, 'Dawn', 'Beacham', '17', '34', 2, 74, '91.123.5.18', '9A:8C:DF:82:0D:S6', '2016-02-29', 1),
(1039, 'Celine', 'Badley', '17', '35', 5, 22, '91.123.5.19', '9A:8C:DF:83:7D:S2', '2016-02-29', 1),
(1040, 'Cadence', 'Brayton', '17', '36', 2, 165, '91.123.5.20', '9A:8C:DF:66:7D:S1', '2016-02-29', 1),
(1041, 'Cathleen', 'Bidder', '17', '37', 6, 243, '91.123.5.21', '9A:8C:DF:09:9D:S5', '2016-02-29', 1),
(1042, 'Jessie', 'Burgess', '17', '38', 3, 182, NULL, '9A:8C:DF:00:8D:S0', '2016-02-29', 1),
(1043, 'Belinda', 'Ashbee', '17', '39', 2, 27, '91.123.5.23', '9A:8C:DF:88:6D:S5', '2016-02-29', 1),
(1044, 'Joelle', 'Bowes', '17', '40', 6, 279, NULL, '9A:8C:DF:30:8D:S2', '2016-02-29', 1),
(1045, 'Enid', 'Begley', '17', '41', 5, 98, '91.123.5.25', '9A:8C:DF:24:4D:S1', '2016-02-29', 1),
(1046, 'Joanne', 'Bingham', '17', '42', 5, 195, '91.123.5.26', '9A:8C:DF:86:5D:S1', '2016-02-29', 1),
(1047, 'Bella', 'Beale', '17', '43', 5, 246, '91.123.5.27', '9A:8C:DF:73:9D:S6', '2016-02-29', 1),
(1048, 'Innogen', 'Appleyard', '17', '44', 1, 97, NULL, '9A:8C:DF:22:4D:S6', '2016-02-29', 1),
(1049, 'Caroline', 'Baily', '17', '45', 5, 166, '91.123.5.29', '9A:8C:DF:12:6D:S3', '2016-02-29', 1),
(1050, 'June', 'Brown', '17', '46', 3, 130, '91.123.5.30', '9A:8C:DF:67:4D:S3', '2016-02-29', 1),
(1051, 'Ada', 'Blackmon', '17', '47', 3, 151, NULL, '9A:8C:DF:82:8D:S0', '2016-02-29', 1),
(1052, 'C', 'Benedict', '17', '48', 3, 161, '91.123.5.32', '9A:8C:DF:45:2D:S0', '2016-02-29', 1),
(1053, 'Betsy', 'Brimson', '17', '49', 1, 283, '91.123.5.33', '9A:8C:DF:68:4D:S5', '2016-02-29', 1),
(1054, 'Gemma', 'Atlee', '17', '50', 5, 186, '91.123.5.34', '9A:8C:DF:42:2D:S1', '2016-02-29', 1),
(1055, 'Lilla', 'Ashbee', '17', '51', 6, 285, '91.123.5.35', '9A:8C:DF:60:3D:S2', '2016-02-29', 1),
(1056, 'Lauren', 'Brightwell', '18', '1', 1, 229, '91.123.5.36', '9A:8C:DF:61:6D:S1', '2016-02-29', 1),
(1057, 'Elizabeth', 'Butche', '18', '2', 4, 50, NULL, '9A:8C:DF:13:3D:S0', '2016-02-29', 1),
(1058, 'Charisse', 'Brennan', '18', '3', 6, 68, '91.123.5.38', '9A:8C:DF:20:6D:S3', '2016-02-29', 1),
(1059, 'Annabel', 'Black', '18', '4', 1, 163, '91.123.5.39', '9A:8C:DF:41:4D:S8', '2016-02-29', 1),
(1060, 'Jacqueline', 'Bentley', '18', '5', 6, 193, NULL, '9A:8C:DF:92:6D:S5', '2016-02-29', 1),
(1061, 'Linda', 'Beacham', '18', '6', 5, 66, '91.123.5.41', '9A:8C:DF:39:3D:S8', '2016-02-29', 1),
(1062, 'Gwendolyn', 'Brazier', '18', '7', 1, 166, NULL, '9A:8C:DF:75:7D:S6', '2016-02-29', 1),
(1063, 'Adelaide', 'Alexander', '18', '8', 2, 210, '91.123.5.43', '9A:8C:DF:77:8D:S8', '2016-02-29', 1),
(1064, 'F', 'Beer', '18', '9', 1, 110, '91.123.5.44', '9A:8C:DF:24:2D:S3', '2016-02-29', 1),
(1065, 'Kathy', 'Brightwell', '18', '10', 3, 210, '91.123.5.45', '9A:8C:DF:38:2D:S6', '2016-02-29', 1),
(1066, 'Flora', 'Archer', '18', '11', 4, 199, NULL, '9A:8C:DF:18:8D:S9', '2016-02-29', 1),
(1067, 'Berenice', 'Archer', '18', '12', 4, 38, '91.123.5.47', '9A:8C:DF:99:9D:S8', '2016-02-29', 1),
(1068, 'Lois', 'Blair', '18', '13', 6, 56, '91.123.5.48', '9A:8C:DF:37:4D:S4', '2016-02-29', 1),
(1069, 'Caroline', 'Auger', '18', '14', 5, 6, '91.123.5.49', '9A:8C:DF:71:2D:S2', '2016-02-29', 1),
(1070, 'Audrey', 'Beresford', '18', '15', 2, 36, NULL, '9A:8C:DF:75:6D:S3', '2016-02-29', 1),
(1071, 'Kierra', 'Breckenridge', '18', '16', 1, 196, NULL, '9A:8C:DF:52:1D:S4', '2016-02-29', 1),
(1072, 'Cordelia', 'Braxton', '18', '17', 5, 267, '91.123.5.52', '9A:8C:DF:82:4D:S3', '2016-02-29', 1),
(1073, 'Jemima', 'Boothby', '18', '18', 5, 154, '91.123.5.53', '9A:8C:DF:13:3D:S6', '2016-02-29', 1),
(1074, 'D', 'Allum', '18', '19', 6, 147, '91.123.5.54', '9A:8C:DF:42:1D:S5', '2016-02-29', 1),
(1075, 'Emma', 'Beeby', '18', '20', 1, 210, NULL, '9A:8C:DF:71:4D:S4', '2016-02-29', 1),
(1076, 'Lorna', 'Aitchison', '18', '21', 2, 30, '91.123.5.56', '9A:8C:DF:00:8D:S7', '2016-02-29', 1),
(1077, 'Kathy', 'Brimson', '18', '22', 5, 275, NULL, '9A:8C:DF:73:2D:S5', '2016-02-29', 1),
(1078, 'Deborah', 'Bottrill', '18', '23', 1, 14, '91.123.5.58', '9A:8C:DF:29:8D:S2', '2016-02-29', 1),
(1079, 'Cynthia', 'Beanland', '18', '24', 3, 27, '91.123.5.59', '9A:8C:DF:05:4D:S6', '2016-02-29', 1),
(1080, 'Christina', 'Birdsong', '18', '25', 2, 110, '91.123.5.60', '9A:8C:DF:11:8D:S6', '2016-02-29', 1),
(1081, 'Ellen', 'Barry', '18', '26', 6, 252, NULL, '9A:8C:DF:40:0D:S6', '2016-02-29', 1),
(1082, 'Cleo', 'Ashley-Cooper', '18', '27', 6, 11, NULL, '9A:8C:DF:52:0D:S6', '2016-02-29', 1),
(1083, 'Alanna', 'Arden', '18', '28', 4, 297, '91.123.5.63', '9A:8C:DF:38:1D:S6', '2016-02-29', 1),
(1084, 'Ella', 'Baxter', '18', '29', 2, 68, '91.123.5.64', '9A:8C:DF:67:4D:S2', '2016-02-29', 1),
(1085, 'Gwendolen', 'Acton', '18', '30', 6, 230, '91.123.5.65', '9A:8C:DF:73:2D:S7', '2016-02-29', 1),
(1086, 'Cathleen', 'Boulting', '18', '31', 4, 83, '91.123.5.66', '9A:8C:DF:36:6D:S8', '2016-02-29', 1),
(1087, 'Jemima', 'Alabaster', '18', '32', 4, 251, '91.123.5.67', '9A:8C:DF:25:4D:S5', '2016-02-29', 1),
(1088, 'Deanne', 'Beck', '18', '33', 4, 153, '91.123.5.68', '9A:8C:DF:48:9D:S6', '2016-02-29', 1),
(1089, 'Hero', 'Attenborough', '18', '34', 3, 72, '91.123.5.69', '9A:8C:DF:76:6D:S8', '2016-02-29', 1),
(1090, 'Charlotte', 'Ashbee', '18', '35', 1, 199, '91.123.5.70', '9A:8C:DF:58:1D:S6', '2016-02-29', 1),
(1091, 'Adelaide', 'Bracey', '18', '36', 4, 221, NULL, '9A:8C:DF:27:3D:S7', '2016-02-29', 1),
(1092, 'Hannah', 'Burnham', '18', '37', 5, 50, NULL, '9A:8C:DF:37:7D:S9', '2016-02-29', 1),
(1093, 'Janie', 'Barker', '18', '38', 5, 196, '91.123.5.73', '9A:8C:DF:88:1D:S3', '2016-02-29', 1),
(1094, 'Beatrice', 'Blair', '18', '39', 6, 119, '91.123.5.74', '9A:8C:DF:01:6D:S5', '2016-02-29', 1),
(1095, 'Charlotte', 'Abbott', '18', '40', 4, 87, '91.123.5.75', '9A:8C:DF:81:8D:S9', '2016-02-29', 1),
(1096, 'Eleanor', 'Birdsong', '18', '41', 3, 38, NULL, '9A:8C:DF:49:4D:S6', '2016-02-29', 1),
(1097, 'Flora', 'Allison', '18', '42', 6, 103, '91.123.5.77', '9A:8C:DF:60:1D:S0', '2016-02-29', 1),
(1098, 'Eleanor', 'Beadon', '18', '43', 5, 120, '91.123.5.78', '9A:8C:DF:45:6D:S8', '2016-02-29', 1),
(1099, 'C', 'Blackmon', '18', '44', 5, 36, NULL, '9A:8C:DF:33:3D:S5', '2016-02-29', 1),
(1100, 'Leanne', 'Bloomfield', '18', '45', 5, 86, '91.123.5.80', '9A:8C:DF:43:5D:S3', '2016-02-29', 1),
(1101, 'Edwina', 'Barraclough', '18', '46', 4, 222, NULL, '9A:8C:DF:79:7D:S8', '2016-02-29', 1),
(1102, 'Kierra', 'Bayer', '18', '47', 3, 231, '91.123.5.82', '9A:8C:DF:39:2D:S1', '2016-02-29', 1),
(1103, 'Betsy', 'Bayntun', '18', '48', 1, 107, NULL, '9A:8C:DF:86:5D:S3', '2016-02-29', 1),
(1104, 'Adele', 'Burke', '18', '49', 2, 23, '91.123.5.84', '9A:8C:DF:76:7D:S9', '2016-02-29', 1),
(1105, 'Kathleen', 'Barnet', '18', '50', 1, 53, NULL, '9A:8C:DF:35:0D:S4', '2016-02-29', 1),
(1106, 'Lois', 'Adelson', '18', '51', 1, 114, '91.123.5.86', '9A:8C:DF:83:0D:S2', '2016-02-29', 1),
(1107, 'B', 'Bott', '18', '52', 3, 189, '91.123.5.87', '9A:8C:DF:13:5D:S3', '2016-02-29', 1),
(1108, 'Jemima', 'Broughton', '18', '53', 6, 89, '91.123.5.88', '9A:8C:DF:69:4D:S4', '2016-02-29', 1),
(1109, 'Gaynor', 'Beeby', '18', '54', 3, 287, '91.123.5.89', '9A:8C:DF:59:9D:S1', '2016-02-29', 1),
(1110, 'Deanne', 'Aikin', '19', '1', 4, 261, '91.123.5.90', '9A:8C:DF:11:7D:S0', '2016-02-29', 1),
(1111, 'Ada', 'Abbot', '19', '2', 6, 176, '91.123.5.91', '9A:8C:DF:78:7D:S0', '2016-02-29', 1),
(1112, 'Helen', 'Barber', '19', '3', 1, 278, '91.123.5.92', '9A:8C:DF:42:4D:S6', '2016-02-29', 1),
(1113, 'Brenda', 'Atkin', '19', '4', 3, 215, '91.123.5.93', '9A:8C:DF:06:9D:S9', '2016-02-29', 1),
(1114, 'Betsy', 'Adlam', '19', '5', 5, 55, '91.123.5.94', '9A:8C:DF:99:9D:S4', '2016-02-29', 1),
(1115, 'Hannah', 'Burke', '19', '6', 3, 141, NULL, '9A:8C:DF:63:4D:S5', '2016-02-29', 1),
(1116, 'Eva', 'Bedingfeld', '19', '7', 5, 15, '91.123.5.96', '9A:8C:DF:29:3D:S5', '2016-02-29', 1),
(1117, 'Dede', 'Beeby', '19', '8', 1, 186, '91.123.5.97', '9A:8C:DF:44:2D:S9', '2016-02-29', 1),
(1118, 'Amy', 'Bottrill', '19', '9', 5, 298, '91.123.5.98', '9A:8C:DF:04:6D:S2', '2016-02-29', 1),
(1119, 'Carolyn', 'Begley', '19', '10', 2, 265, NULL, '9A:8C:DF:12:3D:S3', '2016-02-29', 1),
(1120, 'Jemma', 'Blackman', '19', '11', 2, 241, '91.123.5.100', '9A:8C:DF:89:9D:S1', '2016-02-29', 1),
(1121, 'Gemma', 'Axton', '19', '12', 5, 261, '91.123.5.101', '9A:8C:DF:54:2D:S4', '2016-02-29', 1),
(1122, 'Celestia', 'Alabaster', '19', '13', 1, 76, '91.123.5.102', '9A:8C:DF:57:4D:S3', '2016-02-29', 1),
(1123, 'Angel', 'Adin', '19', '14', 2, 242, NULL, '9A:8C:DF:37:3D:S3', '2016-02-29', 1),
(1124, 'Alice', 'Astle', '19', '15', 3, 270, '91.123.5.104', '9A:8C:DF:30:8D:S9', '2016-02-29', 1),
(1125, 'Amelia', 'Burbridge', '19', '16', 2, 107, '91.123.5.105', '9A:8C:DF:51:4D:S3', '2016-02-29', 1),
(1126, 'Annabel', 'Bragg', '19', '17', 1, 291, NULL, '9A:8C:DF:67:5D:S7', '2016-02-29', 1),
(1127, 'Gwenda', 'Armstrong', '19', '18', 3, 86, '91.123.5.107', '9A:8C:DF:59:7D:S1', '2016-02-29', 1),
(1128, 'Hannah', 'Brackenridge', '19', '19', 6, 59, '91.123.5.108', '9A:8C:DF:96:2D:S8', '2016-02-29', 1),
(1129, 'Julianne', 'Bentley', '19', '20', 4, 70, '91.123.5.109', '9A:8C:DF:65:0D:S6', '2016-02-29', 1),
(1130, 'Irene', 'Bradley', '19', '21', 5, 39, NULL, '9A:8C:DF:85:3D:S6', '2016-02-29', 1),
(1131, 'Addys', 'Bloomer', '19', '22', 6, 166, '91.123.5.111', '9A:8C:DF:06:6D:S8', '2016-02-29', 1),
(1132, 'Betsy', 'Bréhal', '19', '23', 6, 79, '91.123.5.112', '9A:8C:DF:35:8D:S2', '2016-02-29', 1),
(1133, 'Bridget', 'Ackroyd', '19', '24', 3, 149, NULL, '9A:8C:DF:76:3D:S2', '2016-02-29', 1),
(1134, 'K', 'Ashbee', '19', '25', 6, 187, '91.123.5.114', '9A:8C:DF:45:1D:S0', '2016-02-29', 1),
(1135, 'Joey', 'Biggins', '19', '26', 3, 136, '91.123.5.115', '9A:8C:DF:23:7D:S9', '2016-02-29', 1),
(1136, 'Laura', 'Aykroyd', '19', '27', 3, 100, NULL, '9A:8C:DF:33:5D:S5', '2016-02-29', 1),
(1137, 'Helene', 'Barnet', '19', '28', 2, 174, '91.123.5.117', '9A:8C:DF:17:3D:S0', '2016-02-29', 1),
(1138, 'Crystal', 'Barber', '19', '29', 2, 284, '91.123.5.118', '9A:8C:DF:05:8D:S5', '2016-02-29', 1),
(1139, 'June', 'Bloomfield', '19', '30', 1, 284, '91.123.5.119', '9A:8C:DF:64:0D:S1', '2016-02-29', 1),
(1140, 'Cassandra', 'Botterill', '19', '31', 5, 210, '91.123.5.120', '9A:8C:DF:41:9D:S7', '2016-02-29', 1),
(1141, 'Beatrice', 'Arnold', '19', '32', 5, 28, '91.123.5.121', '9A:8C:DF:52:3D:S9', '2016-02-29', 1),
(1142, 'Honor', 'Beanland', '19', '33', 1, 243, '91.123.5.122', '9A:8C:DF:57:7D:S5', '2016-02-29', 1),
(1143, 'Edwina', 'Bonniwell', '19', '34', 2, 197, NULL, '9A:8C:DF:90:9D:S2', '2016-02-29', 1),
(1144, 'Ida', 'Blyth', '19', '35', 3, 227, '91.123.5.124', '9A:8C:DF:71:7D:S5', '2016-02-29', 1),
(1145, 'Louis', 'Bancroft', '19', '36', 4, 117, '91.123.5.125', '9A:8C:DF:42:9D:S9', '2016-02-29', 1),
(1146, 'Charis', 'Beard', '19', '37', 1, 4, '91.123.5.126', '9A:8C:DF:47:7D:S7', '2016-02-29', 1),
(1147, 'Agatha', 'Allard', '19', '38', 2, 153, '91.123.5.127', '9A:8C:DF:65:7D:S0', '2016-02-29', 1),
(1148, 'Doreen', 'Acheson', '19', '39', 5, 203, '91.123.5.128', '9A:8C:DF:71:0D:S7', '2016-02-29', 1),
(1149, 'Cristalyn', 'Burke', '19', '40', 4, 14, '91.123.5.129', '9A:8C:DF:27:9D:S7', '2016-02-29', 1),
(1150, 'Candy', 'Blackmon', '19', '41', 2, 191, '91.123.5.130', '9A:8C:DF:90:6D:S7', '2016-02-29', 1),
(1151, 'Drusilla', 'Beachum', '19', '42', 5, 35, '91.123.5.131', '9A:8C:DF:63:4D:S4', '2016-02-29', 1),
(1152, 'Carmelita', 'Bentley', '19', '43', 5, 272, '91.123.5.132', '9A:8C:DF:96:5D:S4', '2016-02-29', 1),
(1153, 'Joy', 'Burnham', '19', '44', 3, 240, NULL, '9A:8C:DF:07:0D:S0', '2016-02-29', 1),
(1154, 'Hannah', 'Bidder', '19', '45', 2, 113, '91.123.5.134', '9A:8C:DF:23:3D:S6', '2016-02-29', 1),
(1155, 'Joanne', 'Bloomfield', '19', '46', 2, 200, '91.123.5.135', '9A:8C:DF:37:6D:S0', '2016-02-29', 1),
(1156, 'Celinda', 'Bracey', '19', '47', 5, 198, '91.123.5.136', '9A:8C:DF:99:9D:S0', '2016-02-29', 1),
(1157, 'Lettice', 'Bubb', '19', '48', 3, 56, NULL, '9A:8C:DF:14:5D:S3', '2016-02-29', 1),
(1158, 'Adelaide', 'Blackman', '19', '49', 6, 185, '91.123.5.138', '9A:8C:DF:42:6D:S7', '2016-02-29', 1),
(1159, 'Destiny', 'Batchelor', '19', '50', 2, 115, NULL, '9A:8C:DF:61:9D:S2', '2016-02-29', 1),
(1160, 'Glenda', 'Bromley-Davenport', '19', '51', 3, 193, NULL, '9A:8C:DF:20:3D:S5', '2016-02-29', 1),
(1161, 'Joy', 'Aykroyd', '19', '52', 4, 4, NULL, '9A:8C:DF:79:1D:S1', '2016-02-29', 1),
(1162, 'H', 'Broomfield', '19', '53', 5, 192, '91.123.5.142', '9A:8C:DF:95:1D:S1', '2016-02-29', 1),
(1163, 'Jolie', 'Abbey', '19', '54', 4, 289, '91.123.5.143', '9A:8C:DF:93:4D:S2', '2016-02-29', 1),
(1164, 'Giselle', 'Barry', '19', '55', 1, 164, '91.123.5.144', '9A:8C:DF:14:1D:S2', '2016-02-29', 1),
(1165, 'Jennifer', 'Bubb', '19', '56', 2, 39, '91.123.5.145', '9A:8C:DF:46:1D:S7', '2016-02-29', 1),
(1166, 'Edna', 'Batchelor', '19', '57', 3, 21, '91.123.5.146', '9A:8C:DF:61:6D:S1', '2016-02-29', 1),
(1167, 'Elizabeth', 'Baines', '19', '58', 4, 271, '91.123.5.147', '9A:8C:DF:17:6D:S3', '2016-02-29', 1),
(1168, 'Amber', 'Alderman', '19', '59', 5, 94, '91.123.5.148', '9A:8C:DF:56:0D:S3', '2016-02-29', 1),
(1169, 'Betty', 'Blight', '19', '60', 4, 269, '91.123.5.149', '9A:8C:DF:81:6D:S9', '2016-02-29', 1),
(1170, 'Jacqui', 'Bedford', '19', '61', 5, 261, '91.123.5.150', '9A:8C:DF:80:9D:S6', '2016-02-29', 1),
(1171, 'June', 'Brimson', '19', '62', 6, 168, '91.123.5.151', '9A:8C:DF:41:9D:S0', '2016-02-29', 1),
(1172, 'Liana', 'Anstead', '19', '63', 6, 190, '91.123.5.152', '9A:8C:DF:92:0D:S4', '2016-02-29', 1),
(1173, 'Leah', 'Bennett', '19', '64', 4, 121, '91.123.5.153', '9A:8C:DF:21:8D:S8', '2016-02-29', 1),
(1174, 'Adelaide', 'Armitstead', '19', '65', 2, 233, '91.123.5.154', '9A:8C:DF:39:7D:S2', '2016-02-29', 1),
(1175, 'Cleo', 'Beresford', '19', '66', 2, 126, '91.123.5.155', '9A:8C:DF:97:5D:S6', '2016-02-29', 1),
(1176, 'Lettice', 'Allred', '19', '67', 4, 139, '91.123.5.156', '9A:8C:DF:83:5D:S0', '2016-02-29', 1),
(1177, 'Drusilla', 'Bercow', '20', '1', 5, 201, '91.123.5.157', '9A:8C:DF:53:9D:S8', '2016-02-29', 1),
(1178, 'Berenice', 'Braithwaite', '20', '2', 1, 260, '91.123.5.158', '9A:8C:DF:77:6D:S8', '2016-02-29', 1),
(1179, 'Ella', 'Berry', '20', '3', 4, 103, NULL, '9A:8C:DF:82:2D:S8', '2016-02-29', 1),
(1180, 'Daisy', 'Bowes', '20', '4', 6, 185, '91.123.5.160', '9A:8C:DF:96:0D:S0', '2016-02-29', 1),
(1181, 'Averil', 'Beard', '20', '5', 1, 279, '91.123.5.161', '9A:8C:DF:28:6D:S1', '2016-02-29', 1),
(1182, 'Davina', 'Bedingfeld', '20', '6', 3, 190, '91.123.5.162', '9A:8C:DF:50:4D:S7', '2016-02-29', 1),
(1183, 'Annabel', 'Baines', '20', '7', 4, 172, '91.123.5.163', '9A:8C:DF:95:1D:S4', '2016-02-29', 1),
(1184, 'Lara', 'Adshead', '20', '8', 6, 164, '91.123.5.164', '9A:8C:DF:45:8D:S7', '2016-02-29', 1),
(1185, 'Celinda', 'Ackroyd', '20', '9', 3, 122, '91.123.5.165', '9A:8C:DF:81:3D:S8', '2016-02-29', 1),
(1186, 'Enid', 'Boot', '20', '10', 2, 262, '91.123.5.166', '9A:8C:DF:12:8D:S9', '2016-02-29', 1),
(1187, 'Danna', 'Bedser', '20', '11', 4, 136, '91.123.5.167', '9A:8C:DF:87:8D:S7', '2016-02-29', 1),
(1188, 'Gertrude', 'Brandis', '20', '12', 1, 239, '91.123.5.168', '9A:8C:DF:78:9D:S1', '2016-02-29', 1),
(1189, 'Claribel', 'Blackman', '20', '13', 3, 106, '91.123.5.169', '9A:8C:DF:21:8D:S5', '2016-02-29', 1),
(1190, 'Janie', 'Acton', '20', '14', 6, 206, '91.123.5.170', '9A:8C:DF:74:8D:S4', '2016-02-29', 1),
(1191, 'Eva', 'Bradley', '20', '15', 2, 219, '91.123.5.171', '9A:8C:DF:51:0D:S6', '2016-02-29', 1),
(1192, 'Gaynor', 'Bloomfield', '20', '16', 2, 7, NULL, '9A:8C:DF:23:6D:S2', '2016-02-29', 1),
(1193, 'Ada', 'Aikin', '20', '17', 5, 108, NULL, '9A:8C:DF:35:5D:S1', '2016-02-29', 1),
(1194, 'Daphne', 'Axtell', '20', '18', 4, 53, '91.123.5.174', '9A:8C:DF:28:7D:S4', '2016-02-29', 1),
(1195, 'Kierra', 'Anstead', '20', '19', 2, 34, '91.123.5.175', '9A:8C:DF:64:8D:S1', '2016-02-29', 1),
(1196, 'Lila', 'Bloomfield', '20', '20', 3, 108, '91.123.5.176', '9A:8C:DF:87:8D:S8', '2016-02-29', 1),
(1197, 'Helena', 'Birdsong', '20', '21', 4, 192, '91.123.5.177', '9A:8C:DF:08:1D:S8', '2016-02-29', 1),
(1198, 'Honor', 'Arnold', '20', '22', 3, 114, '91.123.5.178', '9A:8C:DF:26:6D:S3', '2016-02-29', 1),
(1199, 'K', 'Bercow', '20', '23', 2, 249, '91.123.5.179', '9A:8C:DF:72:1D:S5', '2016-02-29', 1),
(1200, 'Gwenda', 'Acheson', '20', '24', 3, 243, '91.123.5.180', '9A:8C:DF:33:0D:S1', '2016-02-29', 1),
(1201, 'E', 'Atkin', '20', '25', 1, 106, '91.123.5.181', '9A:8C:DF:98:7D:S1', '2016-02-29', 1),
(1202, 'Jennifer', 'Beeching', '20', '26', 4, 252, NULL, '9A:8C:DF:83:4D:S4', '2016-02-29', 1),
(1203, 'Addys', 'Beckford', '20', '27', 5, 71, '91.123.5.183', '9A:8C:DF:88:0D:S3', '2016-02-29', 1),
(1204, 'Julianne', 'Arnold', '20', '28', 1, 190, '91.123.5.184', '9A:8C:DF:56:4D:S0', '2016-02-29', 1),
(1205, 'Cecily', 'Bancroft', '20', '29', 1, 154, NULL, '9A:8C:DF:28:0D:S7', '2016-02-29', 1),
(1206, 'Hannah', 'Badley', '20', '30', 3, 4, NULL, '9A:8C:DF:43:3D:S4', '2016-02-29', 1),
(1207, 'Flora', 'Allum', '20', '31', 5, 87, '91.123.5.187', '9A:8C:DF:10:4D:S6', '2016-02-29', 1),
(1208, 'Edwina', 'Ashley-Cooper', '20', '32', 1, 176, '91.123.5.188', '9A:8C:DF:88:8D:S9', '2016-02-29', 1),
(1209, 'Chloe', 'Burney', '20', '33', 2, 79, '91.123.5.189', '9A:8C:DF:35:2D:S2', '2016-02-29', 1),
(1210, 'Irene', 'Buckler', '20', '34', 4, 179, NULL, '9A:8C:DF:96:1D:S6', '2016-02-29', 1),
(1211, 'Gwen', 'Bedingfeld', '20', '35', 2, 65, '91.123.5.191', '9A:8C:DF:49:4D:S6', '2016-02-29', 1),
(1212, 'Claribel', 'Aikin', '20', '36', 3, 97, '91.123.5.192', '9A:8C:DF:37:1D:S0', '2016-02-29', 1),
(1213, 'Emma', 'Bott', '20', '37', 3, 84, NULL, '9A:8C:DF:32:6D:S8', '2016-02-29', 1),
(1214, 'Edwina', 'Berry', '20', '38', 5, 159, NULL, '9A:8C:DF:50:4D:S2', '2016-02-29', 1),
(1215, 'Gwendoline', 'Baker', '20', '39', 4, 298, '91.123.5.195', '9A:8C:DF:14:9D:S6', '2016-02-29', 1),
(1216, 'Hannah', 'Bedingfeld', '20', '40', 5, 190, '91.123.5.196', '9A:8C:DF:03:6D:S1', '2016-02-29', 1),
(1217, 'Gemma', 'Brayton', '20', '41', 5, 272, '91.123.5.197', '9A:8C:DF:89:1D:S8', '2016-02-29', 1),
(1218, 'Danna', 'B', '20', '42', 1, 16, '91.123.5.198', '9A:8C:DF:62:0D:S7', '2016-02-29', 1),
(1219, 'Jaime', 'Ashbee', '20', '43', 3, 115, '91.123.5.199', '9A:8C:DF:40:8D:S6', '2016-02-29', 1),
(1220, 'Alvina', 'Acheson', '20', '44', 2, 0, '91.123.5.200', '9A:8C:DF:04:1D:S4', '2016-02-29', 1),
(1221, 'Gaynor', 'Bonniwell', '20', '45', 6, 180, NULL, '9A:8C:DF:94:6D:S2', '2016-02-29', 1),
(1222, 'Denise', 'Broom', '20', '46', 6, 287, '91.123.5.202', '9A:8C:DF:23:6D:S0', '2016-02-29', 1),
(1223, 'Destiny', 'Allred', '20', '47', 4, 133, NULL, '9A:8C:DF:03:1D:S4', '2016-02-29', 1),
(1224, 'Berenice', 'Bartholomew', '20', '48', 6, 228, '91.123.5.204', '9A:8C:DF:00:6D:S6', '2016-02-29', 1),
(1225, 'Ada', 'Begley', '20', '49', 1, 160, '91.123.5.205', '9A:8C:DF:12:2D:S9', '2016-02-29', 1),
(1226, 'Crystal', 'Ashley-Cooper', '20', '50', 5, 137, '91.123.5.206', '9A:8C:DF:72:9D:S1', '2016-02-29', 1);
SET IDENTITY_INSERT tblCustomer OFF;






