USE InternetProviderManagementStudio;
GO

SET IDENTITY_INSERT tblAdministrator ON;
INSERT INTO tblAdministrator (Id, [Login], [Password], Forename, Surname, [Disabled]) VALUES
(1, 'ihor1970', '96e79218965eb72c92a549dd5a330112', 'Ihor', 'Muzyka', 0),
(2, 'bohdan_pro', 'd8578edf8458ce06fbc5bb76a58c5ca4', 'Bohdan', 'Fedorchuk', 0),
(3, 'olz', '2e7ec5fdf343df7fa03de704e3a805a6', 'Olya', 'Zabava', 0);
SET IDENTITY_INSERT tblAdministrator OFF;
GO

SET IDENTITY_INSERT tblTariff ON;
INSERT INTO tblTariff 
(Id, Name, Price, UploadSpeed, DownloadSpeed, Archive, LastChangeInitiatorId)
VALUES
(1, 'Standart', '50', 20, 20, 1, 1),
(2, 'Premiun', '50', 100, 100, 1, 1),
(3, 'Starter', '50', 20, 5, 0, 2),
(4, 'Home basic', '50', 40, 10, 0, 2),
(5, 'Home premium', '50', 50, 40, 0, 2),
(6, 'Proffesional', '50', 100, 40, 0, 2),
(7, 'Ultimate', '50', 100, 100, 0, 2),
(8, 'Business', '50', 250, 100, 0, 2);

SET IDENTITY_INSERT tblTariff OFF;
GO

SET IDENTITY_INSERT tblConnectedHouse ON;
INSERT INTO tblConnectedHouse (Id, City, Street, House, LastChangeInitiatorId)
VALUES
(1, 'Lviv', 'Zelena', '1', 3),
(2, 'Lviv', 'Zelena', '2', 1),
(3, 'Lviv', 'Zelena', '3', 3),
(4, 'Lviv', 'Zelena', '4a', 1),
(5, 'Lviv', 'Zelena', '5', 3),
(6, 'Lviv', 'Zelena', '6', 1),
(7, 'Lviv', 'Zelena', '7', 1),
(8, 'Lviv', 'Naukova', '111', 3),
(9, 'Lviv', 'Naukova', '112', 1),
(10, 'Lviv', 'Naukova', '113', 3),
(11, 'Lviv', 'Naukova', '114b', 3),
(12, 'Lviv', 'Naukova', '144', 1),
(13, 'Lviv', 'Naukova', '145', 3),
(14, 'Lviv', 'Naukova', '146', 1),
(15, 'Lviv', 'Khimichna', '13', 3),
(16, 'Lviv', 'Khimichna', '14', 1),
(17, 'Lviv', 'Khimichna', '15', 3),
(18, 'Lviv', 'Khimichna', '16', 3),
(19, 'Lviv', 'Khimichna', '17', 3),
(20, 'Lviv', 'Khimichna', '18', 1);

SET IDENTITY_INSERT tblConnectedHouse OFF;
GO

SET IDENTITY_INSERT tblCustomer ON;
INSERT INTO tblCustomer (Id, Forename, Surname, HouseId, Flat, TariffId, Balance, IpAddress, MacAddress, LastChargedDate, [State], LastChangeInitiatorId)
VALUES
(1, 'Danna', 'Axton', '1', '1', 3, 19, '91.123.1.1', '9A:8C:DF:FF:A0:0A', '2016-02-29', 1, 1),
(2, 'Iona', 'Axford', '1', '2', 5, 151, '91.123.1.3', '9A:8C:DF:FF:A0:0B', '2016-02-29', 1, 1),
(3, 'Delia', 'Brackenridge', '1', '3', 8, 265, '91.123.1.5', '9A:8C:DF:FF:A0:0C', '2016-02-29', 1, 1),
(4, 'Imelda', 'Burgess', '1', '4', 7, 216, '91.123.1.7', '9A:8C:DF:FF:A0:0D', '2016-02-29', 1, 1),
(5, 'Gwendoline', 'Bloomfield', '1', '5', 3, 220, '91.123.1.9', '9A:8C:DF:FF:A0:0E', '2016-02-29', 1, 1),
(6, 'Henrietta', 'Brimson', '1', '6', 8, 38, '91.123.1.11', '9A:8C:DF:FF:A0:0F', '2016-02-29', 1, 3),
(7, 'Cynthia', 'Bull', '1', '7', 6, 296, '91.123.1.13', '9A:8C:DF:FF:A0:0G', '2016-02-29', 1, 1),
(8, 'Ivy', 'Adshead', '1', '8', 3, 132, '91.123.1.15', '9A:8C:DF:FF:A0:0H', '2016-02-29', 1, 3),
(9, 'Helena', 'Astley', '1', '9', 4, 182, '91.123.1.17', '9A:8C:DF:FF:A0:0I', '2016-02-29', 1, 1),
(10, 'Charity', 'Armstrong', '1', '10', 5, 7, '91.123.1.19', '9A:8C:DF:FF:A0:0J', '2016-02-29', 1, 1),
(11, 'Chelsea', 'Bloomfield', '1', '11', 5, 185, '91.123.1.21', '9A:8C:DF:FF:A0:0K', '2016-02-29', 1, 2),
(12, 'H', 'Atkins', '1', '12', 4, 274, '91.123.1.23', '9A:8C:DF:FF:A0:0L', '2016-02-29', 1, 1),
(13, 'Jolie', 'Barton', '1', '13', 4, 202, '91.123.1.25', '9A:8C:DF:FF:A0:0M', '2016-02-29', 1, 3),
(14, 'E', 'Austin', '1', '14', 8, 211, '91.123.1.27', '9A:8C:DF:FF:A0:0N', '2016-02-29', 1, 2),
(15, 'Harriet', 'Bréhal', '1', '15', 4, 264, '91.123.1.29', '9A:8C:DF:FF:A0:0O', '2016-02-29', 1, 2),
(16, 'Deanna', 'Baynton', '1', '16', 5, 162, '91.123.1.31', '9A:8C:DF:FF:A0:0P', '2016-02-29', 1, 3),
(17, 'Edwina', 'Beal', '1', '17', 8, 297, '91.123.1.33', '9A:8C:DF:FF:A0:0Q', '2016-02-29', 1, 2),
(18, 'Gwendolen', 'Beevers', '1', '18', 8, 170, '91.123.1.35', '9A:8C:DF:FF:A0:0R', '2016-02-29', 1, 2),
(19, 'Elizabeth', 'Boothby', '1', '19', 4, 34, '91.123.1.37', '9A:8C:DF:FF:A0:0S', '2016-02-29', 1, 1),
(20, 'Cecily', 'Buckler', '1', '20', 6, 255, '91.123.1.39', '9A:8C:DF:FF:A0:0T', '2016-02-29', 1, 3),
(21, 'Ada', 'Attenborough', '1', '21', 7, 206, '91.123.1.41', '9A:8C:DF:FF:A0:0U', '2016-02-29', 1, 2),
(22, 'Dora', 'Barnet', '1', '22', 5, 61, '91.123.1.43', '9A:8C:DF:FF:A0:0V', '2016-02-29', 1, 1),
(23, 'Brenda', 'Brackenridge', '1', '23', 7, 16, '91.123.1.45', '9A:8C:DF:FF:A0:0W', '2016-02-29', 1, 3),
(24, 'Cleo', 'Beer', '1', '24', 4, 45, '91.123.1.47', '9A:8C:DF:FF:A0:0X', '2016-02-29', 1, 1),
(25, 'Kaylee', 'Barker', '1', '25', 5, 54, '91.123.1.49', '9A:8C:DF:FF:A0:0Y', '2016-02-29', 1, 3),
(26, 'Lauretta', 'Blackburn', '1', '26', 4, 262, '91.123.1.51', '9A:8C:DF:FF:A0:0Z', '2016-02-29', 1, 1),
(27, 'Drusilla', 'Brightwell', '1', '27', 6, 244, '91.123.1.53', '9A:8C:DF:FF:A0:1A', '2016-02-29', 1, 3),
(28, 'Cadence', 'Brack', '1', '28', 3, 155, '91.123.1.55', '9A:8C:DF:FF:A0:1B', '2016-02-29', 1, 1),
(29, 'Cassandra', 'Akroyd', '1', '29', 7, 163, '91.123.1.57', '9A:8C:DF:FF:A0:1C', '2016-02-29', 1, 2),
(30, 'Hester', 'Burke', '1', '30', 3, 79, '91.123.1.59', '9A:8C:DF:FF:A0:1D', '2016-02-29', 1, 2),
(31, 'Helene', 'Berker', '1', '31', 5, 219, '91.123.1.61', '9A:8C:DF:FF:A0:1E', '2016-02-29', 1, 3),
(32, 'Glenda', 'Brinkley', '1', '32', 6, 254, '91.123.1.63', '9A:8C:DF:FF:A0:1F', '2016-02-29', 1, 2),
(33, 'Jacqui', 'Arden', '1', '33', 6, 14, '91.123.1.65', '9A:8C:DF:FF:A0:1G', '2016-02-29', 1, 2),
(34, 'C', 'Burbridge', '2', '1', 4, 192, '91.123.1.67', '9A:8C:DF:FF:A0:1H', '2016-02-29', 1, 2),
(35, 'Delia', 'Braceful', '2', '2', 3, 262, '91.123.1.69', '9A:8C:DF:FF:A0:1I', '2016-02-29', 1, 3),
(36, 'Henrietta', 'Braithwaite', '2', '3', 8, 43, '91.123.1.71', '9A:8C:DF:FF:A0:1J', '2016-02-29', 1, 3),
(37, 'Eunice', 'Bugden', '2', '4', 4, 142, '91.123.1.73', '9A:8C:DF:FF:A0:1K', '2016-02-29', 1, 3),
(38, 'Dulcie', 'Brennan', '2', '5', 8, 68, '91.123.1.75', '9A:8C:DF:FF:A0:1L', '2016-02-29', 1, 1),
(39, 'Charisse', 'Axton', '2', '6', 8, 96, '91.123.1.77', '9A:8C:DF:FF:A0:1M', '2016-02-29', 1, 1),
(40, 'Edna', 'Biggins', '2', '7', 8, 11, '91.123.1.79', '9A:8C:DF:FF:A0:1N', '2016-02-29', 1, 2),
(41, 'Adelaide', 'Broughton', '2', '8', 6, 36, '91.123.1.81', '9A:8C:DF:FF:A0:1O', '2016-02-29', 1, 1),
(42, 'Jolie', 'Baines', '2', '9', 8, 16, '91.123.1.83', '9A:8C:DF:FF:A0:1P', '2016-02-29', 1, 3),
(43, 'Amber', 'Birdsong', '2', '10', 7, 181, '91.123.1.85', '9A:8C:DF:FF:A0:1Q', '2016-02-29', 1, 1),
(44, 'Carolyn', 'Barraclough', '2', '11', 6, 223, '91.123.1.87', '9A:8C:DF:FF:A0:1R', '2016-02-29', 1, 3),
(45, 'Cleo', 'Bush', '2', '12', 8, 98, '91.123.1.89', '9A:8C:DF:FF:A0:1S', '2016-02-29', 1, 1),
(46, 'Antonia', 'Braithwaite', '2', '13', 7, 245, '91.123.1.91', '9A:8C:DF:FF:A0:1T', '2016-02-29', 1, 1),
(47, 'Agnes', 'Brazier', '2', '14', 7, 198, '91.123.1.93', '9A:8C:DF:FF:A0:1U', '2016-02-29', 1, 3),
(48, 'Gia', 'Ayrton', '2', '15', 3, 62, '91.123.1.95', '9A:8C:DF:FF:A0:1V', '2016-02-29', 1, 3),
(49, 'Anna', 'Abbott', '2', '16', 8, 86, '91.123.1.97', '9A:8C:DF:FF:A0:1W', '2016-02-29', 1, 1),
(50, 'Giselle', 'Bentley', '2', '17', 5, 29, '91.123.1.99', '9A:8C:DF:FF:A0:1X', '2016-02-29', 1, 3),
(51, 'Amber', 'Aitch', '2', '18', 4, 58, '91.123.1.101', '9A:8C:DF:FF:A0:1Y', '2016-02-29', 1, 1),
(52, 'Agatha', 'Bull', '2', '19', 4, 261, '91.123.1.103', '9A:8C:DF:FF:A0:1Z', '2016-02-29', 1, 1),
(53, 'Addys', 'Bercow', '2', '20', 3, 219, '91.123.1.105', '9A:8C:DF:FF:A0:2A', '2016-02-29', 1, 3),
(54, 'Candy', 'Bréhal', '2', '21', 3, 202, '91.123.1.107', '9A:8C:DF:FF:A0:2B', '2016-02-29', 1, 2),
(55, 'Laura', 'Aykroyd', '2', '22', 5, 226, '91.123.1.109', '9A:8C:DF:FF:A0:2C', '2016-02-29', 1, 3),
(56, 'Claribel', 'Aitchison', '2', '23', 7, 25, '91.123.1.111', '9A:8C:DF:FF:A0:2D', '2016-02-29', 1, 2),
(57, 'Elizabeth', 'Baynton', '2', '24', 6, 297, '91.123.1.113', '9A:8C:DF:FF:A0:2E', '2016-02-29', 1, 1),
(58, 'Lillian', 'Berkeley', '2', '25', 6, 155, '91.123.1.115', '9A:8C:DF:FF:A0:2F', '2016-02-29', 1, 3),
(59, 'Harriet', 'Acton', '2', '26', 4, 14, '91.123.1.117', '9A:8C:DF:FF:A0:2G', '2016-02-29', 1, 3),
(60, 'Eileen', 'Burney', '2', '27', 4, 113, '91.123.1.119', '9A:8C:DF:FF:A0:2H', '2016-02-29', 1, 1),
(61, 'J', 'Beeching', '2', '28', 7, 148, '91.123.1.121', '9A:8C:DF:FF:A0:2I', '2016-02-29', 1, 3),
(62, 'Jacqueline', 'Blight', '2', '29', 5, 135, '91.123.1.123', '9A:8C:DF:FF:A0:2J', '2016-02-29', 1, 3),
(63, 'Lila', 'Attenborough', '2', '30', 4, 71, '91.123.1.125', '9A:8C:DF:FF:A0:2K', '2016-02-29', 1, 2),
(64, 'Eva', 'Burgess', '2', '31', 3, 144, '91.123.1.127', '9A:8C:DF:FF:A0:2L', '2016-02-29', 1, 3),
(65, 'Genevieve', 'Atkinson', '2', '32', 6, 230, '91.123.1.129', '9A:8C:DF:FF:A0:2M', '2016-02-29', 1, 3),
(66, 'Kaylee', 'Alabaster', '2', '33', 4, 233, '91.123.1.131', '9A:8C:DF:FF:A0:2N', '2016-02-29', 1, 1),
(67, 'Cristalyn', 'Brinkley', '2', '34', 4, 17, '91.123.1.133', '9A:8C:DF:FF:A0:2O', '2016-02-29', 1, 3),
(68, 'Leanne', 'Bowes', '2', '35', 3, 23, '91.123.1.135', '9A:8C:DF:FF:A0:2P', '2016-02-29', 1, 2),
(69, 'Cecilia', 'Amory', '2', '36', 3, 211, '91.123.1.137', '9A:8C:DF:FF:A0:2Q', '2016-02-29', 1, 3),
(70, 'Dawn', 'Bragg', '2', '37', 8, 116, '91.123.1.139', '9A:8C:DF:FF:A0:2R', '2016-02-29', 1, 2),
(71, 'Emma', 'Broughton', '2', '38', 7, 128, '91.123.1.141', '9A:8C:DF:FF:A0:2S', '2016-02-29', 1, 2),
(72, 'Elizabeth', 'Adkins', '2', '39', 8, 165, '91.123.1.143', '9A:8C:DF:FF:A0:2T', '2016-02-29', 1, 1),
(73, 'Heidi', 'Barkley', '2', '40', 7, 57, '91.123.1.145', '9A:8C:DF:FF:A0:2U', '2016-02-29', 1, 2),
(74, 'Alice', 'Burbridge', '2', '41', 3, 108, '91.123.1.147', '9A:8C:DF:FF:A0:2V', '2016-02-29', 1, 3),
(75, 'Jacqui', 'Bradley', '2', '42', 8, 297, '91.123.1.149', '9A:8C:DF:FF:A0:2W', '2016-02-29', 1, 3),
(76, 'Dorothy', 'Alderdice', '2', '43', 7, 243, '91.123.1.151', '9A:8C:DF:FF:A0:2X', '2016-02-29', 1, 2),
(77, 'Alvina', 'Alexander', '2', '44', 8, 104, '91.123.1.153', '9A:8C:DF:FF:A0:2Y', '2016-02-29', 1, 3),
(78, 'Destiny', 'Armstead', '2', '45', 8, 186, '91.123.1.155', '9A:8C:DF:FF:A0:2Z', '2016-02-29', 1, 2),
(79, 'Kaylee', 'Breckenridge', '2', '46', 6, 14, '91.123.1.157', '9A:8C:DF:FF:A0:3A', '2016-02-29', 1, 3),
(80, 'K', 'Bayer', '2', '47', 8, 73, '91.123.1.159', '9A:8C:DF:FF:A0:3B', '2016-02-29', 1, 3),
(81, 'Dolores', 'Birdsong', '2', '48', 6, 198, '91.123.1.161', '9A:8C:DF:FF:A0:3C', '2016-02-29', 1, 2),
(82, 'Honor', 'Burdon', '2', '49', 7, 218, '91.123.1.163', '9A:8C:DF:FF:A0:3D', '2016-02-29', 1, 3),
(83, 'Deanne', 'Ashley-Cooper', '2', '50', 3, 0, '91.123.1.165', '9A:8C:DF:FF:A0:3E', '2016-02-29', 1, 3),
(84, 'Dulcie', 'Bagshaw', '3', '1', 5, 11, '91.123.1.167', '9A:8C:DF:FF:A0:3F', '2016-02-29', 1, 3),
(85, 'Amy', 'Beaton', '3', '2', 8, 252, '91.123.1.169', '9A:8C:DF:FF:A0:3G', '2016-02-29', 1, 3),
(86, 'Candy', 'Broomhall', '3', '3', 4, 249, '91.123.1.171', '9A:8C:DF:FF:A0:3H', '2016-02-29', 1, 3),
(87, 'Averil', 'Beer', '3', '4', 8, 34, '91.123.1.173', '9A:8C:DF:FF:A0:3I', '2016-02-29', 1, 2),
(88, 'Eleanor', 'Auger', '3', '5', 7, 12, '91.123.1.175', '9A:8C:DF:FF:A0:3J', '2016-02-29', 1, 2),
(89, 'Elektra', 'Anderson', '3', '6', 6, 293, '91.123.1.177', '9A:8C:DF:FF:A0:3K', '2016-02-29', 1, 2),
(90, 'Ivy', 'Bennett', '3', '7', 3, 80, '91.123.1.179', '9A:8C:DF:FF:A0:3L', '2016-02-29', 1, 2),
(91, 'Annabel', 'Beardsley', '3', '8', 4, 16, '91.123.1.181', '9A:8C:DF:FF:A0:3M', '2016-02-29', 1, 2),
(92, 'Avis', 'Bethune', '3', '9', 7, 226, '91.123.1.183', '9A:8C:DF:FF:A0:3N', '2016-02-29', 1, 2),
(93, 'Alanna', 'Beckford', '3', '10', 8, 298, '91.123.1.185', '9A:8C:DF:FF:A0:3O', '2016-02-29', 1, 1),
(94, 'Harriet', 'Armitstead', '3', '11', 8, 173, '91.123.1.187', '9A:8C:DF:FF:A0:3P', '2016-02-29', 1, 1),
(95, 'Betty', 'Birdsong', '3', '12', 5, 172, '91.123.1.189', '9A:8C:DF:FF:A0:3Q', '2016-02-29', 1, 2),
(96, 'Leah', 'Brimson', '3', '13', 3, 57, '91.123.1.191', '9A:8C:DF:FF:A0:3R', '2016-02-29', 1, 1),
(97, 'Gia', 'Braxton', '3', '14', 8, 126, '91.123.1.193', '9A:8C:DF:FF:A0:3S', '2016-02-29', 1, 3),
(98, 'Giselle', 'Baines', '3', '15', 8, 228, '91.123.1.195', '9A:8C:DF:FF:A0:3T', '2016-02-29', 1, 1),
(99, 'Judith', 'Bayer', '3', '16', 8, 166, '91.123.1.197', '9A:8C:DF:FF:A0:3U', '2016-02-29', 1, 2),
(100, 'Lillian', 'Atkinson', '3', '17', 6, 214, '91.123.1.199', '9A:8C:DF:FF:A0:3V', '2016-02-29', 1, 3),
(101, 'F', 'Bloomer', '3', '18', 5, 61, '91.123.1.201', '9A:8C:DF:FF:A0:3W', '2016-02-29', 1, 1),
(102, 'Dolores', 'Aldridge', '3', '19', 6, 210, '91.123.1.203', '9A:8C:DF:FF:A0:3X', '2016-02-29', 1, 2),
(103, 'Cathleen', 'Bethune', '3', '20', 6, 179, '91.123.1.205', '9A:8C:DF:FF:A0:3Y', '2016-02-29', 1, 3),
(104, 'Bronwen', 'Bethune', '3', '21', 5, 31, '91.123.1.207', '9A:8C:DF:FF:A0:3Z', '2016-02-29', 1, 2),
(105, 'Charmaine', 'Bagshaw', '3', '22', 3, 99, '91.123.1.209', '9A:8C:DF:FF:A0:4A', '2016-02-29', 1, 1),
(106, 'Iona', 'Boot', '3', '23', 8, 47, '91.123.1.211', '9A:8C:DF:FF:A0:4B', '2016-02-29', 1, 2),
(107, 'Helen', 'Atkinson', '3', '24', 4, 60, '91.123.1.213', '9A:8C:DF:FF:A0:4C', '2016-02-29', 1, 2),
(108, 'Kirsten', 'Bagshaw', '3', '25', 7, 59, '91.123.1.215', '9A:8C:DF:FF:A0:4D', '2016-02-29', 1, 2),
(109, 'Ellen', 'Bonniwell', '3', '26', 3, 99, '91.123.1.217', '9A:8C:DF:FF:A0:4E', '2016-02-29', 1, 1),
(110, 'Cadence', 'Braithwaite', '3', '27', 4, 204, '91.123.1.219', '9A:8C:DF:FF:A0:4F', '2016-02-29', 1, 1),
(111, 'Christina', 'Bowie', '3', '28', 6, 20, '91.123.1.221', '9A:8C:DF:FF:A0:4G', '2016-02-29', 1, 3),
(112, 'C', 'Bence', '3', '29', 3, 296, '91.123.1.223', '9A:8C:DF:FF:A0:4H', '2016-02-29', 1, 2),
(113, 'Hester', 'Atkinson', '3', '30', 5, 93, '91.123.1.225', '9A:8C:DF:FF:A0:4I', '2016-02-29', 1, 3),
(114, 'Lorraine', 'Baily', '3', '31', 5, 299, '91.123.1.227', '9A:8C:DF:FF:A0:4J', '2016-02-29', 1, 3),
(115, 'Judith', 'Bubb', '3', '32', 4, 194, '91.123.1.229', '9A:8C:DF:FF:A0:4K', '2016-02-29', 1, 1),
(116, 'Fiona', 'Armitstead', '3', '33', 7, 98, '91.123.1.231', '9A:8C:DF:FF:A0:4L', '2016-02-29', 1, 1),
(117, 'Lara', 'Bartholomew', '3', '34', 4, 281, '91.123.1.233', '9A:8C:DF:FF:A0:4M', '2016-02-29', 1, 1),
(118, 'Kierra', 'Bloomfield', '3', '35', 4, 153, '91.123.1.235', '9A:8C:DF:FF:A0:4N', '2016-02-29', 1, 2),
(119, 'Charmaine', 'Arden', '3', '36', 7, 211, '91.123.1.237', '9A:8C:DF:FF:A0:4O', '2016-02-29', 1, 3),
(120, 'Cathleen', 'Atlee', '3', '37', 8, 171, '91.123.1.239', '9A:8C:DF:FF:A0:4P', '2016-02-29', 1, 1),
(121, 'June', 'Barraclough', '3', '38', 4, 211, '91.123.1.241', '9A:8C:DF:FF:A0:4Q', '2016-02-29', 1, 2),
(122, 'Davina', 'Beanland', '3', '39', 8, 278, '91.123.1.243', '9A:8C:DF:FF:A0:4R', '2016-02-29', 1, 1),
(123, 'Addys', 'Brack', '3', '40', 8, 295, '91.123.1.245', '9A:8C:DF:FF:A0:4S', '2016-02-29', 1, 2),
(124, 'Charis', 'Akroyd', '3', '41', 6, 73, '91.123.1.247', '9A:8C:DF:FF:A0:4T', '2016-02-29', 1, 3),
(125, 'Celinda', 'Allum', '3', '42', 8, 180, '91.123.1.249', '9A:8C:DF:FF:A0:4U', '2016-02-29', 1, 3),
(126, 'Heidi', 'Ashley-Cooper', '3', '43', 6, 266, '91.123.1.251', '9A:8C:DF:FF:A0:4V', '2016-02-29', 1, 3),
(127, 'Chelsea', 'Bain', '3', '44', 4, 95, '91.123.1.253', '9A:8C:DF:FF:A0:4W', '2016-02-29', 1, 1),
(128, 'Ella', 'Akehurst', '3', '45', 5, 170, '91.123.1.255', '9A:8C:DF:FF:A0:4X', '2016-02-29', 1, 3),
(129, 'Daphne', 'Bramble', '3', '46', 4, 116, '91.123.2.1', '9A:8C:DF:FF:A0:4Y', '2016-02-29', 1, 2),
(130, 'Elizabeth', 'Bagshaw', '3', '47', 7, 35, '91.123.2.3', '9A:8C:DF:FF:A0:4Z', '2016-02-29', 1, 2),
(131, 'Belinda', 'Blyth', '3', '48', 6, 210, '91.123.2.5', '9A:8C:DF:FF:A0:5A', '2016-02-29', 1, 3),
(132, 'Innogen', 'Beadon', '3', '49', 7, 9, '91.123.2.7', '9A:8C:DF:FF:A0:5B', '2016-02-29', 1, 3),
(133, 'Beatrice', 'Bubb', '3', '50', 8, 12, '91.123.2.9', '9A:8C:DF:FF:A0:5C', '2016-02-29', 1, 3),
(134, 'Hannah', 'Begley', '3', '51', 6, 252, '91.123.2.11', '9A:8C:DF:FF:A0:5D', '2016-02-29', 1, 1),
(135, 'Bronwyn', 'Berkeley', '3', '52', 8, 169, '91.123.2.13', '9A:8C:DF:FF:A0:5E', '2016-02-29', 1, 2),
(136, 'Dolores', 'Brayton', '3', '53', 6, 65, '91.123.2.15', '9A:8C:DF:FF:A0:5F', '2016-02-29', 1, 1),
(137, 'Christabel', 'Beard', '3', '54', 5, 123, '91.123.2.17', '9A:8C:DF:FF:A0:5G', '2016-02-29', 1, 3),
(138, 'G', 'Bottrill', '3', '55', 6, 174, '91.123.2.19', '9A:8C:DF:FF:A0:5H', '2016-02-29', 1, 2),
(139, 'Adelaide', 'Baily', '3', '56', 5, 260, '91.123.2.21', '9A:8C:DF:FF:A0:5I', '2016-02-29', 1, 2),
(140, 'Doreen', 'Brandis', '3', '57', 4, 170, '91.123.2.23', '9A:8C:DF:FF:A0:5J', '2016-02-29', 1, 3),
(141, 'Lauren', 'Bramble', '3', '58', 8, 10, '91.123.2.25', '9A:8C:DF:FF:A0:5K', '2016-02-29', 1, 1),
(142, 'Eudora', 'Bottrill', '3', '59', 3, 62, '91.123.2.27', '9A:8C:DF:FF:A0:5L', '2016-02-29', 1, 1),
(143, 'Kathy', 'Burdon', '3', '60', 6, 257, '91.123.2.29', '9A:8C:DF:FF:A0:5M', '2016-02-29', 1, 2),
(144, 'Gwendoline', 'Beachum', '3', '61', 6, 93, '91.123.2.31', '9A:8C:DF:FF:A0:5N', '2016-02-29', 1, 1),
(145, 'Kirsten', 'Aikin', '3', '62', 8, 127, '91.123.2.33', '9A:8C:DF:FF:A0:5O', '2016-02-29', 1, 1),
(146, 'Judith', 'Ardley', '3', '63', 3, 12, '91.123.2.35', '9A:8C:DF:FF:A0:5P', '2016-02-29', 1, 1),
(147, 'Georgiana', 'Benedict', '3', '64', 8, 147, '91.123.2.37', '9A:8C:DF:FF:A0:5Q', '2016-02-29', 1, 1),
(148, 'Eleanor', 'Berry', '3', '65', 5, 41, '91.123.2.39', '9A:8C:DF:FF:A0:5R', '2016-02-29', 1, 1),
(149, 'Joanna', 'Bonniwell', '3', '66', 4, 83, '91.123.2.41', '9A:8C:DF:FF:A0:5S', '2016-02-29', 1, 2),
(150, 'Alison', 'Braxton', '3', '67', 6, 146, '91.123.2.43', '9A:8C:DF:FF:A0:5T', '2016-02-29', 1, 3),
(151, 'Cathleen', 'Brown', '4', '1', 4, 249, '91.123.2.45', '9A:8C:DF:FF:A0:5U', '2016-02-29', 1, 3),
(152, 'Kim', 'Bayer', '4', '2', 8, 127, '91.123.2.47', '9A:8C:DF:FF:A0:5V', '2016-02-29', 1, 2),
(153, 'Heidi', 'Burns', '4', '3', 3, 211, '91.123.2.49', '9A:8C:DF:FF:A0:5W', '2016-02-29', 1, 1),
(154, 'Abigail', 'Acheson', '4', '4', 6, 266, '91.123.2.51', '9A:8C:DF:FF:A0:5X', '2016-02-29', 1, 1),
(155, 'Amber', 'Baxter', '4', '5', 3, 127, '91.123.2.53', '9A:8C:DF:FF:A0:5Y', '2016-02-29', 1, 1),
(156, 'Jacqueline', 'Bingley', '4', '6', 8, 4, '91.123.2.55', '9A:8C:DF:FF:A0:5Z', '2016-02-29', 1, 1),
(157, 'Gia', 'Bercow', '4', '7', 3, 27, '91.123.2.57', '9A:8C:DF:FF:A0:6A', '2016-02-29', 1, 2),
(158, 'Heidi', 'Berry', '4', '8', 6, 121, '91.123.2.59', '9A:8C:DF:FF:A0:6B', '2016-02-29', 1, 2),
(159, 'Betsy', 'Baxter', '4', '9', 7, 252, '91.123.2.61', '9A:8C:DF:FF:A0:6C', '2016-02-29', 1, 1),
(160, 'Isla', 'Amory', '4', '10', 6, 77, '91.123.2.63', '9A:8C:DF:FF:A0:6D', '2016-02-29', 1, 1),
(161, 'Joanne', 'Burney', '4', '11', 6, 261, '91.123.2.65', '9A:8C:DF:FF:A0:6E', '2016-02-29', 1, 3),
(162, 'Jessica', 'Brackman', '4', '12', 8, 199, '91.123.2.67', '9A:8C:DF:FF:A0:6F', '2016-02-29', 1, 1),
(163, 'Carolynn', 'Beeching', '4', '13', 8, 125, '91.123.2.69', '9A:8C:DF:FF:A0:6G', '2016-02-29', 1, 3),
(164, 'Alison', 'Braithwaite', '4', '14', 3, 106, '91.123.2.71', '9A:8C:DF:FF:A0:6H', '2016-02-29', 1, 2),
(165, 'Daisy', 'Bain', '4', '15', 4, 87, '91.123.2.73', '9A:8C:DF:FF:A0:6I', '2016-02-29', 1, 3),
(166, 'Giselle', 'Bonniwell', '4', '16', 4, 82, '91.123.2.75', '9A:8C:DF:FF:A0:6J', '2016-02-29', 1, 2),
(167, 'Gertrude', 'Akehurst', '4', '17', 6, 289, '91.123.2.77', '9A:8C:DF:FF:A0:6K', '2016-02-29', 1, 1),
(168, 'Gwendolen', 'Abbott', '4', '18', 4, 60, '91.123.2.79', '9A:8C:DF:FF:A0:6L', '2016-02-29', 1, 2),
(169, 'Julianne', 'Bonniwell', '4', '19', 8, 94, '91.123.2.81', '9A:8C:DF:FF:A0:6M', '2016-02-29', 1, 2),
(170, 'Gia', 'Beal', '4', '20', 4, 32, '91.123.2.83', '9A:8C:DF:FF:A0:6N', '2016-02-29', 1, 1),
(171, 'Lauren', 'Akehurst', '4', '21', 4, 192, '91.123.2.85', '9A:8C:DF:FF:A0:6O', '2016-02-29', 1, 3),
(172, 'E', 'Bowes', '4', '22', 4, 12, '91.123.2.87', '9A:8C:DF:FF:A0:6P', '2016-02-29', 1, 1),
(173, 'Amber', 'Beck', '4', '23', 6, 74, '91.123.2.89', '9A:8C:DF:FF:A0:6Q', '2016-02-29', 1, 2),
(174, 'Beatrice', 'Bubb', '4', '24', 8, 69, '91.123.2.91', '9A:8C:DF:FF:A0:6R', '2016-02-29', 1, 1),
(175, 'Alberta', 'Beckles', '4', '25', 8, 242, '91.123.2.93', '9A:8C:DF:FF:A0:6S', '2016-02-29', 1, 3),
(176, 'Gwendolen', 'Baines', '4', '26', 8, 279, '91.123.2.95', '9A:8C:DF:FF:A0:6T', '2016-02-29', 1, 1),
(177, 'Augusta', 'Bates', '4', '27', 4, 53, '91.123.2.97', '9A:8C:DF:FF:A0:6U', '2016-02-29', 1, 2),
(178, 'Esty', 'Bréhal', '4', '28', 8, 86, '91.123.2.99', '9A:8C:DF:FF:A0:6V', '2016-02-29', 1, 3),
(179, 'Julianne', 'Blair', '4', '29', 4, 278, '91.123.2.101', '9A:8C:DF:FF:A0:6W', '2016-02-29', 1, 2),
(180, 'Christabel', 'Alexander', '4', '30', 7, 249, '91.123.2.103', '9A:8C:DF:FF:A0:6X', '2016-02-29', 1, 1),
(181, 'Helena', 'Beamont', '4', '31', 3, 1, '91.123.2.105', '9A:8C:DF:FF:A0:6Y', '2016-02-29', 1, 1),
(182, 'Daisy', 'Asbridge', '4', '32', 5, 264, '91.123.2.107', '9A:8C:DF:FF:A0:6Z', '2016-02-29', 1, 1),
(183, 'Annabel', 'Brinkley', '4', '33', 5, 246, '91.123.2.109', '9A:8C:DF:FF:A0:7A', '2016-02-29', 1, 1),
(184, 'Gwenda', 'Baines', '4', '34', 5, 223, '91.123.2.111', '9A:8C:DF:FF:A0:7B', '2016-02-29', 1, 3),
(185, 'Charity', 'Bugden', '4', '35', 7, 153, '91.123.2.113', '9A:8C:DF:FF:A0:7C', '2016-02-29', 1, 1),
(186, 'Cleo', 'Axon', '4', '36', 8, 99, '91.123.2.115', '9A:8C:DF:FF:A0:7D', '2016-02-29', 1, 2),
(187, 'Estelle', 'Beresford', '4', '37', 3, 217, '91.123.2.117', '9A:8C:DF:FF:A0:7E', '2016-02-29', 1, 2),
(188, 'Giselle', 'Bancroft', '4', '38', 3, 37, '91.123.2.119', '9A:8C:DF:FF:A0:7F', '2016-02-29', 1, 1),
(189, 'Cheryl', 'Bayer', '4', '39', 3, 73, '91.123.2.121', '9A:8C:DF:FF:A0:7G', '2016-02-29', 1, 2),
(190, 'Lillian', 'Ayrton', '4', '40', 5, 233, '91.123.2.123', '9A:8C:DF:FF:A0:7H', '2016-02-29', 1, 3),
(191, 'Lillian', 'Birdsong', '4', '41', 3, 264, '91.123.2.125', '9A:8C:DF:FF:A0:7I', '2016-02-29', 1, 3),
(192, 'Innogen', 'Brack', '4', '42', 6, 228, '91.123.2.127', '9A:8C:DF:FF:A0:7J', '2016-02-29', 1, 3),
(193, 'Amelia', 'Austen', '4', '43', 3, 131, '91.123.2.129', '9A:8C:DF:FF:A0:7K', '2016-02-29', 1, 2),
(194, 'Effie', 'Brayton', '4', '44', 6, 84, '91.123.2.131', '9A:8C:DF:FF:A0:7L', '2016-02-29', 1, 2),
(195, 'Cecily', 'Armitstead', '4', '45', 4, 184, '91.123.2.133', '9A:8C:DF:FF:A0:7M', '2016-02-29', 1, 2),
(196, 'Jolie', 'Braxton', '4', '46', 5, 266, '91.123.2.135', '9A:8C:DF:FF:A0:7N', '2016-02-29', 1, 1),
(197, 'Adele', 'Brewster', '4', '47', 3, 146, '91.123.2.137', '9A:8C:DF:FF:A0:7O', '2016-02-29', 1, 2),
(198, 'Julianne', 'Beresford', '4', '48', 4, 242, '91.123.2.139', '9A:8C:DF:FF:A0:7P', '2016-02-29', 1, 3),
(199, 'Joanna', 'Bragg', '4', '49', 5, 124, '91.123.2.141', '9A:8C:DF:FF:A0:7Q', '2016-02-29', 1, 1),
(200, 'Alaina', 'Barber', '4', '50', 7, 218, '91.123.2.143', '9A:8C:DF:FF:A0:7R', '2016-02-29', 1, 1),
(201, 'Arda', 'Birdsong', '4', '51', 3, 74, '91.123.2.145', '9A:8C:DF:FF:A0:7S', '2016-02-29', 1, 2),
(202, 'Jacqui', 'Bagshaw', '4', '52', 5, 72, '91.123.2.147', '9A:8C:DF:FF:A0:7T', '2016-02-29', 1, 1),
(203, 'Kaylee', 'Bagshaw', '4', '53', 6, 142, '91.123.2.149', '9A:8C:DF:FF:A0:7U', '2016-02-29', 1, 3),
(204, 'Bronwyn', 'Allard', '4', '54', 6, 287, '91.123.2.151', '9A:8C:DF:FF:A0:7V', '2016-02-29', 1, 2),
(205, 'K', 'Blackburn', '4', '55', 8, 139, '91.123.2.153', '9A:8C:DF:FF:A0:7W', '2016-02-29', 1, 3),
(206, 'Dolores', 'Braceful', '4', '56', 8, 168, '91.123.2.155', '9A:8C:DF:FF:A0:7X', '2016-02-29', 1, 2),
(207, 'Dulcie', 'Appleyard', '4', '57', 7, 225, '91.123.2.157', '9A:8C:DF:FF:A0:7Y', '2016-02-29', 1, 1),
(208, 'Cordelia', 'Bonniwell', '4', '58', 8, 268, '91.123.2.159', '9A:8C:DF:FF:A0:7Z', '2016-02-29', 1, 3),
(209, 'Ellen', 'Ashdown', '4', '59', 8, 217, '91.123.2.161', '9A:8C:DF:FF:A0:8A', '2016-02-29', 1, 3),
(210, 'Edna', 'Anstead', '4', '60', 8, 217, '91.123.2.163', '9A:8C:DF:FF:A0:8B', '2016-02-29', 1, 3),
(211, 'Laura', 'Bowyer', '4', '61', 7, 20, '91.123.2.165', '9A:8C:DF:FF:A0:8C', '2016-02-29', 1, 1),
(212, 'Dolores', 'Bragg', '4', '62', 7, 161, '91.123.2.167', '9A:8C:DF:FF:A0:8D', '2016-02-29', 1, 1),
(213, 'Lois', 'Bawden', '4', '63', 7, 190, '91.123.2.169', '9A:8C:DF:FF:A0:8E', '2016-02-29', 1, 2),
(214, 'I', 'Berkeley', '4', '64', 8, 90, '91.123.2.171', '9A:8C:DF:FF:A0:8F', '2016-02-29', 1, 2),
(215, 'Edith', 'Armstrong', '4', '65', 7, 72, '91.123.2.173', '9A:8C:DF:FF:A0:8G', '2016-02-29', 1, 1),
(216, 'Gwendolen', 'Botterill', '4', '66', 3, 159, '91.123.2.175', '9A:8C:DF:FF:A0:8H', '2016-02-29', 1, 1),
(217, 'Celine', 'Bréhal', '4', '67', 4, 212, '91.123.2.177', '9A:8C:DF:FF:A0:8I', '2016-02-29', 1, 3),
(218, 'Helen', 'Baynton', '4', '68', 6, 143, '91.123.2.179', '9A:8C:DF:FF:A0:8J', '2016-02-29', 1, 3),
(219, 'Esty', 'Adshead', '4', '69', 5, 222, '91.123.2.181', '9A:8C:DF:FF:A0:8K', '2016-02-29', 1, 3),
(220, 'Amanda', 'Barraclough', '4', '70', 4, 30, '91.123.2.183', '9A:8C:DF:FF:A0:8L', '2016-02-29', 1, 1),
(221, 'Judith', 'Astley', '4', '71', 6, 115, '91.123.2.185', '9A:8C:DF:FF:A0:8M', '2016-02-29', 1, 2),
(222, 'Hope', 'Alabaster', '4', '72', 5, 275, '91.123.2.187', '9A:8C:DF:FF:A0:8N', '2016-02-29', 1, 2),
(223, 'Henrietta', 'Blair', '4', '73', 3, 89, '91.123.2.189', '9A:8C:DF:FF:A0:8O', '2016-02-29', 1, 3),
(224, 'Arda', 'Attenborough', '4', '74', 3, 283, '91.123.2.191', '9A:8C:DF:FF:A0:8P', '2016-02-29', 1, 3),
(225, 'Cassandra', 'Burgess', '4', '75', 5, 168, '91.123.2.193', '9A:8C:DF:FF:A0:8Q', '2016-02-29', 1, 3),
(226, 'Dede', 'Brandis', '4', '76', 8, 149, '91.123.2.195', '9A:8C:DF:FF:A0:8R', '2016-02-29', 1, 1),
(227, 'Carolyn', 'Bayfield', '4', '77', 3, 93, '91.123.2.197', '9A:8C:DF:FF:A0:8S', '2016-02-29', 1, 2),
(228, 'Alaina', 'Astle', '4', '78', 7, 96, '91.123.2.199', '9A:8C:DF:FF:A0:8T', '2016-02-29', 1, 3),
(229, 'G', 'Abbey', '4', '79', 7, 253, '91.123.2.201', '9A:8C:DF:FF:A0:8U', '2016-02-29', 1, 1),
(230, 'Joelle', 'Broom', '4', '80', 3, 259, '91.123.2.203', '9A:8C:DF:FF:A0:8V', '2016-02-29', 1, 2),
(231, 'Jennifer', 'Austin', '4', '81', 5, 43, '91.123.2.205', '9A:8C:DF:FF:A0:8W', '2016-02-29', 1, 3),
(232, 'Kaylee', 'Brackenridge', '4', '82', 3, 172, '91.123.2.207', '9A:8C:DF:FF:A0:8X', '2016-02-29', 1, 3),
(233, 'Karen', 'Altman', '4', '83', 8, 250, '91.123.2.209', '9A:8C:DF:FF:A0:8Y', '2016-02-29', 1, 2),
(234, 'Carmelita', 'Blackburne', '4', '84', 8, 271, '91.123.2.211', '9A:8C:DF:FF:A0:8Z', '2016-02-29', 1, 3),
(235, 'Kathleen', 'Bayntun', '4', '85', 7, 287, '91.123.2.213', '9A:8C:DF:FF:A0:9A', '2016-02-29', 1, 2),
(236, 'Carolynn', 'Ashdown', '4', '86', 6, 151, '91.123.2.215', '9A:8C:DF:FF:A0:9B', '2016-02-29', 1, 3),
(237, 'Elizabeth', 'Bottrill', '4', '87', 3, 260, '91.123.2.217', '9A:8C:DF:FF:A0:9C', '2016-02-29', 1, 1),
(238, 'Liana', 'Allard', '4', '88', 8, 99, '91.123.2.219', '9A:8C:DF:FF:A0:9D', '2016-02-29', 1, 2),
(239, 'Caroline', 'Appleyard', '4', '89', 4, 103, '91.123.2.221', '9A:8C:DF:FF:A0:9E', '2016-02-29', 1, 1),
(240, 'Dolores', 'Adelson', '4', '90', 8, 132, '91.123.2.223', '9A:8C:DF:FF:A0:9F', '2016-02-29', 1, 3),
(241, 'B', 'Aitchison', '4', '91', 4, 7, '91.123.2.225', '9A:8C:DF:FF:A0:9G', '2016-02-29', 1, 3),
(242, 'Christina', 'Beal', '4', '92', 5, 229, '91.123.2.227', '9A:8C:DF:FF:A0:9H', '2016-02-29', 1, 3),
(243, 'Hannah', 'Asbridge', '4', '93', 6, 176, '91.123.2.229', '9A:8C:DF:FF:A0:9I', '2016-02-29', 1, 2),
(244, 'Antonia', 'Adshead', '4', '94', 3, 164, '91.123.2.231', '9A:8C:DF:FF:A0:9J', '2016-02-29', 1, 2),
(245, 'Antonia', 'Brackenridge', '4', '95', 6, 119, '91.123.2.233', '9A:8C:DF:FF:A0:9K', '2016-02-29', 1, 2),
(246, 'Hope', 'Atkins', '4', '96', 5, 252, '91.123.2.235', '9A:8C:DF:FF:A0:9L', '2016-02-29', 1, 3),
(247, 'Christina', 'Amory', '5', '1', 7, 252, '91.123.2.237', '9A:8C:DF:FF:A0:9M', '2016-02-29', 1, 2),
(248, 'Gemma', 'Afford', '5', '2', 3, 288, '91.123.2.239', '9A:8C:DF:FF:A0:9N', '2016-02-29', 1, 2),
(249, 'Iona', 'Alexander', '5', '3', 6, 255, '91.123.2.241', '9A:8C:DF:FF:A0:9O', '2016-02-29', 1, 1),
(250, 'Gia', 'Berry', '5', '4', 8, 3, '91.123.2.243', '9A:8C:DF:FF:A0:9P', '2016-02-29', 1, 2),
(251, 'Leyna', 'Baily', '5', '5', 8, 217, '91.123.2.245', '9A:8C:DF:FF:A0:9Q', '2016-02-29', 1, 2),
(252, 'Flora', 'Bowers', '5', '6', 5, 17, '91.123.2.247', '9A:8C:DF:FF:A0:9R', '2016-02-29', 1, 1),
(253, 'Alanna', 'Beckles', '5', '7', 7, 160, '91.123.2.249', '9A:8C:DF:FF:A0:9S', '2016-02-29', 1, 1),
(254, 'Amber', 'Brightwell', '5', '8', 7, 15, '91.123.2.251', '9A:8C:DF:FF:A0:9T', '2016-02-29', 1, 2),
(255, 'Louis', 'Bush', '5', '9', 6, 1, '91.123.2.253', '9A:8C:DF:FF:A0:9U', '2016-02-29', 1, 2),
(256, 'Hester', 'Bromley-Davenport', '5', '10', 6, 179, '91.123.2.255', '9A:8C:DF:FF:A0:9V', '2016-02-29', 1, 1),
(257, 'Glenda', 'Begley', '5', '11', 7, 172, '91.123.3.1', '9A:8C:DF:FF:A0:9W', '2016-02-29', 1, 1),
(258, 'Linda', 'Applegate', '5', '12', 8, 151, '91.123.3.3', '9A:8C:DF:FF:A0:9X', '2016-02-29', 1, 3),
(259, 'Joanne', 'Biggins', '5', '13', 3, 267, '91.123.3.5', '9A:8C:DF:FF:A0:9Y', '2016-02-29', 1, 2),
(260, 'Brenda', 'Axon', '5', '14', 3, 155, '91.123.3.7', '9A:8C:DF:FF:A0:9Z', '2016-02-29', 1, 3),
(261, 'Innogen', 'Brightwell', '5', '15', 7, 149, '91.123.3.9', '9A:8C:DF:FF:A1:0A', '2016-02-29', 1, 2),
(262, 'Liana', 'Boulting', '5', '16', 8, 103, '91.123.3.11', '9A:8C:DF:FF:A1:0B', '2016-02-29', 1, 2),
(263, 'Heidi', 'Ashbee', '5', '17', 7, 290, '91.123.3.13', '9A:8C:DF:FF:A1:0C', '2016-02-29', 1, 2),
(264, 'Drusilla', 'Bloodworth', '5', '18', 4, 80, '91.123.3.15', '9A:8C:DF:FF:A1:0D', '2016-02-29', 1, 2),
(265, 'Lara', 'Bubb', '5', '19', 4, 59, '91.123.3.17', '9A:8C:DF:FF:A1:0E', '2016-02-29', 1, 3),
(266, 'Cordelia', 'Buckler', '5', '20', 7, 177, '91.123.3.19', '9A:8C:DF:FF:A1:0F', '2016-02-29', 1, 1),
(267, 'Deanne', 'Brayton', '5', '21', 3, 195, '91.123.3.21', '9A:8C:DF:FF:A1:0G', '2016-02-29', 1, 2),
(268, 'Irene', 'Boulting', '5', '22', 4, 58, '91.123.3.23', '9A:8C:DF:FF:A1:0H', '2016-02-29', 1, 1),
(269, 'C', 'Arden', '5', '23', 6, 258, '91.123.3.25', '9A:8C:DF:FF:A1:0I', '2016-02-29', 1, 1),
(270, 'Georgiana', 'Bramble', '5', '24', 3, 132, '91.123.3.27', '9A:8C:DF:FF:A1:0J', '2016-02-29', 1, 3),
(271, 'Edna', 'Adlam', '5', '25', 7, 48, '91.123.3.29', '9A:8C:DF:FF:A1:0K', '2016-02-29', 1, 1),
(272, 'Jemma', 'Biggins', '5', '26', 6, 241, '91.123.3.31', '9A:8C:DF:FF:A1:0L', '2016-02-29', 1, 1),
(273, 'Ada', 'Aikin', '5', '27', 5, 46, '91.123.3.33', '9A:8C:DF:FF:A1:0M', '2016-02-29', 1, 1),
(274, 'Joanna', 'Armfield', '5', '28', 3, 182, '91.123.3.35', '9A:8C:DF:FF:A1:0N', '2016-02-29', 1, 3),
(275, 'Henrietta', 'Barker', '5', '29', 3, 284, '91.123.3.37', '9A:8C:DF:FF:A1:0O', '2016-02-29', 1, 1),
(276, 'Imogen', 'Babbs', '5', '30', 5, 3, '91.123.3.39', '9A:8C:DF:FF:A1:0P', '2016-02-29', 1, 1),
(277, 'Enid', 'Bréhal', '5', '31', 4, 189, '91.123.3.41', '9A:8C:DF:FF:A1:0Q', '2016-02-29', 1, 3),
(278, 'Cleo', 'Adlam', '5', '32', 8, 184, '91.123.3.43', '9A:8C:DF:FF:A1:0R', '2016-02-29', 1, 2),
(279, 'Angel', 'Amory', '5', '33', 6, 48, '91.123.3.45', '9A:8C:DF:FF:A1:0S', '2016-02-29', 1, 1),
(280, 'Averil', 'Braceful', '5', '34', 5, 184, '91.123.3.47', '9A:8C:DF:FF:A1:0T', '2016-02-29', 1, 2),
(281, 'Deborah', 'Birdsong', '5', '35', 5, 219, '91.123.3.49', '9A:8C:DF:FF:A1:0U', '2016-02-29', 1, 1),
(282, 'Angel', 'Abbot', '5', '36', 8, 1, '91.123.3.51', '9A:8C:DF:FF:A1:0V', '2016-02-29', 1, 1),
(283, 'Drusilla', 'Auger', '5', '37', 6, 213, '91.123.3.53', '9A:8C:DF:FF:A1:0W', '2016-02-29', 1, 2),
(284, 'B', 'Brackman', '5', '38', 7, 130, '91.123.3.55', '9A:8C:DF:FF:A1:0X', '2016-02-29', 1, 3),
(285, 'Jacqueline', 'B', '5', '39', 6, 10, '91.123.3.57', '9A:8C:DF:FF:A1:0Y', '2016-02-29', 1, 2),
(286, 'Eudora', 'Breckenridge', '5', '40', 8, 190, '91.123.3.59', '9A:8C:DF:FF:A1:0Z', '2016-02-29', 1, 1),
(287, 'Lettice', 'Brightwell', '5', '41', 7, 191, '91.123.3.61', '9A:8C:DF:FF:A1:1A', '2016-02-29', 1, 3),
(288, 'Judith', 'Barkley', '5', '42', 6, 107, '91.123.3.63', '9A:8C:DF:FF:A1:1B', '2016-02-29', 1, 2),
(289, 'Clementine', 'Armstrong', '5', '43', 8, 89, '91.123.3.65', '9A:8C:DF:FF:A1:1C', '2016-02-29', 1, 1),
(290, 'Eunice', 'Bradley', '6', '1', 6, 50, '91.123.3.67', '9A:8C:DF:FF:A1:1D', '2016-02-29', 1, 1),
(291, 'Agnes', 'Abbott', '6', '2', 7, 182, '91.123.3.69', '9A:8C:DF:FF:A1:1E', '2016-02-29', 1, 1),
(292, 'Aubrey', 'Bates', '6', '3', 3, 220, '91.123.3.71', '9A:8C:DF:FF:A1:1F', '2016-02-29', 1, 1),
(293, 'Audrey', 'Armstrong', '6', '4', 8, 114, '91.123.3.73', '9A:8C:DF:FF:A1:1G', '2016-02-29', 1, 2),
(294, 'Ellen', 'Burgess', '6', '5', 3, 197, '91.123.3.75', '9A:8C:DF:FF:A1:1H', '2016-02-29', 1, 3),
(295, 'Charity', 'Barnet', '6', '6', 7, 169, '91.123.3.77', '9A:8C:DF:FF:A1:1I', '2016-02-29', 1, 2),
(296, 'Edith', 'Atkins', '6', '7', 8, 243, '91.123.3.79', '9A:8C:DF:FF:A1:1J', '2016-02-29', 1, 3),
(297, 'Alanna', 'Ashley-Cooper', '6', '8', 5, 208, '91.123.3.81', '9A:8C:DF:FF:A1:1K', '2016-02-29', 1, 3),
(298, 'Kathleen', 'Adkins', '6', '9', 3, 183, '91.123.3.83', '9A:8C:DF:FF:A1:1L', '2016-02-29', 1, 3),
(299, 'Lila', 'Barton', '6', '10', 6, 120, '91.123.3.85', '9A:8C:DF:FF:A1:1M', '2016-02-29', 1, 1),
(300, 'Abigail', 'Brewer', '6', '11', 8, 166, '91.123.3.87', '9A:8C:DF:FF:A1:1N', '2016-02-29', 1, 1),
(301, 'Flora', 'Bracey', '6', '12', 8, 124, '91.123.3.89', '9A:8C:DF:FF:A1:1O', '2016-02-29', 1, 1),
(302, 'Gwenda', 'Arnold', '6', '13', 3, 16, '91.123.3.91', '9A:8C:DF:FF:A1:1P', '2016-02-29', 1, 2),
(303, 'K', 'Beasant', '6', '14', 4, 221, '91.123.3.93', '9A:8C:DF:FF:A1:1Q', '2016-02-29', 1, 1),
(304, 'Kierra', 'Boothby', '6', '15', 4, 144, '91.123.3.95', '9A:8C:DF:FF:A1:1R', '2016-02-29', 1, 3),
(305, 'E', 'Bubb', '6', '16', 5, 277, '91.123.3.97', '9A:8C:DF:FF:A1:1S', '2016-02-29', 1, 3),
(306, 'Karen', 'Bowers', '6', '17', 5, 104, '91.123.3.99', '9A:8C:DF:FF:A1:1T', '2016-02-29', 1, 2),
(307, 'Gemma', 'Babbage', '6', '18', 5, 150, '91.123.3.101', '9A:8C:DF:FF:A1:1U', '2016-02-29', 1, 2),
(308, 'Cassandra', 'Astley', '6', '19', 3, 199, '91.123.3.103', '9A:8C:DF:FF:A1:1V', '2016-02-29', 1, 1),
(309, 'Harriet', 'Brinkley', '6', '20', 8, 299, '91.123.3.105', '9A:8C:DF:FF:A1:1W', '2016-02-29', 1, 3),
(310, 'Diana', 'Allred', '6', '21', 8, 63, '91.123.3.107', '9A:8C:DF:FF:A1:1X', '2016-02-29', 1, 1),
(311, 'Celestia', 'Begley', '6', '22', 5, 259, '91.123.3.109', '9A:8C:DF:FF:A1:1Y', '2016-02-29', 1, 3),
(312, 'Gwenda', 'Barkley', '6', '23', 3, 183, '91.123.3.111', '9A:8C:DF:FF:A1:1Z', '2016-02-29', 1, 1),
(313, 'June', 'Brackman', '6', '24', 7, 151, '91.123.3.113', '9A:8C:DF:FF:A1:2A', '2016-02-29', 1, 1),
(314, 'Ethel', 'Appleton', '6', '25', 7, 94, '91.123.3.115', '9A:8C:DF:FF:A1:2B', '2016-02-29', 1, 3),
(315, 'Gwendolyn', 'Blackett', '6', '26', 6, 63, '91.123.3.117', '9A:8C:DF:FF:A1:2C', '2016-02-29', 1, 1),
(316, 'Felicity', 'Burgess', '6', '27', 5, 17, '91.123.3.119', '9A:8C:DF:FF:A1:2D', '2016-02-29', 1, 2),
(317, 'Isla', 'Brightwell', '6', '28', 4, 6, '91.123.3.121', '9A:8C:DF:FF:A1:2E', '2016-02-29', 1, 1),
(318, 'Addys', 'Brinkley', '6', '29', 5, 196, '91.123.3.123', '9A:8C:DF:FF:A1:2F', '2016-02-29', 1, 3),
(319, 'Julianne', 'Appleyard', '6', '30', 5, 151, '91.123.3.125', '9A:8C:DF:FF:A1:2G', '2016-02-29', 1, 2),
(320, 'Joy', 'Alderdice', '6', '31', 5, 293, '91.123.3.127', '9A:8C:DF:FF:A1:2H', '2016-02-29', 1, 2),
(321, 'Celestia', 'Babbage', '6', '32', 6, 79, '91.123.3.129', '9A:8C:DF:FF:A1:2I', '2016-02-29', 1, 3),
(322, 'Flora', 'Burbridge', '6', '33', 4, 250, '91.123.3.131', '9A:8C:DF:FF:A1:2J', '2016-02-29', 1, 1),
(323, 'Heidi', 'Burney', '6', '34', 3, 71, '91.123.3.133', '9A:8C:DF:FF:A1:2K', '2016-02-29', 1, 2),
(324, 'Linda', 'Berker', '6', '35', 7, 64, '91.123.3.135', '9A:8C:DF:FF:A1:2L', '2016-02-29', 1, 1),
(325, 'Gwendolen', 'Black', '6', '36', 3, 156, '91.123.3.137', '9A:8C:DF:FF:A1:2M', '2016-02-29', 1, 1),
(326, 'Edwina', 'Atkin', '6', '37', 3, 241, '91.123.3.139', '9A:8C:DF:FF:A1:2N', '2016-02-29', 1, 1),
(327, 'Edith', 'Beale', '6', '38', 5, 217, '91.123.3.141', '9A:8C:DF:FF:A1:2O', '2016-02-29', 1, 1),
(328, 'Dede', 'Aylesworth', '6', '39', 8, 103, '91.123.3.143', '9A:8C:DF:FF:A1:2P', '2016-02-29', 1, 3),
(329, 'Alison', 'Black', '6', '40', 6, 110, '91.123.3.145', '9A:8C:DF:FF:A1:2Q', '2016-02-29', 1, 1),
(330, 'Kathy', 'Applegate', '6', '41', 4, 26, '91.123.3.147', '9A:8C:DF:FF:A1:2R', '2016-02-29', 1, 2),
(331, 'Carlene', 'Aylesworth', '6', '42', 4, 289, '91.123.3.149', '9A:8C:DF:FF:A1:2S', '2016-02-29', 1, 3),
(332, 'Gemma', 'Armitstead', '6', '43', 3, 53, '91.123.3.151', '9A:8C:DF:FF:A1:2T', '2016-02-29', 1, 1),
(333, 'Christina', 'Bramble', '6', '44', 5, 195, '91.123.3.153', '9A:8C:DF:FF:A1:2U', '2016-02-29', 1, 3),
(334, 'Bertha', 'Bedford', '6', '45', 4, 37, '91.123.3.155', '9A:8C:DF:FF:A1:2V', '2016-02-29', 1, 1),
(335, 'H', 'Blight', '6', '46', 5, 149, '91.123.3.157', '9A:8C:DF:FF:A1:2W', '2016-02-29', 1, 3),
(336, 'Lily', 'Acheson', '6', '47', 7, 118, '91.123.3.159', '9A:8C:DF:FF:A1:2X', '2016-02-29', 1, 1),
(337, 'Cheryl', 'Adin', '6', '48', 3, 110, '91.123.3.161', '9A:8C:DF:FF:A1:2Y', '2016-02-29', 1, 3),
(338, 'Beatrice', 'Astley', '6', '49', 5, 8, '91.123.3.163', '9A:8C:DF:FF:A1:2Z', '2016-02-29', 1, 2),
(339, 'Candy', 'Attenborough', '6', '50', 7, 42, '91.123.3.165', '9A:8C:DF:FF:A1:3A', '2016-02-29', 1, 2),
(340, 'Carlene', 'Atkins', '6', '51', 3, 165, '91.123.3.167', '9A:8C:DF:FF:A1:3B', '2016-02-29', 1, 3),
(341, 'Clarissa', 'Brewster', '6', '52', 3, 24, '91.123.3.169', '9A:8C:DF:FF:A1:3C', '2016-02-29', 1, 3),
(342, 'Emma', 'Brewster', '6', '53', 7, 2, '91.123.3.171', '9A:8C:DF:FF:A1:3D', '2016-02-29', 1, 3),
(343, 'G', 'Baskerville', '6', '54', 6, 291, '91.123.3.173', '9A:8C:DF:FF:A1:3E', '2016-02-29', 1, 3),
(344, 'Charis', 'Bracey', '6', '55', 3, 207, '91.123.3.175', '9A:8C:DF:FF:A1:3F', '2016-02-29', 1, 2),
(345, 'Leanne', 'Aitchison', '6', '56', 4, 181, '91.123.3.177', '9A:8C:DF:FF:A1:3G', '2016-02-29', 1, 3),
(346, 'Davina', 'Burdon', '6', '57', 4, 31, '91.123.3.179', '9A:8C:DF:FF:A1:3H', '2016-02-29', 1, 3),
(347, 'Ida', 'Abbott', '6', '58', 4, 131, '91.123.3.181', '9A:8C:DF:FF:A1:3I', '2016-02-29', 1, 3),
(348, 'Dolores', 'Burgess', '6', '59', 8, 175, '91.123.3.183', '9A:8C:DF:FF:A1:3J', '2016-02-29', 1, 2),
(349, 'Celinda', 'Beadon', '6', '60', 5, 89, '91.123.3.185', '9A:8C:DF:FF:A1:3K', '2016-02-29', 1, 3),
(350, 'Jemma', 'Bercow', '6', '61', 7, 74, '91.123.3.187', '9A:8C:DF:FF:A1:3L', '2016-02-29', 1, 1),
(351, 'Destiny', 'Armstrong', '6', '62', 4, 266, '91.123.3.189', '9A:8C:DF:FF:A1:3M', '2016-02-29', 1, 1),
(352, 'Cecilia', 'Berkeley', '6', '63', 5, 87, '91.123.3.191', '9A:8C:DF:FF:A1:3N', '2016-02-29', 1, 2),
(353, 'F', 'Begley', '6', '64', 6, 81, '91.123.3.193', '9A:8C:DF:FF:A1:3O', '2016-02-29', 1, 1),
(354, 'Felicity', 'Arnold', '6', '65', 4, 29, '91.123.3.195', '9A:8C:DF:FF:A1:3P', '2016-02-29', 1, 2),
(355, 'Chloe', 'Braxton', '6', '66', 5, 72, '91.123.3.197', '9A:8C:DF:FF:A1:3Q', '2016-02-29', 1, 2),
(356, 'Doreen', 'Beresford', '6', '67', 8, 196, '91.123.3.199', '9A:8C:DF:FF:A1:3R', '2016-02-29', 1, 1),
(357, 'Jane', 'Armfield', '6', '68', 3, 298, '91.123.3.201', '9A:8C:DF:FF:A1:3S', '2016-02-29', 1, 1),
(358, 'Ellen', 'Blackmon', '6', '69', 4, 123, '91.123.3.203', '9A:8C:DF:FF:A1:3T', '2016-02-29', 1, 2),
(359, 'Joan', 'Beal', '6', '70', 6, 55, '91.123.3.205', '9A:8C:DF:FF:A1:3U', '2016-02-29', 1, 3),
(360, 'Hero', 'Bramble', '6', '71', 4, 84, '91.123.3.207', '9A:8C:DF:FF:A1:3V', '2016-02-29', 1, 2),
(361, 'G', 'Barleycorn', '6', '72', 7, 236, '91.123.3.209', '9A:8C:DF:FF:A1:3W', '2016-02-29', 1, 3),
(362, 'Galenka', 'Boothby', '6', '73', 3, 149, '91.123.3.211', '9A:8C:DF:FF:A1:3X', '2016-02-29', 1, 2),
(363, 'Gwendolen', 'Bird', '6', '74', 7, 86, '91.123.3.213', '9A:8C:DF:FF:A1:3Y', '2016-02-29', 1, 2),
(364, 'Crystal', 'Beck', '6', '75', 6, 288, '91.123.3.215', '9A:8C:DF:FF:A1:3Z', '2016-02-29', 1, 2),
(365, 'June', 'Brickman', '6', '76', 7, 143, '91.123.3.217', '9A:8C:DF:FF:A1:4A', '2016-02-29', 1, 2),
(366, 'Joanna', 'Arden', '6', '77', 4, 103, '91.123.3.219', '9A:8C:DF:FF:A1:4B', '2016-02-29', 1, 3),
(367, 'Gertrude', 'Batchelor', '6', '78', 7, 80, '91.123.3.221', '9A:8C:DF:FF:A1:4C', '2016-02-29', 1, 2),
(368, 'Daphne', 'Beasant', '6', '79', 4, 58, '91.123.3.223', '9A:8C:DF:FF:A1:4D', '2016-02-29', 1, 3),
(369, 'Jacqui', 'Berker', '6', '80', 7, 248, '91.123.3.225', '9A:8C:DF:FF:A1:4E', '2016-02-29', 1, 3),
(370, 'Barbara', 'Blackburn', '6', '81', 5, 167, '91.123.3.227', '9A:8C:DF:FF:A1:4F', '2016-02-29', 1, 2),
(371, 'Belinda', 'Archer', '6', '82', 4, 231, '91.123.3.229', '9A:8C:DF:FF:A1:4G', '2016-02-29', 1, 2),
(372, 'Hester', 'Begley', '6', '83', 4, 41, '91.123.3.231', '9A:8C:DF:FF:A1:4H', '2016-02-29', 1, 3),
(373, 'Deanne', 'Bayles', '6', '84', 7, 240, '91.123.3.233', '9A:8C:DF:FF:A1:4I', '2016-02-29', 1, 3),
(374, 'Bronwyn', 'Burnham', '6', '85', 6, 257, '91.123.3.235', '9A:8C:DF:FF:A1:4J', '2016-02-29', 1, 1),
(375, 'Jolie', 'Auger', '6', '86', 5, 70, '91.123.3.237', '9A:8C:DF:FF:A1:4K', '2016-02-29', 1, 3),
(376, 'Alison', 'Burnham', '7', '1', 5, 149, '91.123.3.239', '9A:8C:DF:FF:A1:4L', '2016-02-29', 1, 1),
(377, 'Jessie', 'Bloomfield', '7', '2', 7, 162, '91.123.3.241', '9A:8C:DF:FF:A1:4M', '2016-02-29', 1, 2),
(378, 'Cadence', 'Bromley-Davenport', '7', '3', 7, 220, '91.123.3.243', '9A:8C:DF:FF:A1:4N', '2016-02-29', 1, 3),
(379, 'Claribel', 'Allison', '7', '4', 4, 98, '91.123.3.245', '9A:8C:DF:FF:A1:4O', '2016-02-29', 1, 1),
(380, 'L', 'Acton', '7', '5', 8, 234, '91.123.3.247', '9A:8C:DF:FF:A1:4P', '2016-02-29', 1, 1),
(381, 'Autumn', 'Beardsley', '7', '6', 4, 209, '91.123.3.249', '9A:8C:DF:FF:A1:4Q', '2016-02-29', 1, 3),
(382, 'Imelda', 'Burns', '7', '7', 3, 88, '91.123.3.251', '9A:8C:DF:FF:A1:4R', '2016-02-29', 1, 2),
(383, 'Georgiana', 'Blackmon', '7', '8', 6, 250, '91.123.3.253', '9A:8C:DF:FF:A1:4S', '2016-02-29', 1, 2),
(384, 'Iris', 'Broomfield', '7', '9', 4, 163, '91.123.3.255', '9A:8C:DF:FF:A1:4T', '2016-02-29', 1, 3),
(385, 'Amber', 'Brack', '7', '10', 3, 132, '91.123.4.1', '9A:8C:DF:FF:A1:4U', '2016-02-29', 1, 2),
(386, 'Barbara', 'Astley', '7', '11', 8, 133, '91.123.4.3', '9A:8C:DF:FF:A1:4V', '2016-02-29', 1, 1),
(387, 'Agatha', 'Allred', '7', '12', 7, 98, '91.123.4.5', '9A:8C:DF:FF:A1:4W', '2016-02-29', 1, 1),
(388, 'Charity', 'Barry', '7', '13', 3, 197, '91.123.4.7', '9A:8C:DF:FF:A1:4X', '2016-02-29', 1, 3),
(389, 'Carlene', 'Brickman', '7', '14', 5, 29, '91.123.4.9', '9A:8C:DF:FF:A1:4Y', '2016-02-29', 1, 1),
(390, 'Gwen', 'Beadon', '7', '15', 5, 220, '91.123.4.11', '9A:8C:DF:FF:A1:4Z', '2016-02-29', 1, 2),
(391, 'Loretta', 'Boulting', '7', '16', 4, 236, '91.123.4.13', '9A:8C:DF:FF:A1:5A', '2016-02-29', 1, 1),
(392, 'Christina', 'Barleycorn', '7', '17', 8, 56, '91.123.4.15', '9A:8C:DF:FF:A1:5B', '2016-02-29', 1, 3),
(393, 'Edwina', 'Akehurst', '7', '18', 6, 289, '91.123.4.17', '9A:8C:DF:FF:A1:5C', '2016-02-29', 1, 2),
(394, 'Edna', 'Burnham', '7', '19', 4, 247, '91.123.4.19', '9A:8C:DF:FF:A1:5D', '2016-02-29', 1, 1),
(395, 'Clementine', 'Brackenridge', '7', '20', 6, 249, '91.123.4.21', '9A:8C:DF:FF:A1:5E', '2016-02-29', 1, 3),
(396, 'Brenda', 'Bain', '7', '21', 3, 71, '91.123.4.23', '9A:8C:DF:FF:A1:5F', '2016-02-29', 1, 3),
(397, 'Heidi', 'Breckenridge', '7', '22', 4, 266, '91.123.4.25', '9A:8C:DF:FF:A1:5G', '2016-02-29', 1, 2),
(398, 'Cecily', 'Bragg', '7', '23', 8, 69, '91.123.4.27', '9A:8C:DF:FF:A1:5H', '2016-02-29', 1, 3),
(399, 'Kim', 'Beck', '7', '24', 8, 277, '91.123.4.29', '9A:8C:DF:FF:A1:5I', '2016-02-29', 1, 1),
(400, 'Averil', 'Axtell', '7', '25', 5, 146, '91.123.4.31', '9A:8C:DF:FF:A1:5J', '2016-02-29', 1, 3),
(401, 'Gwendolyn', 'Archer', '7', '26', 6, 130, '91.123.4.33', '9A:8C:DF:FF:A1:5K', '2016-02-29', 1, 1),
(402, 'Betsy', 'Appleton', '7', '27', 5, 4, '91.123.4.35', '9A:8C:DF:FF:A1:5L', '2016-02-29', 1, 3),
(403, 'Linda', 'Bancroft', '7', '28', 6, 91, '91.123.4.37', '9A:8C:DF:FF:A1:5M', '2016-02-29', 1, 1),
(404, 'Giselle', 'Broomfield', '7', '29', 7, 186, '91.123.4.39', '9A:8C:DF:FF:A1:5N', '2016-02-29', 1, 2),
(405, 'Gwendolyn', 'Adshead', '7', '30', 3, 41, '91.123.4.41', '9A:8C:DF:FF:A1:5O', '2016-02-29', 1, 2),
(406, 'Jessie', 'Brightwell', '7', '31', 7, 178, '91.123.4.43', '9A:8C:DF:FF:A1:5P', '2016-02-29', 1, 2),
(407, 'Kaylee', 'Brewer', '7', '32', 6, 151, '91.123.4.45', '9A:8C:DF:FF:A1:5Q', '2016-02-29', 1, 1),
(408, 'Eileen', 'Axtell', '7', '33', 7, 200, '91.123.4.47', '9A:8C:DF:FF:A1:5R', '2016-02-29', 1, 1),
(409, 'Angela', 'Badley', '7', '34', 8, 95, '91.123.4.49', '9A:8C:DF:FF:A1:5S', '2016-02-29', 1, 3),
(410, 'Estelle', 'Brimson', '7', '35', 6, 256, '91.123.4.51', '9A:8C:DF:FF:A1:5T', '2016-02-29', 1, 2),
(411, 'Carlene', 'Bercow', '7', '36', 8, 41, '91.123.4.53', '9A:8C:DF:FF:A1:5U', '2016-02-29', 1, 1),
(412, 'Gemma', 'Alderman', '7', '37', 5, 8, '91.123.4.55', '9A:8C:DF:FF:A1:5V', '2016-02-29', 1, 2),
(413, 'Charity', 'Beal', '7', '38', 8, 112, '91.123.4.57', '9A:8C:DF:FF:A1:5W', '2016-02-29', 1, 1),
(414, 'Anna', 'Brandis', '7', '39', 3, 21, '91.123.4.59', '9A:8C:DF:FF:A1:5X', '2016-02-29', 1, 2),
(415, 'Chloe', 'Arden', '7', '40', 3, 135, '91.123.4.61', '9A:8C:DF:FF:A1:5Y', '2016-02-29', 1, 1),
(416, 'Chelsea', 'Altman', '7', '41', 7, 126, '91.123.4.63', '9A:8C:DF:FF:A1:5Z', '2016-02-29', 1, 3),
(417, 'Laura', 'Attenborough', '7', '42', 7, 292, '91.123.4.65', '9A:8C:DF:FF:A1:6A', '2016-02-29', 1, 2),
(418, 'Celinda', 'Abbot', '7', '43', 5, 125, '91.123.4.67', '9A:8C:DF:FF:A1:6B', '2016-02-29', 1, 2),
(419, 'Davina', 'Brickman', '7', '44', 7, 76, '91.123.4.69', '9A:8C:DF:FF:A1:6C', '2016-02-29', 1, 3),
(420, 'Gertie', 'Bayles', '7', '45', 6, 86, '91.123.4.71', '9A:8C:DF:FF:A1:6D', '2016-02-29', 1, 2),
(421, 'Jacqueline', 'Beckles', '8', '1', 4, 91, '91.123.4.73', '9A:8C:DF:FF:A1:6E', '2016-02-29', 1, 1),
(422, 'Gaynor', 'Bartholomew', '8', '2', 8, 234, '91.123.4.75', '9A:8C:DF:FF:A1:6F', '2016-02-29', 1, 2),
(423, 'Cleo', 'Abbey', '8', '3', 3, 150, '91.123.4.77', '9A:8C:DF:FF:A1:6G', '2016-02-29', 1, 1),
(424, 'Helen', 'Bromley-Davenport', '8', '4', 8, 227, '91.123.4.79', '9A:8C:DF:FF:A1:6H', '2016-02-29', 1, 1),
(425, 'Doreen', 'Bloodworth', '8', '5', 5, 59, '91.123.4.81', '9A:8C:DF:FF:A1:6I', '2016-02-29', 1, 2),
(426, 'Edwina', 'Bowers', '8', '6', 6, 196, '91.123.4.83', '9A:8C:DF:FF:A1:6J', '2016-02-29', 1, 3),
(427, 'Gertie', 'Baynton', '8', '7', 7, 59, '91.123.4.85', '9A:8C:DF:FF:A1:6K', '2016-02-29', 1, 1),
(428, 'Innogen', 'Bedford', '8', '8', 7, 115, '91.123.4.87', '9A:8C:DF:FF:A1:6L', '2016-02-29', 1, 3),
(429, 'Georgiana', 'Beard', '8', '9', 6, 57, '91.123.4.89', '9A:8C:DF:FF:A1:6M', '2016-02-29', 1, 1),
(430, 'Kathy', 'Beeby', '8', '10', 7, 256, '91.123.4.91', '9A:8C:DF:FF:A1:6N', '2016-02-29', 1, 3),
(431, 'Faith', 'Bell', '8', '11', 6, 160, '91.123.4.93', '9A:8C:DF:FF:A1:6O', '2016-02-29', 1, 1),
(432, 'Alberta', 'Alexander', '8', '12', 3, 261, '91.123.4.95', '9A:8C:DF:FF:A1:6P', '2016-02-29', 1, 2),
(433, 'Joanna', 'Brandis', '8', '13', 4, 282, '91.123.4.97', '9A:8C:DF:FF:A1:6Q', '2016-02-29', 1, 3),
(434, 'Kathleen', 'Armstead', '8', '14', 8, 105, '91.123.4.99', '9A:8C:DF:FF:A1:6R', '2016-02-29', 1, 1),
(435, 'Audrey', 'Astle', '8', '15', 6, 23, '91.123.4.101', '9A:8C:DF:FF:A1:6S', '2016-02-29', 1, 2),
(436, 'Leanne', 'Aitchison', '8', '16', 4, 46, '91.123.4.103', '9A:8C:DF:FF:A1:6T', '2016-02-29', 1, 2),
(437, 'Laura', 'Acheson', '8', '17', 7, 216, '91.123.4.105', '9A:8C:DF:FF:A1:6U', '2016-02-29', 1, 1),
(438, 'Adelaide', 'Buckler', '8', '18', 4, 287, '91.123.4.107', '9A:8C:DF:FF:A1:6V', '2016-02-29', 1, 1),
(439, 'Gia', 'Bayntun', '8', '19', 7, 246, '91.123.4.109', '9A:8C:DF:FF:A1:6W', '2016-02-29', 1, 3),
(440, 'Jacqui', 'Austin', '8', '20', 7, 103, '91.123.4.111', '9A:8C:DF:FF:A1:6X', '2016-02-29', 1, 1),
(441, 'Helene', 'Bercow', '8', '21', 5, 167, '91.123.4.113', '9A:8C:DF:FF:A1:6Y', '2016-02-29', 1, 3),
(442, 'Christabel', 'Acheson', '8', '22', 5, 14, '91.123.4.115', '9A:8C:DF:FF:A1:6Z', '2016-02-29', 1, 1),
(443, 'Linda', 'Brewer', '8', '23', 8, 95, '91.123.4.117', '9A:8C:DF:FF:A1:7A', '2016-02-29', 1, 2),
(444, 'Jennifer', 'Alexander', '8', '24', 6, 196, '91.123.4.119', '9A:8C:DF:FF:A1:7B', '2016-02-29', 1, 3),
(445, 'Leanne', 'Bubb', '8', '25', 8, 74, '91.123.4.121', '9A:8C:DF:FF:A1:7C', '2016-02-29', 1, 3),
(446, 'Gwendolyn', 'Bates', '8', '26', 7, 63, '91.123.4.123', '9A:8C:DF:FF:A1:7D', '2016-02-29', 1, 3),
(447, 'Gwendoline', 'Barker', '8', '27', 8, 295, '91.123.4.125', '9A:8C:DF:FF:A1:7E', '2016-02-29', 1, 3),
(448, 'Charmaine', 'Beresford', '8', '28', 3, 273, '91.123.4.127', '9A:8C:DF:FF:A1:7F', '2016-02-29', 1, 3),
(449, 'Louis', 'Beadon', '8', '29', 4, 195, '91.123.4.129', '9A:8C:DF:FF:A1:7G', '2016-02-29', 1, 1),
(450, 'Iris', 'Bedingfeld', '8', '30', 5, 52, '91.123.4.131', '9A:8C:DF:FF:A1:7H', '2016-02-29', 1, 1),
(451, 'Gwendolyn', 'Bowyer', '8', '31', 3, 154, '91.123.4.133', '9A:8C:DF:FF:A1:7I', '2016-02-29', 1, 1),
(452, 'Irene', 'Berker', '8', '32', 3, 263, '91.123.4.135', '9A:8C:DF:FF:A1:7J', '2016-02-29', 1, 1),
(453, 'Kathy', 'Attenborough', '8', '33', 4, 97, '91.123.4.137', '9A:8C:DF:FF:A1:7K', '2016-02-29', 1, 2),
(454, 'Gemma', 'Burney', '8', '34', 8, 132, '91.123.4.139', '9A:8C:DF:FF:A1:7L', '2016-02-29', 1, 2),
(455, 'Betty', 'Bull', '8', '35', 6, 206, '91.123.4.141', '9A:8C:DF:FF:A1:7M', '2016-02-29', 1, 3),
(456, 'Doreen', 'Bloomfield', '8', '36', 5, 34, '91.123.4.143', '9A:8C:DF:FF:A1:7N', '2016-02-29', 1, 3),
(457, 'Angela', 'Burbridge', '8', '37', 6, 42, '91.123.4.145', '9A:8C:DF:FF:A1:7O', '2016-02-29', 1, 1),
(458, 'Julianne', 'Badley', '8', '38', 5, 224, '91.123.4.147', '9A:8C:DF:FF:A1:7P', '2016-02-29', 1, 1),
(459, 'Helena', 'Baynton', '8', '39', 4, 223, '91.123.4.149', '9A:8C:DF:FF:A1:7Q', '2016-02-29', 1, 1),
(460, 'Iona', 'Atkin', '8', '40', 8, 296, '91.123.4.151', '9A:8C:DF:FF:A1:7R', '2016-02-29', 1, 2),
(461, 'Jacqui', 'Berkeley', '8', '41', 3, 248, '91.123.4.153', '9A:8C:DF:FF:A1:7S', '2016-02-29', 1, 3),
(462, 'Hester', 'Armfield', '8', '42', 5, 205, '91.123.4.155', '9A:8C:DF:FF:A1:7T', '2016-02-29', 1, 3),
(463, 'Adelaide', 'Axford', '8', '43', 3, 282, '91.123.4.157', '9A:8C:DF:FF:A1:7U', '2016-02-29', 1, 1),
(464, 'Lauretta', 'Blackmon', '8', '44', 3, 74, '91.123.4.159', '9A:8C:DF:FF:A1:7V', '2016-02-29', 1, 3),
(465, 'Cathleen', 'Benedict', '8', '45', 4, 91, '91.123.4.161', '9A:8C:DF:FF:A1:7W', '2016-02-29', 1, 3),
(466, 'Ida', 'Black', '8', '46', 8, 180, '91.123.4.163', '9A:8C:DF:FF:A1:7X', '2016-02-29', 1, 1),
(467, 'Bronwen', 'Bramble', '8', '47', 5, 170, '91.123.4.165', '9A:8C:DF:FF:A1:7Y', '2016-02-29', 1, 1),
(468, 'Edna', 'Broomfield', '8', '48', 7, 76, '91.123.4.167', '9A:8C:DF:FF:A1:7Z', '2016-02-29', 1, 2),
(469, 'Harriet', 'Burns', '8', '49', 7, 286, '91.123.4.169', '9A:8C:DF:FF:A1:8A', '2016-02-29', 1, 1),
(470, 'Davina', 'Baskerville', '8', '50', 5, 201, '91.123.4.171', '9A:8C:DF:FF:A1:8B', '2016-02-29', 1, 1),
(471, 'Alaina', 'Amory', '8', '51', 6, 54, '91.123.4.173', '9A:8C:DF:FF:A1:8C', '2016-02-29', 1, 1),
(472, 'Bella', 'Batchelor', '8', '52', 7, 46, '91.123.4.175', '9A:8C:DF:FF:A1:8D', '2016-02-29', 1, 1),
(473, 'Adele', 'Bagshaw', '8', '53', 7, 175, '91.123.4.177', '9A:8C:DF:FF:A1:8E', '2016-02-29', 1, 2),
(474, 'Betty', 'Buckler', '8', '54', 5, 230, '91.123.4.179', '9A:8C:DF:FF:A1:8F', '2016-02-29', 1, 2),
(475, 'Abigail', 'Bugden', '8', '55', 8, 260, '91.123.4.181', '9A:8C:DF:FF:A1:8G', '2016-02-29', 1, 1),
(476, 'Cecily', 'Bromley-Davenport', '8', '56', 4, 54, '91.123.4.183', '9A:8C:DF:FF:A1:8H', '2016-02-29', 1, 1),
(477, 'Charisse', 'Babbage', '8', '57', 4, 131, '91.123.4.185', '9A:8C:DF:FF:A1:8I', '2016-02-29', 1, 1),
(478, 'Alberta', 'Armfield', '8', '58', 3, 82, '91.123.4.187', '9A:8C:DF:FF:A1:8J', '2016-02-29', 1, 1),
(479, 'Alaina', 'Ardley', '8', '59', 6, 24, '91.123.4.189', '9A:8C:DF:FF:A1:8K', '2016-02-29', 1, 2),
(480, 'Chloe', 'Astley', '8', '60', 3, 106, '91.123.4.191', '9A:8C:DF:FF:A1:8L', '2016-02-29', 1, 3),
(481, 'Dora', 'Burdon', '8', '61', 6, 21, '91.123.4.193', '9A:8C:DF:FF:A1:8M', '2016-02-29', 1, 1),
(482, 'Angel', 'Axton', '8', '62', 7, 11, '91.123.4.195', '9A:8C:DF:FF:A1:8N', '2016-02-29', 1, 1),
(483, 'Cecily', 'Armstead', '8', '63', 6, 260, '91.123.4.197', '9A:8C:DF:FF:A1:8O', '2016-02-29', 1, 3),
(484, 'Hero', 'Appleyard', '8', '64', 4, 156, '91.123.4.199', '9A:8C:DF:FF:A1:8P', '2016-02-29', 1, 2),
(485, 'Lorna', 'Bowes', '8', '65', 4, 228, '91.123.4.201', '9A:8C:DF:FF:A1:8Q', '2016-02-29', 1, 2),
(486, 'Joanna', 'Bain', '8', '66', 7, 152, '91.123.4.203', '9A:8C:DF:FF:A1:8R', '2016-02-29', 1, 3),
(487, 'Adele', 'Bracey', '8', '67', 8, 72, '91.123.4.205', '9A:8C:DF:FF:A1:8S', '2016-02-29', 1, 3),
(488, 'Christina', 'Bottrill', '8', '68', 3, 82, '91.123.4.207', '9A:8C:DF:FF:A1:8T', '2016-02-29', 1, 3),
(489, 'Iris', 'Barton', '8', '69', 3, 71, '91.123.4.209', '9A:8C:DF:FF:A1:8U', '2016-02-29', 1, 3),
(490, 'Joey', 'Berry', '8', '70', 7, 57, '91.123.4.211', '9A:8C:DF:FF:A1:8V', '2016-02-29', 1, 3),
(491, 'B', 'Broughton', '8', '71', 6, 240, '91.123.4.213', '9A:8C:DF:FF:A1:8W', '2016-02-29', 1, 3),
(492, 'Harriet', 'Boulting', '8', '72', 7, 151, '91.123.4.215', '9A:8C:DF:FF:A1:8X', '2016-02-29', 1, 2),
(493, 'Iona', 'Beckles', '8', '73', 4, 63, '91.123.4.217', '9A:8C:DF:FF:A1:8Y', '2016-02-29', 1, 1),
(494, 'Dulcie', 'Ayrton', '8', '74', 4, 5, '91.123.4.219', '9A:8C:DF:FF:A1:8Z', '2016-02-29', 1, 2),
(495, 'Leah', 'Aikin', '8', '75', 3, 162, '91.123.4.221', '9A:8C:DF:FF:A1:9A', '2016-02-29', 1, 3),
(496, 'Flora', 'Bingham', '8', '76', 8, 4, '91.123.4.223', '9A:8C:DF:FF:A1:9B', '2016-02-29', 1, 3),
(497, 'Gwenda', 'Beer', '9', '1', 8, 205, '91.123.4.225', '9A:8C:DF:FF:A1:9C', '2016-02-29', 1, 1),
(498, 'Cadence', 'Aitchison', '9', '2', 4, 55, '91.123.4.227', '9A:8C:DF:FF:A1:9D', '2016-02-29', 1, 2),
(499, 'Lilla', 'Benedict', '9', '3', 8, 74, '91.123.4.229', '9A:8C:DF:FF:A1:9E', '2016-02-29', 1, 1),
(500, 'Barbara', 'Broom', '9', '4', 4, 86, '91.123.4.231', '9A:8C:DF:FF:A1:9F', '2016-02-29', 1, 2),
(501, 'Christina', 'Blight', '9', '5', 6, 222, '91.123.4.233', '9A:8C:DF:FF:A1:9G', '2016-02-29', 1, 1),
(502, 'Kim', 'Adkins', '9', '6', 8, 114, '91.123.4.235', '9A:8C:DF:FF:A1:9H', '2016-02-29', 1, 1),
(503, 'Joan', 'Braceful', '9', '7', 7, 48, '91.123.4.237', '9A:8C:DF:FF:A1:9I', '2016-02-29', 1, 1),
(504, 'Linda', 'Baskerville', '9', '8', 6, 278, '91.123.4.239', '9A:8C:DF:FF:A1:9J', '2016-02-29', 1, 1),
(505, 'Cathleen', 'Ackroyd', '9', '9', 7, 1, '91.123.4.241', '9A:8C:DF:FF:A1:9K', '2016-02-29', 1, 3),
(506, 'Edith', 'Aldridge', '9', '10', 4, 184, '91.123.4.243', '9A:8C:DF:FF:A1:9L', '2016-02-29', 1, 2),
(507, 'Iris', 'Bonniwell', '9', '11', 7, 66, '91.123.4.245', '9A:8C:DF:FF:A1:9M', '2016-02-29', 1, 3),
(508, 'Leah', 'Buckler', '9', '12', 3, 183, '91.123.4.247', '9A:8C:DF:FF:A1:9N', '2016-02-29', 1, 1),
(509, 'Berenice', 'Alabaster', '9', '13', 8, 54, '91.123.4.249', '9A:8C:DF:FF:A1:9O', '2016-02-29', 1, 3),
(510, 'Bella', 'Braithwaite', '9', '14', 7, 44, '91.123.4.251', '9A:8C:DF:FF:A1:9P', '2016-02-29', 1, 1),
(511, 'Imogen', 'Barkley', '9', '15', 4, 13, '91.123.4.253', '9A:8C:DF:FF:A1:9Q', '2016-02-29', 1, 1),
(512, 'Charlotte', 'Brewer', '9', '16', 6, 230, '91.123.4.255', '9A:8C:DF:FF:A1:9R', '2016-02-29', 1, 2),
(513, 'Jemima', 'Botterill', '9', '17', 5, 288, '91.123.5.1', '9A:8C:DF:FF:A1:9S', '2016-02-29', 1, 1),
(514, 'Amy', 'Aikin', '9', '18', 6, 90, '91.123.5.3', '9A:8C:DF:FF:A1:9T', '2016-02-29', 1, 1),
(515, 'Agnes', 'Babbage', '9', '19', 8, 219, '91.123.5.5', '9A:8C:DF:FF:A1:9U', '2016-02-29', 1, 1),
(516, 'Beatrice', 'Allison', '9', '20', 6, 78, '91.123.5.7', '9A:8C:DF:FF:A1:9V', '2016-02-29', 1, 3),
(517, 'Gwendoline', 'Badley', '9', '21', 3, 116, '91.123.5.9', '9A:8C:DF:FF:A1:9W', '2016-02-29', 1, 3),
(518, 'Crystal', 'Bates', '9', '22', 7, 287, '91.123.5.11', '9A:8C:DF:FF:A1:9X', '2016-02-29', 1, 2),
(519, 'Alison', 'Aylesworth', '9', '23', 4, 0, '91.123.5.13', '9A:8C:DF:FF:A1:9Y', '2016-02-29', 1, 2),
(520, 'Delia', 'Bloomfield', '9', '24', 8, 274, '91.123.5.15', '9A:8C:DF:FF:A1:9Z', '2016-02-29', 1, 2),
(521, 'Anna', 'Auger', '9', '25', 5, 292, '91.123.5.17', '9A:8C:DF:FF:A2:0A', '2016-02-29', 1, 1),
(522, 'Dawn', 'Baynton', '9', '26', 6, 289, '91.123.5.19', '9A:8C:DF:FF:A2:0B', '2016-02-29', 1, 1),
(523, 'Betsy', 'Asbridge', '9', '27', 5, 288, '91.123.5.21', '9A:8C:DF:FF:A2:0C', '2016-02-29', 1, 3),
(524, 'Doreen', 'Bennett', '9', '28', 8, 79, '91.123.5.23', '9A:8C:DF:FF:A2:0D', '2016-02-29', 1, 3),
(525, 'Gwendoline', 'Barker', '9', '29', 6, 221, '91.123.5.25', '9A:8C:DF:FF:A2:0E', '2016-02-29', 1, 1),
(526, 'Ida', 'Abbey', '9', '30', 8, 96, '91.123.5.27', '9A:8C:DF:FF:A2:0F', '2016-02-29', 1, 2),
(527, 'Dolores', 'Arden', '9', '31', 7, 178, '91.123.5.29', '9A:8C:DF:FF:A2:0G', '2016-02-29', 1, 3),
(528, 'D', 'Brewster', '9', '32', 4, 57, '91.123.5.31', '9A:8C:DF:FF:A2:0H', '2016-02-29', 1, 1),
(529, 'Kierra', 'Brewster', '9', '33', 7, 255, '91.123.5.33', '9A:8C:DF:FF:A2:0I', '2016-02-29', 1, 2),
(530, 'Jolie', 'Burbridge', '9', '34', 5, 11, '91.123.5.35', '9A:8C:DF:FF:A2:0J', '2016-02-29', 1, 3),
(531, 'Joan', 'Boot', '9', '35', 7, 2, '91.123.5.37', '9A:8C:DF:FF:A2:0K', '2016-02-29', 1, 1),
(532, 'Ida', 'Blackburne', '9', '36', 7, 257, '91.123.5.39', '9A:8C:DF:FF:A2:0L', '2016-02-29', 1, 2),
(533, 'Davina', 'Bedser', '9', '37', 4, 90, '91.123.5.41', '9A:8C:DF:FF:A2:0M', '2016-02-29', 1, 3),
(534, 'Louis', 'Beachum', '9', '38', 7, 74, '91.123.5.43', '9A:8C:DF:FF:A2:0N', '2016-02-29', 1, 2),
(535, 'Fiona', 'Batchelor', '9', '39', 7, 287, '91.123.5.45', '9A:8C:DF:FF:A2:0O', '2016-02-29', 1, 1),
(536, 'Jacqueline', 'Birdsong', '9', '40', 7, 105, '91.123.5.47', '9A:8C:DF:FF:A2:0P', '2016-02-29', 1, 1),
(537, 'J', 'Bethune', '9', '41', 8, 106, '91.123.5.49', '9A:8C:DF:FF:A2:0Q', '2016-02-29', 1, 3),
(538, 'Ella', 'Blyth', '10', '1', 6, 0, '91.123.5.51', '9A:8C:DF:FF:A2:0R', '2016-02-29', 1, 3),
(539, 'Barbara', 'Aykroyd', '10', '2', 7, 276, '91.123.5.53', '9A:8C:DF:FF:A2:0S', '2016-02-29', 1, 1),
(540, 'Gwendolen', 'Barton', '10', '3', 4, 116, '91.123.5.55', '9A:8C:DF:FF:A2:0T', '2016-02-29', 1, 2),
(541, 'Brenda', 'Allard', '10', '4', 5, 119, '91.123.5.57', '9A:8C:DF:FF:A2:0U', '2016-02-29', 1, 2),
(542, 'Lila', 'Bloomer', '10', '5', 8, 78, '91.123.5.59', '9A:8C:DF:FF:A2:0V', '2016-02-29', 1, 1),
(543, 'Leyna', 'Bancroft', '10', '6', 6, 219, '91.123.5.61', '9A:8C:DF:FF:A2:0W', '2016-02-29', 1, 3),
(544, 'Helene', 'Brickman', '10', '7', 5, 293, '91.123.5.63', '9A:8C:DF:FF:A2:0X', '2016-02-29', 1, 2),
(545, 'Ivy', 'Armitstead', '10', '8', 4, 273, '91.123.5.65', '9A:8C:DF:FF:A2:0Y', '2016-02-29', 1, 2),
(546, 'Audrey', 'Akroyd', '10', '9', 3, 206, '91.123.5.67', '9A:8C:DF:FF:A2:0Z', '2016-02-29', 1, 1),
(547, 'Cecilia', 'Beeby', '10', '10', 8, 278, '91.123.5.69', '9A:8C:DF:FF:A2:1A', '2016-02-29', 1, 2),
(548, 'Enid', 'Bates', '10', '11', 8, 141, '91.123.5.71', '9A:8C:DF:FF:A2:1B', '2016-02-29', 1, 3),
(549, 'Jemima', 'Boothby', '10', '12', 4, 286, '91.123.5.73', '9A:8C:DF:FF:A2:1C', '2016-02-29', 1, 3),
(550, 'Jane', 'Boot', '10', '13', 8, 51, '91.123.5.75', '9A:8C:DF:FF:A2:1D', '2016-02-29', 1, 2),
(551, 'Ivy', 'Burdon', '10', '14', 4, 269, '91.123.5.77', '9A:8C:DF:FF:A2:1E', '2016-02-29', 1, 2),
(552, 'Lorraine', 'Brewer', '10', '15', 6, 293, '91.123.5.79', '9A:8C:DF:FF:A2:1F', '2016-02-29', 1, 1),
(553, 'June', 'Blackburne', '10', '16', 4, 41, '91.123.5.81', '9A:8C:DF:FF:A2:1G', '2016-02-29', 1, 3),
(554, 'Danna', 'Bartholomew', '10', '17', 6, 48, '91.123.5.83', '9A:8C:DF:FF:A2:1H', '2016-02-29', 1, 1),
(555, 'Cassandra', 'Broughton', '10', '18', 8, 69, '91.123.5.85', '9A:8C:DF:FF:A2:1I', '2016-02-29', 1, 3),
(556, 'Ada', 'Brightwell', '10', '19', 4, 49, '91.123.5.87', '9A:8C:DF:FF:A2:1J', '2016-02-29', 1, 2),
(557, 'Davina', 'Alexander', '10', '20', 8, 11, '91.123.5.89', '9A:8C:DF:FF:A2:1K', '2016-02-29', 1, 2),
(558, 'Charisse', 'Baines', '10', '21', 3, 97, '91.123.5.91', '9A:8C:DF:FF:A2:1L', '2016-02-29', 1, 2),
(559, 'Gwendolyn', 'Bromley-Davenport', '10', '22', 8, 65, '91.123.5.93', '9A:8C:DF:FF:A2:1M', '2016-02-29', 1, 3),
(560, 'Annabel', 'Baxter', '10', '23', 4, 48, '91.123.5.95', '9A:8C:DF:FF:A2:1N', '2016-02-29', 1, 2),
(561, 'Cynthia', 'Akroyd', '10', '24', 7, 281, '91.123.5.97', '9A:8C:DF:FF:A2:1O', '2016-02-29', 1, 2),
(562, 'Joelle', 'Burns', '10', '25', 8, 57, '91.123.5.99', '9A:8C:DF:FF:A2:1P', '2016-02-29', 1, 2),
(563, 'Annabel', 'Beevers', '10', '26', 5, 100, '91.123.5.101', '9A:8C:DF:FF:A2:1Q', '2016-02-29', 1, 3),
(564, 'Isla', 'Bradley', '10', '27', 4, 229, '91.123.5.103', '9A:8C:DF:FF:A2:1R', '2016-02-29', 1, 2),
(565, 'Addys', 'Bagshaw', '10', '28', 4, 175, '91.123.5.105', '9A:8C:DF:FF:A2:1S', '2016-02-29', 1, 2),
(566, 'Clarissa', 'Bugden', '10', '29', 7, 104, '91.123.5.107', '9A:8C:DF:FF:A2:1T', '2016-02-29', 1, 2),
(567, 'Felicity', 'Bloomfield', '10', '30', 3, 238, '91.123.5.109', '9A:8C:DF:FF:A2:1U', '2016-02-29', 1, 1),
(568, 'Charlotte', 'Axtell', '10', '31', 8, 188, '91.123.5.111', '9A:8C:DF:FF:A2:1V', '2016-02-29', 1, 2),
(569, 'Charmaine', 'Barnet', '10', '32', 8, 219, '91.123.5.113', '9A:8C:DF:FF:A2:1W', '2016-02-29', 1, 2),
(570, 'Amber', 'Bedford', '10', '33', 6, 104, '91.123.5.115', '9A:8C:DF:FF:A2:1X', '2016-02-29', 1, 1),
(571, 'Charisse', 'Arden', '10', '34', 5, 196, '91.123.5.117', '9A:8C:DF:FF:A2:1Y', '2016-02-29', 1, 2),
(572, 'Adelaide', 'Boulting', '10', '35', 4, 105, '91.123.5.119', '9A:8C:DF:FF:A2:1Z', '2016-02-29', 1, 1),
(573, 'Kaylee', 'Ashbee', '10', '36', 6, 177, '91.123.5.121', '9A:8C:DF:FF:A2:2A', '2016-02-29', 1, 1),
(574, 'Daphne', 'Baxter', '10', '37', 6, 15, '91.123.5.123', '9A:8C:DF:FF:A2:2B', '2016-02-29', 1, 2),
(575, 'Doreen', 'Brightwell', '10', '38', 6, 66, '91.123.5.125', '9A:8C:DF:FF:A2:2C', '2016-02-29', 1, 1),
(576, 'Gia', 'Beacham', '10', '39', 6, 32, '91.123.5.127', '9A:8C:DF:FF:A2:2D', '2016-02-29', 1, 2),
(577, 'Jemma', 'Axtell', '10', '40', 5, 62, '91.123.5.129', '9A:8C:DF:FF:A2:2E', '2016-02-29', 1, 1),
(578, 'Danna', 'Aylesworth', '10', '41', 5, 131, '91.123.5.131', '9A:8C:DF:FF:A2:2F', '2016-02-29', 1, 1),
(579, 'Ethel', 'Aitchison', '10', '42', 6, 166, '91.123.5.133', '9A:8C:DF:FF:A2:2G', '2016-02-29', 1, 2),
(580, 'Amy', 'Bowes', '10', '43', 4, 210, '91.123.5.135', '9A:8C:DF:FF:A2:2H', '2016-02-29', 1, 1),
(581, 'Glenda', 'Burney', '10', '44', 6, 233, '91.123.5.137', '9A:8C:DF:FF:A2:2I', '2016-02-29', 1, 3),
(582, 'Deanne', 'Bedingfeld', '10', '45', 4, 134, '91.123.5.139', '9A:8C:DF:FF:A2:2J', '2016-02-29', 1, 3),
(583, 'Eudora', 'Archer', '10', '46', 3, 250, '91.123.5.141', '9A:8C:DF:FF:A2:2K', '2016-02-29', 1, 1),
(584, 'Galenka', 'Brackman', '10', '47', 5, 83, '91.123.5.143', '9A:8C:DF:FF:A2:2L', '2016-02-29', 1, 2),
(585, 'Amanda', 'Burgess', '10', '48', 3, 235, '91.123.5.145', '9A:8C:DF:FF:A2:2M', '2016-02-29', 1, 1),
(586, 'D', 'Aykroyd', '10', '49', 3, 167, '91.123.5.147', '9A:8C:DF:FF:A2:2N', '2016-02-29', 1, 1),
(587, 'Josephine', 'Armitstead', '10', '50', 8, 4, '91.123.5.149', '9A:8C:DF:FF:A2:2O', '2016-02-29', 1, 3),
(588, 'Jessie', 'Blight', '10', '51', 6, 155, '91.123.5.151', '9A:8C:DF:FF:A2:2P', '2016-02-29', 1, 3),
(589, 'Joelle', 'Allum', '10', '52', 3, 208, '91.123.5.153', '9A:8C:DF:FF:A2:2Q', '2016-02-29', 1, 3),
(590, 'Cristalyn', 'Burbridge', '10', '53', 7, 82, '91.123.5.155', '9A:8C:DF:FF:A2:2R', '2016-02-29', 1, 1),
(591, 'Celia', 'Baines', '10', '54', 3, 14, '91.123.5.157', '9A:8C:DF:FF:A2:2S', '2016-02-29', 1, 1),
(592, 'H', 'Brayton', '10', '55', 7, 221, '91.123.5.159', '9A:8C:DF:FF:A2:2T', '2016-02-29', 1, 1),
(593, 'Angela', 'Beacham', '10', '56', 6, 96, '91.123.5.161', '9A:8C:DF:FF:A2:2U', '2016-02-29', 1, 3),
(594, 'Clementine', 'Axford', '10', '57', 3, 282, '91.123.5.163', '9A:8C:DF:FF:A2:2V', '2016-02-29', 1, 2),
(595, 'Kathleen', 'Archer', '10', '58', 8, 110, '91.123.5.165', '9A:8C:DF:FF:A2:2W', '2016-02-29', 1, 3),
(596, 'Leanne', 'Buckler', '10', '59', 5, 16, '91.123.5.167', '9A:8C:DF:FF:A2:2X', '2016-02-29', 1, 3),
(597, 'Dede', 'Beeching', '10', '60', 7, 143, '91.123.5.169', '9A:8C:DF:FF:A2:2Y', '2016-02-29', 1, 3),
(598, 'Edwina', 'Armitstead', '10', '61', 8, 294, '91.123.5.171', '9A:8C:DF:FF:A2:2Z', '2016-02-29', 1, 1),
(599, 'Lillian', 'Brinkley', '10', '62', 8, 58, '91.123.5.173', '9A:8C:DF:FF:A2:3A', '2016-02-29', 1, 3),
(600, 'Cordelia', 'Beard', '10', '63', 7, 237, '91.123.5.175', '9A:8C:DF:FF:A2:3B', '2016-02-29', 1, 2),
(601, 'Amanda', 'Breckenridge', '10', '64', 7, 240, '91.123.5.177', '9A:8C:DF:FF:A2:3C', '2016-02-29', 1, 1),
(602, 'Angela', 'Bayntun', '10', '65', 6, 65, '91.123.5.179', '9A:8C:DF:FF:A2:3D', '2016-02-29', 1, 1),
(603, 'Ida', 'Bartholomew', '10', '66', 7, 15, '91.123.5.181', '9A:8C:DF:FF:A2:3E', '2016-02-29', 1, 3),
(604, 'Estelle', 'Blackburn', '10', '67', 3, 138, '91.123.5.183', '9A:8C:DF:FF:A2:3F', '2016-02-29', 1, 2),
(605, 'B', 'Baxter', '10', '68', 3, 209, '91.123.5.185', '9A:8C:DF:FF:A2:3G', '2016-02-29', 1, 2),
(606, 'Lois', 'Austen', '10', '69', 7, 165, '91.123.5.187', '9A:8C:DF:FF:A2:3H', '2016-02-29', 1, 2),
(607, 'Denise', 'Ashley-Cooper', '10', '70', 6, 199, '91.123.5.189', '9A:8C:DF:FF:A2:3I', '2016-02-29', 1, 2),
(608, 'F', 'Boulting', '10', '71', 8, 81, '91.123.5.191', '9A:8C:DF:FF:A2:3J', '2016-02-29', 1, 3),
(609, 'Abigail', 'Beeby', '10', '72', 6, 264, '91.123.5.193', '9A:8C:DF:FF:A2:3K', '2016-02-29', 1, 2),
(610, 'Eva', 'Altman', '10', '73', 8, 83, '91.123.5.195', '9A:8C:DF:FF:A2:3L', '2016-02-29', 1, 1),
(611, 'Helena', 'Baker', '10', '74', 4, 109, '91.123.5.197', '9A:8C:DF:FF:A2:3M', '2016-02-29', 1, 1),
(612, 'Gia', 'Boot', '10', '75', 3, 87, '91.123.5.199', '9A:8C:DF:FF:A2:3N', '2016-02-29', 1, 1),
(613, 'Joan', 'Bowers', '10', '76', 3, 222, '91.123.5.201', '9A:8C:DF:FF:A2:3O', '2016-02-29', 1, 3),
(614, 'Effie', 'Boulting', '10', '77', 3, 128, '91.123.5.203', '9A:8C:DF:FF:A2:3P', '2016-02-29', 1, 2),
(615, 'Helena', 'Brewer', '11', '1', 7, 127, '91.123.5.205', '9A:8C:DF:FF:A2:3Q', '2016-02-29', 1, 2),
(616, 'Joelle', 'Astle', '11', '2', 4, 289, '91.123.5.207', '9A:8C:DF:FF:A2:3R', '2016-02-29', 1, 3),
(617, 'Dolores', 'Barton', '11', '3', 4, 241, '91.123.5.209', '9A:8C:DF:FF:A2:3S', '2016-02-29', 1, 1),
(618, 'Loretta', 'Auster', '11', '4', 5, 3, '91.123.5.211', '9A:8C:DF:FF:A2:3T', '2016-02-29', 1, 3),
(619, 'Heidi', 'Blight', '11', '5', 3, 286, '91.123.5.213', '9A:8C:DF:FF:A2:3U', '2016-02-29', 1, 1),
(620, 'Effie', 'Brickman', '11', '6', 4, 15, '91.123.5.215', '9A:8C:DF:FF:A2:3V', '2016-02-29', 1, 3),
(621, 'Alison', 'Barton', '11', '7', 8, 163, '91.123.5.217', '9A:8C:DF:FF:A2:3W', '2016-02-29', 1, 3),
(622, 'Elektra', 'Bedser', '11', '8', 8, 201, '91.123.5.219', '9A:8C:DF:FF:A2:3X', '2016-02-29', 1, 3),
(623, 'Elektra', 'Brown', '11', '9', 4, 119, '91.123.5.221', '9A:8C:DF:FF:A2:3Y', '2016-02-29', 1, 2),
(624, 'Cristalyn', 'Braithwaite', '11', '10', 8, 190, '91.123.5.223', '9A:8C:DF:FF:A2:3Z', '2016-02-29', 1, 2),
(625, 'Eleanor', 'Black', '11', '11', 5, 163, '91.123.5.225', '9A:8C:DF:FF:A2:4A', '2016-02-29', 1, 1),
(626, 'Linda', 'Bramble', '11', '12', 7, 58, '91.123.5.227', '9A:8C:DF:FF:A2:4B', '2016-02-29', 1, 1),
(627, 'Liana', 'Adelson', '11', '13', 3, 56, '91.123.5.229', '9A:8C:DF:FF:A2:4C', '2016-02-29', 1, 3),
(628, 'Adelaide', 'Beamont', '11', '14', 7, 242, '91.123.5.231', '9A:8C:DF:FF:A2:4D', '2016-02-29', 1, 2),
(629, 'Diana', 'Badley', '11', '15', 7, 67, '91.123.5.233', '9A:8C:DF:FF:A2:4E', '2016-02-29', 1, 1),
(630, 'Iona', 'Barker', '11', '16', 6, 172, '91.123.5.235', '9A:8C:DF:FF:A2:4F', '2016-02-29', 1, 3),
(631, 'Hannah', 'Buckler', '11', '17', 6, 167, '91.123.5.237', '9A:8C:DF:FF:A2:4G', '2016-02-29', 1, 1),
(632, 'Daphne', 'Butche', '11', '18', 5, 137, '91.123.5.239', '9A:8C:DF:FF:A2:4H', '2016-02-29', 1, 1),
(633, 'Heidi', 'Bradley', '11', '19', 7, 172, '91.123.5.241', '9A:8C:DF:FF:A2:4I', '2016-02-29', 1, 3),
(634, 'Dulcie', 'Bradley', '11', '20', 3, 186, '91.123.5.243', '9A:8C:DF:FF:A2:4J', '2016-02-29', 1, 2),
(635, 'Judith', 'Allard', '11', '21', 3, 24, '91.123.5.245', '9A:8C:DF:FF:A2:4K', '2016-02-29', 1, 1),
(636, 'Barbara', 'Broughton', '11', '22', 4, 67, '91.123.5.247', '9A:8C:DF:FF:A2:4L', '2016-02-29', 1, 2),
(637, 'Gaynor', 'Ardley', '11', '23', 3, 95, '91.123.5.249', '9A:8C:DF:FF:A2:4M', '2016-02-29', 1, 2),
(638, 'Abigail', 'Bayntun', '11', '24', 6, 269, '91.123.5.251', '9A:8C:DF:FF:A2:4N', '2016-02-29', 1, 2),
(639, 'Adelaide', 'Allum', '11', '25', 4, 232, '91.123.5.253', '9A:8C:DF:FF:A2:4O', '2016-02-29', 1, 3),
(640, 'Gertrude', 'Benedict', '11', '26', 4, 116, '91.123.5.255', '9A:8C:DF:FF:A2:4P', '2016-02-29', 1, 3),
(641, 'Laura', 'Astley', '11', '27', 3, 64, '91.123.6.1', '9A:8C:DF:FF:A2:4Q', '2016-02-29', 1, 1),
(642, 'Eudora', 'Bradley', '11', '28', 5, 148, '91.123.6.3', '9A:8C:DF:FF:A2:4R', '2016-02-29', 1, 1),
(643, 'Drusilla', 'Brackenridge', '11', '29', 3, 32, '91.123.6.5', '9A:8C:DF:FF:A2:4S', '2016-02-29', 1, 2),
(644, 'Effie', 'Bingley', '11', '30', 5, 40, '91.123.6.7', '9A:8C:DF:FF:A2:4T', '2016-02-29', 1, 3),
(645, 'Loretta', 'Atlee', '11', '31', 4, 67, '91.123.6.9', '9A:8C:DF:FF:A2:4U', '2016-02-29', 1, 2),
(646, 'Imogen', 'Brennan', '11', '32', 5, 59, '91.123.6.11', '9A:8C:DF:FF:A2:4V', '2016-02-29', 1, 2),
(647, 'Eva', 'Bottomley', '11', '33', 7, 108, '91.123.6.13', '9A:8C:DF:FF:A2:4W', '2016-02-29', 1, 2),
(648, 'Cleo', 'Appleton', '11', '34', 8, 88, '91.123.6.15', '9A:8C:DF:FF:A2:4X', '2016-02-29', 1, 3),
(649, 'Brenda', 'Bush', '11', '35', 3, 227, '91.123.6.17', '9A:8C:DF:FF:A2:4Y', '2016-02-29', 1, 3),
(650, 'Cadence', 'Burnham', '11', '36', 3, 99, '91.123.6.19', '9A:8C:DF:FF:A2:4Z', '2016-02-29', 1, 2),
(651, 'Lilla', 'Appleyard', '11', '37', 3, 166, '91.123.6.21', '9A:8C:DF:FF:A2:5A', '2016-02-29', 1, 3),
(652, 'H', 'Abbey', '11', '38', 7, 260, '91.123.6.23', '9A:8C:DF:FF:A2:5B', '2016-02-29', 1, 1),
(653, 'Heidi', 'Bayles', '11', '39', 4, 11, '91.123.6.25', '9A:8C:DF:FF:A2:5C', '2016-02-29', 1, 2),
(654, 'Honor', 'Abbot', '11', '40', 7, 201, '91.123.6.27', '9A:8C:DF:FF:A2:5D', '2016-02-29', 1, 1),
(655, 'Chloe', 'Blight', '11', '41', 3, 69, '91.123.6.29', '9A:8C:DF:FF:A2:5E', '2016-02-29', 1, 2),
(656, 'Lorraine', 'Armitstead', '11', '42', 5, 84, '91.123.6.31', '9A:8C:DF:FF:A2:5F', '2016-02-29', 1, 1),
(657, 'Irene', 'Blyth', '11', '43', 3, 237, '91.123.6.33', '9A:8C:DF:FF:A2:5G', '2016-02-29', 1, 2),
(658, 'Danna', 'Bloomfield', '11', '44', 4, 144, '91.123.6.35', '9A:8C:DF:FF:A2:5H', '2016-02-29', 1, 3),
(659, 'Clementine', 'Baker', '11', '45', 3, 298, '91.123.6.37', '9A:8C:DF:FF:A2:5I', '2016-02-29', 1, 1),
(660, 'Imogen', 'Blight', '11', '46', 3, 49, '91.123.6.39', '9A:8C:DF:FF:A2:5J', '2016-02-29', 1, 1),
(661, 'Bronwyn', 'Armstead', '11', '47', 5, 69, '91.123.6.41', '9A:8C:DF:FF:A2:5K', '2016-02-29', 1, 1),
(662, 'Cassandra', 'Adin', '11', '48', 7, 272, '91.123.6.43', '9A:8C:DF:FF:A2:5L', '2016-02-29', 1, 3),
(663, 'Dulcie', 'Beasant', '11', '49', 6, 220, '91.123.6.45', '9A:8C:DF:FF:A2:5M', '2016-02-29', 1, 2),
(664, 'Leyna', 'Bawden', '11', '50', 5, 161, '91.123.6.47', '9A:8C:DF:FF:A2:5N', '2016-02-29', 1, 1),
(665, 'Lorelei', 'Bottomley', '11', '51', 4, 266, '91.123.6.49', '9A:8C:DF:FF:A2:5O', '2016-02-29', 1, 3),
(666, 'Liana', 'Berry', '11', '52', 3, 298, '91.123.6.51', '9A:8C:DF:FF:A2:5P', '2016-02-29', 1, 3),
(667, 'Charis', 'Appleyard', '11', '53', 4, 11, '91.123.6.53', '9A:8C:DF:FF:A2:5Q', '2016-02-29', 1, 3),
(668, 'Eudora', 'Atkinson', '11', '54', 7, 210, '91.123.6.55', '9A:8C:DF:FF:A2:5R', '2016-02-29', 1, 1),
(669, 'Clarissa', 'Broomfield', '11', '55', 5, 178, '91.123.6.57', '9A:8C:DF:FF:A2:5S', '2016-02-29', 1, 1),
(670, 'Joanna', 'Brazier', '11', '56', 5, 128, '91.123.6.59', '9A:8C:DF:FF:A2:5T', '2016-02-29', 1, 1),
(671, 'Charis', 'Asbridge', '11', '57', 5, 285, '91.123.6.61', '9A:8C:DF:FF:A2:5U', '2016-02-29', 1, 1),
(672, 'Doreen', 'Brinkley', '11', '58', 6, 142, '91.123.6.63', '9A:8C:DF:FF:A2:5V', '2016-02-29', 1, 1),
(673, 'Gia', 'Bromley-Davenport', '11', '59', 7, 295, '91.123.6.65', '9A:8C:DF:FF:A2:5W', '2016-02-29', 1, 2),
(674, 'Charisse', 'Armstrong', '11', '60', 5, 240, '91.123.6.67', '9A:8C:DF:FF:A2:5X', '2016-02-29', 1, 1),
(675, 'Helene', 'Bingley', '11', '61', 7, 84, '91.123.6.69', '9A:8C:DF:FF:A2:5Y', '2016-02-29', 1, 3),
(676, 'Alvina', 'Barton', '11', '62', 7, 167, '91.123.6.71', '9A:8C:DF:FF:A2:5Z', '2016-02-29', 1, 3),
(677, 'Angela', 'Austin', '11', '63', 7, 208, '91.123.6.73', '9A:8C:DF:FF:A2:6A', '2016-02-29', 1, 2),
(678, 'Amanda', 'Blackett', '11', '64', 5, 230, '91.123.6.75', '9A:8C:DF:FF:A2:6B', '2016-02-29', 1, 2),
(679, 'Gwendolen', 'Black', '11', '65', 4, 166, '91.123.6.77', '9A:8C:DF:FF:A2:6C', '2016-02-29', 1, 2),
(680, 'Destiny', 'Aldridge', '11', '66', 5, 296, '91.123.6.79', '9A:8C:DF:FF:A2:6D', '2016-02-29', 1, 1),
(681, 'Gia', 'Barber', '11', '67', 6, 119, '91.123.6.81', '9A:8C:DF:FF:A2:6E', '2016-02-29', 1, 2),
(682, 'Glenda', 'Baskerville', '11', '68', 4, 20, '91.123.6.83', '9A:8C:DF:FF:A2:6F', '2016-02-29', 1, 1),
(683, 'Agatha', 'Armfield', '11', '69', 3, 160, '91.123.6.85', '9A:8C:DF:FF:A2:6G', '2016-02-29', 1, 1),
(684, 'Christina', 'Armstead', '11', '70', 3, 102, '91.123.6.87', '9A:8C:DF:FF:A2:6H', '2016-02-29', 1, 2),
(685, 'Georgiana', 'Braxton', '11', '71', 7, 93, '91.123.6.89', '9A:8C:DF:FF:A2:6I', '2016-02-29', 1, 2),
(686, 'Ada', 'Badley', '11', '72', 4, 191, '91.123.6.91', '9A:8C:DF:FF:A2:6J', '2016-02-29', 1, 2),
(687, 'Lilla', 'Afford', '11', '73', 7, 154, '91.123.6.93', '9A:8C:DF:FF:A2:6K', '2016-02-29', 1, 1),
(688, 'Ida', 'Bott', '11', '74', 4, 23, '91.123.6.95', '9A:8C:DF:FF:A2:6L', '2016-02-29', 1, 1),
(689, 'Gwendolen', 'Beachum', '11', '75', 4, 168, '91.123.6.97', '9A:8C:DF:FF:A2:6M', '2016-02-29', 1, 2),
(690, 'Doreen', 'Biggins', '11', '76', 7, 150, '91.123.6.99', '9A:8C:DF:FF:A2:6N', '2016-02-29', 1, 1),
(691, 'Carlene', 'Bush', '11', '77', 3, 134, '91.123.6.101', '9A:8C:DF:FF:A2:6O', '2016-02-29', 1, 2),
(692, 'Jaime', 'Black', '11', '78', 4, 1, '91.123.6.103', '9A:8C:DF:FF:A2:6P', '2016-02-29', 1, 2),
(693, 'Celine', 'Armfield', '11', '79', 6, 183, '91.123.6.105', '9A:8C:DF:FF:A2:6Q', '2016-02-29', 1, 1),
(694, 'Lily', 'Beacham', '11', '80', 6, 62, '91.123.6.107', '9A:8C:DF:FF:A2:6R', '2016-02-29', 1, 2),
(695, 'Galenka', 'Brimson', '11', '81', 3, 97, '91.123.6.109', '9A:8C:DF:FF:A2:6S', '2016-02-29', 1, 3),
(696, 'F', 'Altman', '12', '1', 8, 284, '91.123.6.111', '9A:8C:DF:FF:A2:6T', '2016-02-29', 1, 2),
(697, 'Fiona', 'Bonniwell', '12', '2', 4, 70, '91.123.6.113', '9A:8C:DF:FF:A2:6U', '2016-02-29', 1, 3),
(698, 'Alberta', 'Attenborough', '12', '3', 3, 167, '91.123.6.115', '9A:8C:DF:FF:A2:6V', '2016-02-29', 1, 1),
(699, 'Emma', 'Axtell', '12', '4', 5, 221, '91.123.6.117', '9A:8C:DF:FF:A2:6W', '2016-02-29', 1, 2),
(700, 'Lauren', 'Blackburne', '12', '5', 4, 150, '91.123.6.119', '9A:8C:DF:FF:A2:6X', '2016-02-29', 1, 3),
(701, 'Avis', 'Beeching', '12', '6', 3, 220, '91.123.6.121', '9A:8C:DF:FF:A2:6Y', '2016-02-29', 1, 1),
(702, 'Lila', 'Blackett', '12', '7', 6, 98, '91.123.6.123', '9A:8C:DF:FF:A2:6Z', '2016-02-29', 1, 1),
(703, 'Estelle', 'Barker', '12', '8', 3, 75, '91.123.6.125', '9A:8C:DF:FF:A2:7A', '2016-02-29', 1, 3),
(704, 'Dulcie', 'Astley', '12', '9', 5, 86, '91.123.6.127', '9A:8C:DF:FF:A2:7B', '2016-02-29', 1, 3),
(705, 'C', 'Bates', '12', '10', 6, 89, '91.123.6.129', '9A:8C:DF:FF:A2:7C', '2016-02-29', 1, 1),
(706, 'Gemma', 'Beer', '12', '11', 6, 137, '91.123.6.131', '9A:8C:DF:FF:A2:7D', '2016-02-29', 1, 1),
(707, 'Karen', 'Brandis', '12', '12', 5, 293, '91.123.6.133', '9A:8C:DF:FF:A2:7E', '2016-02-29', 1, 1),
(708, 'Louis', 'Beer', '12', '13', 6, 271, '91.123.6.135', '9A:8C:DF:FF:A2:7F', '2016-02-29', 1, 1),
(709, 'Crystal', 'Bloomfield', '12', '14', 7, 101, '91.123.6.137', '9A:8C:DF:FF:A2:7G', '2016-02-29', 1, 2),
(710, 'Averil', 'Atkin', '12', '15', 4, 7, '91.123.6.139', '9A:8C:DF:FF:A2:7H', '2016-02-29', 1, 3),
(711, 'Helen', 'Axton', '12', '16', 3, 175, '91.123.6.141', '9A:8C:DF:FF:A2:7I', '2016-02-29', 1, 3),
(712, 'Hope', 'Broomfield', '12', '17', 8, 200, '91.123.6.143', '9A:8C:DF:FF:A2:7J', '2016-02-29', 1, 3),
(713, 'Danna', 'Alderman', '12', '18', 3, 37, '91.123.6.145', '9A:8C:DF:FF:A2:7K', '2016-02-29', 1, 2),
(714, 'Hero', 'Adelson', '12', '19', 3, 10, '91.123.6.147', '9A:8C:DF:FF:A2:7L', '2016-02-29', 1, 3),
(715, 'Kaylee', 'Bingley', '12', '20', 5, 83, '91.123.6.149', '9A:8C:DF:FF:A2:7M', '2016-02-29', 1, 2),
(716, 'Eileen', 'Blackman', '12', '21', 4, 234, '91.123.6.151', '9A:8C:DF:FF:A2:7N', '2016-02-29', 1, 3),
(717, 'Cleo', 'Bain', '12', '22', 6, 142, '91.123.6.153', '9A:8C:DF:FF:A2:7O', '2016-02-29', 1, 2),
(718, 'Felicity', 'Bradley', '12', '23', 7, 64, '91.123.6.155', '9A:8C:DF:FF:A2:7P', '2016-02-29', 1, 2),
(719, 'Amy', 'Bloodworth', '12', '24', 8, 49, '91.123.6.157', '9A:8C:DF:FF:A2:7Q', '2016-02-29', 1, 2),
(720, 'Cecily', 'Berry', '12', '25', 6, 295, '91.123.6.159', '9A:8C:DF:FF:A2:7R', '2016-02-29', 1, 3),
(721, 'Anna', 'Applegate', '12', '26', 4, 93, '91.123.6.161', '9A:8C:DF:FF:A2:7S', '2016-02-29', 1, 1),
(722, 'Addys', 'Bramble', '12', '27', 7, 8, '91.123.6.163', '9A:8C:DF:FF:A2:7T', '2016-02-29', 1, 1),
(723, 'Adelaide', 'Bentley', '12', '28', 3, 221, '91.123.6.165', '9A:8C:DF:FF:A2:7U', '2016-02-29', 1, 2),
(724, 'Adele', 'Beckford', '12', '29', 6, 178, '91.123.6.167', '9A:8C:DF:FF:A2:7V', '2016-02-29', 1, 3),
(725, 'Karen', 'Auger', '12', '30', 8, 157, '91.123.6.169', '9A:8C:DF:FF:A2:7W', '2016-02-29', 1, 2),
(726, 'Bertha', 'Boot', '12', '31', 4, 192, '91.123.6.171', '9A:8C:DF:FF:A2:7X', '2016-02-29', 1, 1),
(727, 'Judith', 'Aitch', '12', '32', 4, 285, '91.123.6.173', '9A:8C:DF:FF:A2:7Y', '2016-02-29', 1, 3),
(728, 'Betsy', 'Arden', '12', '33', 4, 112, '91.123.6.175', '9A:8C:DF:FF:A2:7Z', '2016-02-29', 1, 2),
(729, 'Innogen', 'Aitchison', '12', '34', 7, 280, '91.123.6.177', '9A:8C:DF:FF:A2:8A', '2016-02-29', 1, 2),
(730, 'Edna', 'Berry', '12', '35', 4, 230, '91.123.6.179', '9A:8C:DF:FF:A2:8B', '2016-02-29', 1, 2),
(731, 'Imelda', 'Acheson', '12', '36', 3, 59, '91.123.6.181', '9A:8C:DF:FF:A2:8C', '2016-02-29', 1, 3),
(732, 'Joanne', 'Axon', '12', '37', 6, 202, '91.123.6.183', '9A:8C:DF:FF:A2:8D', '2016-02-29', 1, 3),
(733, 'Esty', 'Alderdice', '13', '1', 7, 128, '91.123.6.185', '9A:8C:DF:FF:A2:8E', '2016-02-29', 1, 3),
(734, 'Celine', 'Allred', '13', '2', 8, 65, '91.123.6.187', '9A:8C:DF:FF:A2:8F', '2016-02-29', 1, 3),
(735, 'Charity', 'Astle', '13', '3', 3, 17, '91.123.6.189', '9A:8C:DF:FF:A2:8G', '2016-02-29', 1, 3),
(736, 'Eunice', 'Broughton', '13', '4', 3, 48, '91.123.6.191', '9A:8C:DF:FF:A2:8H', '2016-02-29', 1, 2),
(737, 'Faith', 'Beckford', '13', '5', 3, 174, '91.123.6.193', '9A:8C:DF:FF:A2:8I', '2016-02-29', 1, 3),
(738, 'Alberta', 'Allred', '13', '6', 8, 2, '91.123.6.195', '9A:8C:DF:FF:A2:8J', '2016-02-29', 1, 3),
(739, 'Ethel', 'Beer', '13', '7', 5, 72, '91.123.6.197', '9A:8C:DF:FF:A2:8K', '2016-02-29', 1, 1),
(740, 'Lorelei', 'Abbot', '13', '8', 6, 165, '91.123.6.199', '9A:8C:DF:FF:A2:8L', '2016-02-29', 1, 1),
(741, 'Ella', 'Austen', '13', '9', 6, 233, '91.123.6.201', '9A:8C:DF:FF:A2:8M', '2016-02-29', 1, 2),
(742, 'Janie', 'Bull', '13', '10', 3, 49, '91.123.6.203', '9A:8C:DF:FF:A2:8N', '2016-02-29', 1, 1),
(743, 'Daisy', 'Berkeley', '13', '11', 6, 116, '91.123.6.205', '9A:8C:DF:FF:A2:8O', '2016-02-29', 1, 3),
(744, 'Lorraine', 'Aikin', '13', '12', 3, 179, '91.123.6.207', '9A:8C:DF:FF:A2:8P', '2016-02-29', 1, 3),
(745, 'Barbara', 'Allum', '13', '13', 8, 101, '91.123.6.209', '9A:8C:DF:FF:A2:8Q', '2016-02-29', 1, 1),
(746, 'Ida', 'Braceful', '13', '14', 8, 258, '91.123.6.211', '9A:8C:DF:FF:A2:8R', '2016-02-29', 1, 3),
(747, 'Ethel', 'Basford', '13', '15', 5, 290, '91.123.6.213', '9A:8C:DF:FF:A2:8S', '2016-02-29', 1, 1),
(748, 'Charis', 'Bush', '13', '16', 4, 46, '91.123.6.215', '9A:8C:DF:FF:A2:8T', '2016-02-29', 1, 1),
(749, 'Angela', 'Burns', '13', '17', 7, 217, '91.123.6.217', '9A:8C:DF:FF:A2:8U', '2016-02-29', 1, 2),
(750, 'Lara', 'Afford', '13', '18', 3, 156, '91.123.6.219', '9A:8C:DF:FF:A2:8V', '2016-02-29', 1, 1),
(751, 'Lara', 'Bréhal', '13', '19', 8, 195, '91.123.6.221', '9A:8C:DF:FF:A2:8W', '2016-02-29', 1, 1),
(752, 'Daisy', 'Barker', '13', '20', 4, 142, '91.123.6.223', '9A:8C:DF:FF:A2:8X', '2016-02-29', 1, 3),
(753, 'Lorna', 'Allard', '13', '21', 4, 104, '91.123.6.225', '9A:8C:DF:FF:A2:8Y', '2016-02-29', 1, 3),
(754, 'Lila', 'Amory', '13', '22', 6, 105, '91.123.6.227', '9A:8C:DF:FF:A2:8Z', '2016-02-29', 1, 2),
(755, 'Abigail', 'Bragg', '13', '23', 8, 163, '91.123.6.229', '9A:8C:DF:FF:A2:9A', '2016-02-29', 1, 3),
(756, 'Bella', 'Axtell', '13', '24', 4, 249, '91.123.6.231', '9A:8C:DF:FF:A2:9B', '2016-02-29', 1, 2),
(757, 'H', 'Bonniwell', '13', '25', 4, 195, '91.123.6.233', '9A:8C:DF:FF:A2:9C', '2016-02-29', 1, 3),
(758, 'Helen', 'Beard', '13', '26', 7, 277, '91.123.6.235', '9A:8C:DF:FF:A2:9D', '2016-02-29', 1, 2),
(759, 'Kirsten', 'Bowie', '13', '27', 7, 132, '91.123.6.237', '9A:8C:DF:FF:A2:9E', '2016-02-29', 1, 1),
(760, 'Lois', 'Bloodworth', '13', '28', 5, 292, '91.123.6.239', '9A:8C:DF:FF:A2:9F', '2016-02-29', 1, 2),
(761, 'Jacqueline', 'Beardsley', '13', '29', 7, 25, '91.123.6.241', '9A:8C:DF:FF:A2:9G', '2016-02-29', 1, 1),
(762, 'Angel', 'Brewer', '13', '30', 5, 253, '91.123.6.243', '9A:8C:DF:FF:A2:9H', '2016-02-29', 1, 3),
(763, 'Amber', 'Arnold', '13', '31', 5, 22, '91.123.6.245', '9A:8C:DF:FF:A2:9I', '2016-02-29', 1, 1),
(764, 'Cecilia', 'Brackenridge', '13', '32', 6, 132, '91.123.6.247', '9A:8C:DF:FF:A2:9J', '2016-02-29', 1, 1),
(765, 'Dora', 'B', '13', '33', 6, 206, '91.123.6.249', '9A:8C:DF:FF:A2:9K', '2016-02-29', 1, 2),
(766, 'Carlene', 'Adin', '13', '34', 6, 144, '91.123.6.251', '9A:8C:DF:FF:A2:9L', '2016-02-29', 1, 3),
(767, 'Drusilla', 'Bragg', '13', '35', 4, 80, '91.123.6.253', '9A:8C:DF:FF:A2:9M', '2016-02-29', 1, 2),
(768, 'Averil', 'Acton', '13', '36', 4, 133, '91.123.6.255', '9A:8C:DF:FF:A2:9N', '2016-02-29', 1, 3),
(769, 'Jennifer', 'Amory', '13', '37', 8, 13, '91.123.7.1', '9A:8C:DF:FF:A2:9O', '2016-02-29', 1, 2),
(770, 'Hero', 'Barraclough', '13', '38', 7, 115, '91.123.7.3', '9A:8C:DF:FF:A2:9P', '2016-02-29', 1, 3),
(771, 'Berenice', 'Akroyd', '13', '39', 3, 269, '91.123.7.5', '9A:8C:DF:FF:A2:9Q', '2016-02-29', 1, 1),
(772, 'Dolores', 'Bromfield', '13', '40', 3, 163, '91.123.7.7', '9A:8C:DF:FF:A2:9R', '2016-02-29', 1, 3),
(773, 'Alberta', 'B', '13', '41', 8, 3, '91.123.7.9', '9A:8C:DF:FF:A2:9S', '2016-02-29', 1, 2),
(774, 'Cassandra', 'Acheson', '13', '42', 3, 131, '91.123.7.11', '9A:8C:DF:FF:A2:9T', '2016-02-29', 1, 3),
(775, 'Caroline', 'Beevers', '13', '43', 4, 186, '91.123.7.13', '9A:8C:DF:FF:A2:9U', '2016-02-29', 1, 1),
(776, 'Charity', 'Bagshaw', '13', '44', 6, 27, '91.123.7.15', '9A:8C:DF:FF:A2:9V', '2016-02-29', 1, 3),
(777, 'Joanna', 'Badley', '13', '45', 3, 201, '91.123.7.17', '9A:8C:DF:FF:A2:9W', '2016-02-29', 1, 2),
(778, 'Cynthia', 'Bowie', '13', '46', 4, 43, '91.123.7.19', '9A:8C:DF:FF:A2:9X', '2016-02-29', 1, 1),
(779, 'Carolyn', 'Abbot', '13', '47', 7, 136, '91.123.7.21', '9A:8C:DF:FF:A2:9Y', '2016-02-29', 1, 3),
(780, 'Edna', 'Atlee', '13', '48', 8, 184, '91.123.7.23', '9A:8C:DF:FF:A2:9Z', '2016-02-29', 1, 2),
(781, 'Charity', 'Atlee', '14', '1', 5, 174, '91.123.7.25', '9A:8C:DF:FF:A3:0A', '2016-02-29', 1, 2),
(782, 'L', 'Barton', '14', '2', 6, 249, '91.123.7.27', '9A:8C:DF:FF:A3:0B', '2016-02-29', 1, 1),
(783, 'Claribel', 'Broughton', '14', '3', 7, 51, '91.123.7.29', '9A:8C:DF:FF:A3:0C', '2016-02-29', 1, 3),
(784, 'Bella', 'Arnold', '14', '4', 5, 19, '91.123.7.31', '9A:8C:DF:FF:A3:0D', '2016-02-29', 1, 2),
(785, 'Imelda', 'Burdon', '14', '5', 4, 206, '91.123.7.33', '9A:8C:DF:FF:A3:0E', '2016-02-29', 1, 1),
(786, 'Kirsten', 'Blyth', '14', '6', 8, 242, '91.123.7.35', '9A:8C:DF:FF:A3:0F', '2016-02-29', 1, 1),
(787, 'Daphne', 'Burbridge', '14', '7', 7, 53, '91.123.7.37', '9A:8C:DF:FF:A3:0G', '2016-02-29', 1, 2),
(788, 'Andrea', 'Blair', '14', '8', 3, 21, '91.123.7.39', '9A:8C:DF:FF:A3:0H', '2016-02-29', 1, 2),
(789, 'Cynthia', 'Blackburn', '14', '9', 4, 36, '91.123.7.41', '9A:8C:DF:FF:A3:0I', '2016-02-29', 1, 3),
(790, 'Amy', 'Burnham', '14', '10', 4, 22, '91.123.7.43', '9A:8C:DF:FF:A3:0J', '2016-02-29', 1, 1),
(791, 'Alice', 'Berkeley', '14', '11', 6, 267, '91.123.7.45', '9A:8C:DF:FF:A3:0K', '2016-02-29', 1, 3),
(792, 'Claribel', 'Acton', '14', '12', 7, 107, '91.123.7.47', '9A:8C:DF:FF:A3:0L', '2016-02-29', 1, 3),
(793, 'Betsy', 'Beeching', '14', '13', 7, 240, '91.123.7.49', '9A:8C:DF:FF:A3:0M', '2016-02-29', 1, 3),
(794, 'Danna', 'Armfield', '14', '14', 6, 193, '91.123.7.51', '9A:8C:DF:FF:A3:0N', '2016-02-29', 1, 2),
(795, 'E', 'Allard', '14', '15', 4, 181, '91.123.7.53', '9A:8C:DF:FF:A3:0O', '2016-02-29', 1, 1),
(796, 'Alanna', 'Biggins', '14', '16', 3, 236, '91.123.7.55', '9A:8C:DF:FF:A3:0P', '2016-02-29', 1, 1),
(797, 'Lauren', 'Bawden', '14', '17', 7, 149, '91.123.7.57', '9A:8C:DF:FF:A3:0Q', '2016-02-29', 1, 3),
(798, 'Jacqueline', 'Barry', '14', '18', 8, 68, '91.123.7.59', '9A:8C:DF:FF:A3:0R', '2016-02-29', 1, 1),
(799, 'Alison', 'Broughton', '14', '19', 7, 114, '91.123.7.61', '9A:8C:DF:FF:A3:0S', '2016-02-29', 1, 1),
(800, 'Jenna', 'Brewer', '14', '20', 6, 126, '91.123.7.63', '9A:8C:DF:FF:A3:0T', '2016-02-29', 1, 2),
(801, 'Kierra', 'Baynton', '14', '21', 6, 136, '91.123.7.65', '9A:8C:DF:FF:A3:0U', '2016-02-29', 1, 3),
(802, 'Leanne', 'Bagshaw', '14', '22', 8, 237, '91.123.7.67', '9A:8C:DF:FF:A3:0V', '2016-02-29', 1, 3),
(803, 'Helene', 'Broomhall', '14', '23', 8, 64, '91.123.7.69', '9A:8C:DF:FF:A3:0W', '2016-02-29', 1, 3),
(804, 'Irene', 'Braceful', '14', '24', 4, 246, '91.123.7.71', '9A:8C:DF:FF:A3:0X', '2016-02-29', 1, 3),
(805, 'Linda', 'Badley', '14', '25', 4, 134, '91.123.7.73', '9A:8C:DF:FF:A3:0Y', '2016-02-29', 1, 2),
(806, 'Ethel', 'Barkley', '14', '26', 8, 96, '91.123.7.75', '9A:8C:DF:FF:A3:0Z', '2016-02-29', 1, 1),
(807, 'Berenice', 'Allum', '14', '27', 7, 77, '91.123.7.77', '9A:8C:DF:FF:A3:1A', '2016-02-29', 1, 1),
(808, 'Dorothy', 'Brack', '14', '28', 4, 195, '91.123.7.79', '9A:8C:DF:FF:A3:1B', '2016-02-29', 1, 1),
(809, 'Delia', 'Bayles', '14', '29', 3, 94, '91.123.7.81', '9A:8C:DF:FF:A3:1C', '2016-02-29', 1, 2),
(810, 'Autumn', 'Buckler', '14', '30', 6, 181, '91.123.7.83', '9A:8C:DF:FF:A3:1D', '2016-02-29', 1, 2),
(811, 'Abigail', 'Beeby', '14', '31', 7, 143, '91.123.7.85', '9A:8C:DF:FF:A3:1E', '2016-02-29', 1, 2),
(812, 'Eunice', 'Archer', '14', '32', 4, 266, '91.123.7.87', '9A:8C:DF:FF:A3:1F', '2016-02-29', 1, 1),
(813, 'Eva', 'Bayer', '14', '33', 6, 147, '91.123.7.89', '9A:8C:DF:FF:A3:1G', '2016-02-29', 1, 3),
(814, 'F', 'Ashley-Cooper', '14', '34', 7, 288, '91.123.7.91', '9A:8C:DF:FF:A3:1H', '2016-02-29', 1, 1),
(815, 'Lettice', 'Bayntun', '14', '35', 6, 232, '91.123.7.93', '9A:8C:DF:FF:A3:1I', '2016-02-29', 1, 2),
(816, 'Ella', 'Axford', '14', '36', 8, 280, '91.123.7.95', '9A:8C:DF:FF:A3:1J', '2016-02-29', 1, 2),
(817, 'Gemma', 'Brewer', '14', '37', 4, 232, '91.123.7.97', '9A:8C:DF:FF:A3:1K', '2016-02-29', 1, 1),
(818, 'Gertrude', 'Bates', '14', '38', 4, 209, '91.123.7.99', '9A:8C:DF:FF:A3:1L', '2016-02-29', 1, 3),
(819, 'Celinda', 'Bercow', '14', '39', 5, 101, '91.123.7.101', '9A:8C:DF:FF:A3:1M', '2016-02-29', 1, 2),
(820, 'Lillian', 'Braxton', '14', '40', 6, 172, '91.123.7.103', '9A:8C:DF:FF:A3:1N', '2016-02-29', 1, 3),
(821, 'Kirsten', 'Asbridge', '14', '41', 6, 83, '91.123.7.105', '9A:8C:DF:FF:A3:1O', '2016-02-29', 1, 2),
(822, 'Esty', 'Bromfield', '14', '42', 8, 283, '91.123.7.107', '9A:8C:DF:FF:A3:1P', '2016-02-29', 1, 1),
(823, 'Cecilia', 'Armstead', '14', '43', 4, 136, '91.123.7.109', '9A:8C:DF:FF:A3:1Q', '2016-02-29', 1, 3),
(824, 'Helena', 'Appleton', '14', '44', 8, 57, '91.123.7.111', '9A:8C:DF:FF:A3:1R', '2016-02-29', 1, 1),
(825, 'Aubrey', 'Ackroyd', '14', '45', 3, 75, '91.123.7.113', '9A:8C:DF:FF:A3:1S', '2016-02-29', 1, 1),
(826, 'Christina', 'Adin', '14', '46', 4, 81, '91.123.7.115', '9A:8C:DF:FF:A3:1T', '2016-02-29', 1, 2),
(827, 'Harriet', 'Blyth', '14', '47', 5, 290, '91.123.7.117', '9A:8C:DF:FF:A3:1U', '2016-02-29', 1, 2),
(828, 'Daisy', 'Aylesworth', '14', '48', 3, 48, '91.123.7.119', '9A:8C:DF:FF:A3:1V', '2016-02-29', 1, 3),
(829, 'Hope', 'Beardsley', '14', '49', 4, 192, '91.123.7.121', '9A:8C:DF:FF:A3:1W', '2016-02-29', 1, 2),
(830, 'Amber', 'Baily', '14', '50', 8, 183, '91.123.7.123', '9A:8C:DF:FF:A3:1X', '2016-02-29', 1, 3),
(831, 'Jenna', 'Bush', '14', '51', 5, 132, '91.123.7.125', '9A:8C:DF:FF:A3:1Y', '2016-02-29', 1, 3),
(832, 'Kathy', 'Ardley', '14', '52', 4, 67, '91.123.7.127', '9A:8C:DF:FF:A3:1Z', '2016-02-29', 1, 1),
(833, 'Eileen', 'Begley', '14', '53', 6, 112, '91.123.7.129', '9A:8C:DF:FF:A3:2A', '2016-02-29', 1, 2),
(834, 'Estelle', 'Brackenridge', '14', '54', 4, 274, '91.123.7.131', '9A:8C:DF:FF:A3:2B', '2016-02-29', 1, 2),
(835, 'Crystal', 'Anstead', '14', '55', 7, 126, '91.123.7.133', '9A:8C:DF:FF:A3:2C', '2016-02-29', 1, 2),
(836, 'Georgiana', 'Bottomley', '14', '56', 5, 239, '91.123.7.135', '9A:8C:DF:FF:A3:2D', '2016-02-29', 1, 3),
(837, 'Linda', 'Afford', '14', '57', 7, 133, '91.123.7.137', '9A:8C:DF:FF:A3:2E', '2016-02-29', 1, 3),
(838, 'Heidi', 'Bain', '14', '58', 8, 35, '91.123.7.139', '9A:8C:DF:FF:A3:2F', '2016-02-29', 1, 2),
(839, 'Betty', 'Acheson', '14', '59', 7, 262, '91.123.7.141', '9A:8C:DF:FF:A3:2G', '2016-02-29', 1, 1),
(840, 'Audrey', 'Brennan', '14', '60', 8, 73, '91.123.7.143', '9A:8C:DF:FF:A3:2H', '2016-02-29', 1, 3),
(841, 'Celestia', 'Aikin', '14', '61', 3, 77, '91.123.7.145', '9A:8C:DF:FF:A3:2I', '2016-02-29', 1, 2),
(842, 'Gwendolen', 'Aykroyd', '14', '62', 8, 3, '91.123.7.147', '9A:8C:DF:FF:A3:2J', '2016-02-29', 1, 1),
(843, 'Audrey', 'Bracey', '14', '63', 6, 71, '91.123.7.149', '9A:8C:DF:FF:A3:2K', '2016-02-29', 1, 1),
(844, 'Denise', 'Brewer', '14', '64', 4, 178, '91.123.7.151', '9A:8C:DF:FF:A3:2L', '2016-02-29', 1, 3),
(845, 'Bella', 'Brayton', '14', '65', 4, 77, '91.123.7.153', '9A:8C:DF:FF:A3:2M', '2016-02-29', 1, 1),
(846, 'Clementine', 'Bancroft', '14', '66', 7, 41, '91.123.7.155', '9A:8C:DF:FF:A3:2N', '2016-02-29', 1, 1),
(847, 'Innogen', 'Brennan', '14', '67', 3, 259, '91.123.7.157', '9A:8C:DF:FF:A3:2O', '2016-02-29', 1, 3),
(848, 'L', 'Abbey', '14', '68', 5, 292, '91.123.7.159', '9A:8C:DF:FF:A3:2P', '2016-02-29', 1, 1),
(849, 'Crystal', 'Bartholomew', '14', '69', 8, 259, '91.123.7.161', '9A:8C:DF:FF:A3:2Q', '2016-02-29', 1, 2),
(850, 'Davina', 'Beard', '14', '70', 6, 165, '91.123.7.163', '9A:8C:DF:FF:A3:2R', '2016-02-29', 1, 3),
(851, 'Cathleen', 'Bird', '14', '71', 4, 154, '91.123.7.165', '9A:8C:DF:FF:A3:2S', '2016-02-29', 1, 3),
(852, 'Delia', 'Brinkley', '14', '72', 7, 26, '91.123.7.167', '9A:8C:DF:FF:A3:2T', '2016-02-29', 1, 1),
(853, 'Celestia', 'Beamont', '14', '73', 7, 211, '91.123.7.169', '9A:8C:DF:FF:A3:2U', '2016-02-29', 1, 2),
(854, 'Cecily', 'Bingham', '14', '74', 6, 155, '91.123.7.171', '9A:8C:DF:FF:A3:2V', '2016-02-29', 1, 2),
(855, 'Denise', 'Basford', '14', '75', 4, 136, '91.123.7.173', '9A:8C:DF:FF:A3:2W', '2016-02-29', 1, 2),
(856, 'L', 'Axtell', '15', '1', 7, 235, '91.123.7.175', '9A:8C:DF:FF:A3:2X', '2016-02-29', 1, 3),
(857, 'Joelle', 'Atkinson', '15', '2', 4, 17, '91.123.7.177', '9A:8C:DF:FF:A3:2Y', '2016-02-29', 1, 1),
(858, 'Flora', 'Berker', '15', '3', 3, 91, '91.123.7.179', '9A:8C:DF:FF:A3:2Z', '2016-02-29', 1, 1),
(859, 'Bronwyn', 'Baines', '15', '4', 8, 262, '91.123.7.181', '9A:8C:DF:FF:A3:3A', '2016-02-29', 1, 3),
(860, 'Georgiana', 'Astley', '15', '5', 5, 84, '91.123.7.183', '9A:8C:DF:FF:A3:3B', '2016-02-29', 1, 3),
(861, 'Kathy', 'Acton', '15', '6', 3, 133, '91.123.7.185', '9A:8C:DF:FF:A3:3C', '2016-02-29', 1, 3),
(862, 'Dolores', 'Brandis', '15', '7', 3, 3, '91.123.7.187', '9A:8C:DF:FF:A3:3D', '2016-02-29', 1, 2),
(863, 'Georgiana', 'Akehurst', '15', '8', 4, 91, '91.123.7.189', '9A:8C:DF:FF:A3:3E', '2016-02-29', 1, 2),
(864, 'Cassandra', 'Beckford', '15', '9', 6, 138, '91.123.7.191', '9A:8C:DF:FF:A3:3F', '2016-02-29', 1, 3),
(865, 'Agatha', 'Beckford', '15', '10', 4, 125, '91.123.7.193', '9A:8C:DF:FF:A3:3G', '2016-02-29', 1, 1),
(866, 'Alvina', 'Barkley', '15', '11', 6, 155, '91.123.7.195', '9A:8C:DF:FF:A3:3H', '2016-02-29', 1, 1),
(867, 'Harriet', 'Burbridge', '15', '12', 5, 16, '91.123.7.197', '9A:8C:DF:FF:A3:3I', '2016-02-29', 1, 3),
(868, 'Jennifer', 'Allison', '15', '13', 7, 70, '91.123.7.199', '9A:8C:DF:FF:A3:3J', '2016-02-29', 1, 2),
(869, 'Iona', 'Beadon', '15', '14', 3, 236, '91.123.7.201', '9A:8C:DF:FF:A3:3K', '2016-02-29', 1, 2),
(870, 'Aubrey', 'Afford', '15', '15', 6, 131, '91.123.7.203', '9A:8C:DF:FF:A3:3L', '2016-02-29', 1, 2),
(871, 'Alvina', 'Benedict', '15', '16', 8, 178, '91.123.7.205', '9A:8C:DF:FF:A3:3M', '2016-02-29', 1, 3),
(872, 'Clementine', 'Brackman', '15', '17', 7, 67, '91.123.7.207', '9A:8C:DF:FF:A3:3N', '2016-02-29', 1, 3),
(873, 'Alice', 'Atlee', '15', '18', 6, 256, '91.123.7.209', '9A:8C:DF:FF:A3:3O', '2016-02-29', 1, 3),
(874, 'Gwendolen', 'Biggins', '15', '19', 4, 107, '91.123.7.211', '9A:8C:DF:FF:A3:3P', '2016-02-29', 1, 2),
(875, 'Audrey', 'Blight', '15', '20', 5, 249, '91.123.7.213', '9A:8C:DF:FF:A3:3Q', '2016-02-29', 1, 3),
(876, 'Eudora', 'Baxter', '15', '21', 5, 4, '91.123.7.215', '9A:8C:DF:FF:A3:3R', '2016-02-29', 1, 1),
(877, 'Louis', 'Brazier', '15', '22', 3, 272, '91.123.7.217', '9A:8C:DF:FF:A3:3S', '2016-02-29', 1, 1),
(878, 'Amanda', 'Aitchison', '15', '23', 8, 104, '91.123.7.219', '9A:8C:DF:FF:A3:3T', '2016-02-29', 1, 2),
(879, 'Lorna', 'Barry', '15', '24', 6, 140, '91.123.7.221', '9A:8C:DF:FF:A3:3U', '2016-02-29', 1, 2),
(880, 'Edna', 'Bréhal', '15', '25', 4, 279, '91.123.7.223', '9A:8C:DF:FF:A3:3V', '2016-02-29', 1, 3),
(881, 'Edith', 'Bradley', '15', '26', 4, 239, '91.123.7.225', '9A:8C:DF:FF:A3:3W', '2016-02-29', 1, 2),
(882, 'Cordelia', 'Ardley', '15', '27', 3, 192, '91.123.7.227', '9A:8C:DF:FF:A3:3X', '2016-02-29', 1, 1),
(883, 'Kim', 'Barkley', '15', '28', 7, 36, '91.123.7.229', '9A:8C:DF:FF:A3:3Y', '2016-02-29', 1, 3),
(884, 'Bronwen', 'Allison', '15', '29', 7, 227, '91.123.7.231', '9A:8C:DF:FF:A3:3Z', '2016-02-29', 1, 3),
(885, 'Felicity', 'Brack', '15', '30', 8, 225, '91.123.7.233', '9A:8C:DF:FF:A3:4A', '2016-02-29', 1, 2),
(886, 'I', 'Aldridge', '15', '31', 8, 75, '91.123.7.235', '9A:8C:DF:FF:A3:4B', '2016-02-29', 1, 2),
(887, 'Helena', 'Arnold', '15', '32', 5, 75, '91.123.7.237', '9A:8C:DF:FF:A3:4C', '2016-02-29', 1, 2),
(888, 'Betty', 'Black', '15', '33', 5, 125, '91.123.7.239', '9A:8C:DF:FF:A3:4D', '2016-02-29', 1, 3),
(889, 'Kathleen', 'Ackroyd', '15', '34', 4, 53, '91.123.7.241', '9A:8C:DF:FF:A3:4E', '2016-02-29', 1, 3),
(890, 'Georgiana', 'Bloodworth', '15', '35', 5, 210, '91.123.7.243', '9A:8C:DF:FF:A3:4F', '2016-02-29', 1, 2),
(891, 'Cordelia', 'Amory', '15', '36', 5, 40, '91.123.7.245', '9A:8C:DF:FF:A3:4G', '2016-02-29', 1, 1),
(892, 'Heidi', 'Broomfield', '15', '37', 5, 43, '91.123.7.247', '9A:8C:DF:FF:A3:4H', '2016-02-29', 1, 3),
(893, 'Cassandra', 'Astley', '15', '38', 7, 46, '91.123.7.249', '9A:8C:DF:FF:A3:4I', '2016-02-29', 1, 2),
(894, 'Helene', 'Brimson', '15', '39', 5, 145, '91.123.7.251', '9A:8C:DF:FF:A3:4J', '2016-02-29', 1, 2),
(895, 'Estelle', 'Bowes', '15', '40', 4, 3, '91.123.7.253', '9A:8C:DF:FF:A3:4K', '2016-02-29', 1, 3),
(896, 'Eudora', 'Bennett', '15', '41', 7, 11, '91.123.7.255', '9A:8C:DF:FF:A3:4L', '2016-02-29', 1, 1),
(897, 'Louis', 'Berker', '15', '42', 4, 260, '91.123.8.1', '9A:8C:DF:FF:A3:4M', '2016-02-29', 1, 1),
(898, 'Esty', 'Bonniwell', '15', '43', 5, 15, '91.123.8.3', '9A:8C:DF:FF:A3:4N', '2016-02-29', 1, 3),
(899, 'Celia', 'Atkins', '15', '44', 4, 191, '91.123.8.5', '9A:8C:DF:FF:A3:4O', '2016-02-29', 1, 2),
(900, 'Gwenda', 'Ashbee', '15', '45', 3, 205, '91.123.8.7', '9A:8C:DF:FF:A3:4P', '2016-02-29', 1, 1),
(901, 'I', 'Atlee', '15', '46', 8, 34, '91.123.8.9', '9A:8C:DF:FF:A3:4Q', '2016-02-29', 1, 3),
(902, 'Flora', 'Brayton', '15', '47', 5, 65, '91.123.8.11', '9A:8C:DF:FF:A3:4R', '2016-02-29', 1, 2),
(903, 'Amanda', 'Armitstead', '15', '48', 5, 27, '91.123.8.13', '9A:8C:DF:FF:A3:4S', '2016-02-29', 1, 3),
(904, 'Giselle', 'Abbey', '15', '49', 8, 6, '91.123.8.15', '9A:8C:DF:FF:A3:4T', '2016-02-29', 1, 3),
(905, 'Liana', 'Beck', '15', '50', 5, 154, '91.123.8.17', '9A:8C:DF:FF:A3:4U', '2016-02-29', 1, 1),
(906, 'Celinda', 'Beevers', '15', '51', 6, 152, '91.123.8.19', '9A:8C:DF:FF:A3:4V', '2016-02-29', 1, 1),
(907, 'Chloe', 'Bedingfeld', '15', '52', 3, 0, '91.123.8.21', '9A:8C:DF:FF:A3:4W', '2016-02-29', 1, 2),
(908, 'Irene', 'Berker', '15', '53', 3, 2, '91.123.8.23', '9A:8C:DF:FF:A3:4X', '2016-02-29', 1, 2),
(909, 'Helena', 'Attenborough', '15', '54', 3, 117, '91.123.8.25', '9A:8C:DF:FF:A3:4Y', '2016-02-29', 1, 3),
(910, 'Amber', 'Brennan', '15', '55', 3, 256, '91.123.8.27', '9A:8C:DF:FF:A3:4Z', '2016-02-29', 1, 3),
(911, 'Gwenda', 'Axford', '15', '56', 3, 215, '91.123.8.29', '9A:8C:DF:FF:A3:5A', '2016-02-29', 1, 1),
(912, 'Betsy', 'Brennan', '15', '57', 5, 238, '91.123.8.31', '9A:8C:DF:FF:A3:5B', '2016-02-29', 1, 2),
(913, 'Louis', 'Ardley', '15', '58', 8, 279, '91.123.8.33', '9A:8C:DF:FF:A3:5C', '2016-02-29', 1, 2),
(914, 'Ellen', 'Applegate', '15', '59', 5, 224, '91.123.8.35', '9A:8C:DF:FF:A3:5D', '2016-02-29', 1, 1),
(915, 'Lorna', 'Brewer', '15', '60', 8, 137, '91.123.8.37', '9A:8C:DF:FF:A3:5E', '2016-02-29', 1, 1),
(916, 'Helena', 'Barkley', '15', '61', 3, 182, '91.123.8.39', '9A:8C:DF:FF:A3:5F', '2016-02-29', 1, 1),
(917, 'Deborah', 'Baynton', '15', '62', 7, 187, '91.123.8.41', '9A:8C:DF:FF:A3:5G', '2016-02-29', 1, 2),
(918, 'Adele', 'Beaton', '15', '63', 4, 272, '91.123.8.43', '9A:8C:DF:FF:A3:5H', '2016-02-29', 1, 1),
(919, 'Karen', 'Amory', '15', '64', 5, 125, '91.123.8.45', '9A:8C:DF:FF:A3:5I', '2016-02-29', 1, 2),
(920, 'Eleanor', 'Axton', '15', '65', 4, 12, '91.123.8.47', '9A:8C:DF:FF:A3:5J', '2016-02-29', 1, 2),
(921, 'Lara', 'Beachum', '15', '66', 5, 243, '91.123.8.49', '9A:8C:DF:FF:A3:5K', '2016-02-29', 1, 3),
(922, 'Jacqueline', 'Baker', '15', '67', 6, 128, '91.123.8.51', '9A:8C:DF:FF:A3:5L', '2016-02-29', 1, 2),
(923, 'Jemma', 'Bréhal', '15', '68', 8, 162, '91.123.8.53', '9A:8C:DF:FF:A3:5M', '2016-02-29', 1, 1),
(924, 'Ethel', 'Barker', '15', '69', 5, 83, '91.123.8.55', '9A:8C:DF:FF:A3:5N', '2016-02-29', 1, 1),
(925, 'Loretta', 'Brayton', '15', '70', 5, 175, '91.123.8.57', '9A:8C:DF:FF:A3:5O', '2016-02-29', 1, 1),
(926, 'Josephine', 'Beckford', '15', '71', 6, 268, '91.123.8.59', '9A:8C:DF:FF:A3:5P', '2016-02-29', 1, 3),
(927, 'D', 'Archer', '15', '72', 8, 64, '91.123.8.61', '9A:8C:DF:FF:A3:5Q', '2016-02-29', 1, 2),
(928, 'Lauretta', 'Aldridge', '15', '73', 8, 219, '91.123.8.63', '9A:8C:DF:FF:A3:5R', '2016-02-29', 1, 3),
(929, 'Hannah', 'Burdon', '15', '74', 8, 147, '91.123.8.65', '9A:8C:DF:FF:A3:5S', '2016-02-29', 1, 2),
(930, 'Ada', 'Austen', '15', '75', 7, 69, '91.123.8.67', '9A:8C:DF:FF:A3:5T', '2016-02-29', 1, 1),
(931, 'Antonia', 'Burke', '15', '76', 8, 215, '91.123.8.69', '9A:8C:DF:FF:A3:5U', '2016-02-29', 1, 2),
(932, 'Alvina', 'Abbot', '15', '77', 7, 190, '91.123.8.71', '9A:8C:DF:FF:A3:5V', '2016-02-29', 1, 1),
(933, 'Carlene', 'Breckenridge', '15', '78', 7, 187, '91.123.8.73', '9A:8C:DF:FF:A3:5W', '2016-02-29', 1, 1),
(934, 'Gertrude', 'Brinkley', '15', '79', 6, 58, '91.123.8.75', '9A:8C:DF:FF:A3:5X', '2016-02-29', 1, 1),
(935, 'Diana', 'Barkley', '15', '80', 6, 115, '91.123.8.77', '9A:8C:DF:FF:A3:5Y', '2016-02-29', 1, 3),
(936, 'Adele', 'Burbridge', '15', '81', 8, 64, '91.123.8.79', '9A:8C:DF:FF:A3:5Z', '2016-02-29', 1, 1),
(937, 'Isla', 'Auger', '16', '1', 8, 207, '91.123.8.81', '9A:8C:DF:FF:A3:6A', '2016-02-29', 1, 2),
(938, 'Cathleen', 'Atkin', '16', '2', 7, 86, '91.123.8.83', '9A:8C:DF:FF:A3:6B', '2016-02-29', 1, 3),
(939, 'Claribel', 'Baines', '16', '3', 7, 202, '91.123.8.85', '9A:8C:DF:FF:A3:6C', '2016-02-29', 1, 3),
(940, 'Charity', 'Atlee', '16', '4', 5, 228, '91.123.8.87', '9A:8C:DF:FF:A3:6D', '2016-02-29', 1, 1),
(941, 'Giselle', 'Benedict', '16', '5', 8, 181, '91.123.8.89', '9A:8C:DF:FF:A3:6E', '2016-02-29', 1, 3),
(942, 'Daisy', 'Bedford', '16', '6', 3, 116, '91.123.8.91', '9A:8C:DF:FF:A3:6F', '2016-02-29', 1, 1),
(943, 'Adele', 'Beeby', '16', '7', 5, 145, '91.123.8.93', '9A:8C:DF:FF:A3:6G', '2016-02-29', 1, 2),
(944, 'Gaynor', 'Brackenridge', '16', '8', 8, 196, '91.123.8.95', '9A:8C:DF:FF:A3:6H', '2016-02-29', 1, 2),
(945, 'Hannah', 'Brazier', '16', '9', 8, 103, '91.123.8.97', '9A:8C:DF:FF:A3:6I', '2016-02-29', 1, 1),
(946, 'Agatha', 'Broomfield', '16', '10', 7, 261, '91.123.8.99', '9A:8C:DF:FF:A3:6J', '2016-02-29', 1, 3),
(947, 'Hester', 'Beckles', '16', '11', 5, 19, '91.123.8.101', '9A:8C:DF:FF:A3:6K', '2016-02-29', 1, 3),
(948, 'B', 'Axtell', '16', '12', 4, 291, '91.123.8.103', '9A:8C:DF:FF:A3:6L', '2016-02-29', 1, 1),
(949, 'Hope', 'Armitstead', '16', '13', 5, 56, '91.123.8.105', '9A:8C:DF:FF:A3:6M', '2016-02-29', 1, 3),
(950, 'Jaime', 'Brinkley', '16', '14', 4, 59, '91.123.8.107', '9A:8C:DF:FF:A3:6N', '2016-02-29', 1, 1),
(951, 'Effie', 'B', '16', '15', 7, 119, '91.123.8.109', '9A:8C:DF:FF:A3:6O', '2016-02-29', 1, 2),
(952, 'Jaime', 'Blackman', '16', '16', 6, 152, '91.123.8.111', '9A:8C:DF:FF:A3:6P', '2016-02-29', 1, 3),
(953, 'Drusilla', 'Brandis', '16', '17', 4, 197, '91.123.8.113', '9A:8C:DF:FF:A3:6Q', '2016-02-29', 1, 2),
(954, 'Effie', 'Aldridge', '16', '18', 5, 161, '91.123.8.115', '9A:8C:DF:FF:A3:6R', '2016-02-29', 1, 1),
(955, 'Charis', 'Bedford', '16', '19', 8, 189, '91.123.8.117', '9A:8C:DF:FF:A3:6S', '2016-02-29', 1, 2),
(956, 'Dulcie', 'Bates', '16', '20', 7, 135, '91.123.8.119', '9A:8C:DF:FF:A3:6T', '2016-02-29', 1, 1),
(957, 'Augusta', 'Bloomfield', '16', '21', 6, 197, '91.123.8.121', '9A:8C:DF:FF:A3:6U', '2016-02-29', 1, 1),
(958, 'D', 'Botterill', '16', '22', 3, 183, '91.123.8.123', '9A:8C:DF:FF:A3:6V', '2016-02-29', 1, 1),
(959, 'Dulcie', 'Blackburn', '16', '23', 7, 82, '91.123.8.125', '9A:8C:DF:FF:A3:6W', '2016-02-29', 1, 2),
(960, 'K', 'Ackroyd', '16', '24', 7, 235, '91.123.8.127', '9A:8C:DF:FF:A3:6X', '2016-02-29', 1, 2),
(961, 'Harriet', 'Beale', '16', '25', 6, 261, '91.123.8.129', '9A:8C:DF:FF:A3:6Y', '2016-02-29', 1, 3),
(962, 'Leanne', 'Baker', '16', '26', 3, 222, '91.123.8.131', '9A:8C:DF:FF:A3:6Z', '2016-02-29', 1, 3),
(963, 'Clarissa', 'Burke', '16', '27', 4, 54, '91.123.8.133', '9A:8C:DF:FF:A3:7A', '2016-02-29', 1, 2),
(964, 'Iona', 'B', '16', '28', 6, 122, '91.123.8.135', '9A:8C:DF:FF:A3:7B', '2016-02-29', 1, 1),
(965, 'Innogen', 'Adshead', '16', '29', 7, 107, '91.123.8.137', '9A:8C:DF:FF:A3:7C', '2016-02-29', 1, 3),
(966, 'Gertie', 'Bracey', '16', '30', 7, 19, '91.123.8.139', '9A:8C:DF:FF:A3:7D', '2016-02-29', 1, 3),
(967, 'Dolores', 'Blackburn', '16', '31', 8, 10, '91.123.8.141', '9A:8C:DF:FF:A3:7E', '2016-02-29', 1, 2),
(968, 'Glenda', 'Afford', '16', '32', 6, 218, '91.123.8.143', '9A:8C:DF:FF:A3:7F', '2016-02-29', 1, 1),
(969, 'Abigail', 'Bence', '16', '33', 4, 185, '91.123.8.145', '9A:8C:DF:FF:A3:7G', '2016-02-29', 1, 3),
(970, 'Effie', 'Beamont', '16', '34', 6, 210, '91.123.8.147', '9A:8C:DF:FF:A3:7H', '2016-02-29', 1, 3),
(971, 'Eunice', 'Beanland', '16', '35', 5, 225, '91.123.8.149', '9A:8C:DF:FF:A3:7I', '2016-02-29', 1, 3),
(972, 'Gertie', 'Bloodworth', '16', '36', 4, 298, '91.123.8.151', '9A:8C:DF:FF:A3:7J', '2016-02-29', 1, 1),
(973, 'Autumn', 'Blackburn', '16', '37', 3, 284, '91.123.8.153', '9A:8C:DF:FF:A3:7K', '2016-02-29', 1, 2),
(974, 'H', 'Adin', '16', '38', 3, 154, '91.123.8.155', '9A:8C:DF:FF:A3:7L', '2016-02-29', 1, 3),
(975, 'Helen', 'Blackburne', '16', '39', 7, 26, '91.123.8.157', '9A:8C:DF:FF:A3:7M', '2016-02-29', 1, 1),
(976, 'Averil', 'Boothby', '16', '40', 4, 153, '91.123.8.159', '9A:8C:DF:FF:A3:7N', '2016-02-29', 1, 2),
(977, 'Annabel', 'Ashley-Cooper', '16', '41', 8, 68, '91.123.8.161', '9A:8C:DF:FF:A3:7O', '2016-02-29', 1, 1),
(978, 'Leah', 'B', '16', '42', 4, 105, '91.123.8.163', '9A:8C:DF:FF:A3:7P', '2016-02-29', 1, 1),
(979, 'Laura', 'Bottrill', '16', '43', 6, 119, '91.123.8.165', '9A:8C:DF:FF:A3:7Q', '2016-02-29', 1, 1),
(980, 'Christabel', 'Beale', '16', '44', 5, 17, '91.123.8.167', '9A:8C:DF:FF:A3:7R', '2016-02-29', 1, 1),
(981, 'Doreen', 'Baines', '16', '45', 3, 226, '91.123.8.169', '9A:8C:DF:FF:A3:7S', '2016-02-29', 1, 1),
(982, 'Julianne', 'Bloomer', '16', '46', 4, 214, '91.123.8.171', '9A:8C:DF:FF:A3:7T', '2016-02-29', 1, 2),
(983, 'June', 'Beckles', '16', '47', 7, 181, '91.123.8.173', '9A:8C:DF:FF:A3:7U', '2016-02-29', 1, 1),
(984, 'L', 'Blackman', '16', '48', 8, 209, '91.123.8.175', '9A:8C:DF:FF:A3:7V', '2016-02-29', 1, 2),
(985, 'Christina', 'Breckenridge', '16', '49', 7, 136, '91.123.8.177', '9A:8C:DF:FF:A3:7W', '2016-02-29', 1, 1),
(986, 'Lara', 'Adin', '16', '50', 5, 270, '91.123.8.179', '9A:8C:DF:FF:A3:7X', '2016-02-29', 1, 3),
(987, 'Gwendolen', 'Barker', '16', '51', 3, 95, '91.123.8.181', '9A:8C:DF:FF:A3:7Y', '2016-02-29', 1, 3),
(988, 'Iris', 'Archer', '16', '52', 4, 18, '91.123.8.183', '9A:8C:DF:FF:A3:7Z', '2016-02-29', 1, 2),
(989, 'C', 'Aikin', '16', '53', 5, 240, '91.123.8.185', '9A:8C:DF:FF:A3:8A', '2016-02-29', 1, 1),
(990, 'D', 'Burke', '16', '54', 3, 52, '91.123.8.187', '9A:8C:DF:FF:A3:8B', '2016-02-29', 1, 1),
(991, 'Gwen', 'Berry', '16', '55', 6, 126, '91.123.8.189', '9A:8C:DF:FF:A3:8C', '2016-02-29', 1, 3),
(992, 'Gaynor', 'Beer', '16', '56', 6, 215, '91.123.8.191', '9A:8C:DF:FF:A3:8D', '2016-02-29', 1, 1),
(993, 'Joanna', 'Babbage', '16', '57', 5, 0, '91.123.8.193', '9A:8C:DF:FF:A3:8E', '2016-02-29', 1, 3),
(994, 'Edwina', 'Batchelor', '16', '58', 5, 196, '91.123.8.195', '9A:8C:DF:FF:A3:8F', '2016-02-29', 1, 2),
(995, 'Innogen', 'Bayfield', '16', '59', 7, 91, '91.123.8.197', '9A:8C:DF:FF:A3:8G', '2016-02-29', 1, 2),
(996, 'Cecilia', 'Barleycorn', '16', '60', 8, 76, '91.123.8.199', '9A:8C:DF:FF:A3:8H', '2016-02-29', 1, 2),
(997, 'Lettice', 'Abbey', '16', '61', 4, 185, '91.123.8.201', '9A:8C:DF:FF:A3:8I', '2016-02-29', 1, 1),
(998, 'Abigail', 'Bloomer', '16', '62', 7, 134, '91.123.8.203', '9A:8C:DF:FF:A3:8J', '2016-02-29', 1, 2),
(999, 'Bertha', 'Beevers', '16', '63', 6, 241, '91.123.8.205', '9A:8C:DF:FF:A3:8K', '2016-02-29', 1, 2),
(1000, 'Kathy', 'Bloodworth', '16', '64', 5, 266, '91.123.8.207', '9A:8C:DF:FF:A3:8L', '2016-02-29', 1, 3);


INSERT INTO tblCustomer (Id, Forename, Surname, HouseId, Flat, TariffId, Balance, IpAddress, MacAddress, LastChargedDate, [State], LastChangeInitiatorId)
VALUES
(1001, 'Lettice', 'Beanland', '16', '65', 5, 208, '91.123.8.209', '9A:8C:DF:FF:A3:8M', '2016-02-29', 1, 2),
(1002, 'Berenice', 'Braithwaite', '16', '66', 5, 298, '91.123.8.211', '9A:8C:DF:FF:A3:8N', '2016-02-29', 1, 2),
(1003, 'Bronwen', 'Begley', '16', '67', 5, 15, '91.123.8.213', '9A:8C:DF:FF:A3:8O', '2016-02-29', 1, 1),
(1004, 'Joan', 'Allard', '16', '68', 7, 275, '91.123.8.215', '9A:8C:DF:FF:A3:8P', '2016-02-29', 1, 3),
(1005, 'Iris', 'Acheson', '17', '1', 4, 92, '91.123.8.217', '9A:8C:DF:FF:A3:8Q', '2016-02-29', 1, 1),
(1006, 'Liana', 'Abbey', '17', '2', 7, 164, '91.123.8.219', '9A:8C:DF:FF:A3:8R', '2016-02-29', 1, 2),
(1007, 'Leah', 'Alderdice', '17', '3', 6, 218, '91.123.8.221', '9A:8C:DF:FF:A3:8S', '2016-02-29', 1, 2),
(1008, 'Giselle', 'Beardsley', '17', '4', 3, 274, '91.123.8.223', '9A:8C:DF:FF:A3:8T', '2016-02-29', 1, 1),
(1009, 'Crystal', 'Blackman', '17', '5', 7, 50, '91.123.8.225', '9A:8C:DF:FF:A3:8U', '2016-02-29', 1, 2),
(1010, 'Caroline', 'Bayles', '17', '6', 5, 229, '91.123.8.227', '9A:8C:DF:FF:A3:8V', '2016-02-29', 1, 3),
(1011, 'Lois', 'Bedford', '17', '7', 8, 288, '91.123.8.229', '9A:8C:DF:FF:A3:8W', '2016-02-29', 1, 1),
(1012, 'Eileen', 'Akroyd', '17', '8', 5, 122, '91.123.8.231', '9A:8C:DF:FF:A3:8X', '2016-02-29', 1, 1),
(1013, 'Joelle', 'Bethune', '17', '9', 5, 22, '91.123.8.233', '9A:8C:DF:FF:A3:8Y', '2016-02-29', 1, 1),
(1014, 'Eileen', 'Brackman', '17', '10', 4, 267, '91.123.8.235', '9A:8C:DF:FF:A3:8Z', '2016-02-29', 1, 1),
(1015, 'Georgiana', 'Blackburn', '17', '11', 3, 221, '91.123.8.237', '9A:8C:DF:FF:A3:9A', '2016-02-29', 1, 2),
(1016, 'Alice', 'Ardley', '17', '12', 3, 216, '91.123.8.239', '9A:8C:DF:FF:A3:9B', '2016-02-29', 1, 3),
(1017, 'Eileen', 'Beardsley', '17', '13', 8, 237, '91.123.8.241', '9A:8C:DF:FF:A3:9C', '2016-02-29', 1, 2),
(1018, 'Daphne', 'Allison', '17', '14', 6, 160, '91.123.8.243', '9A:8C:DF:FF:A3:9D', '2016-02-29', 1, 3),
(1019, 'Esty', 'Allum', '17', '15', 6, 207, '91.123.8.245', '9A:8C:DF:FF:A3:9E', '2016-02-29', 1, 2),
(1020, 'Imogen', 'Atkin', '17', '16', 7, 270, '91.123.8.247', '9A:8C:DF:FF:A3:9F', '2016-02-29', 1, 1),
(1021, 'Delia', 'Almond', '17', '17', 6, 171, '91.123.8.249', '9A:8C:DF:FF:A3:9G', '2016-02-29', 1, 1),
(1022, 'Charmaine', 'Beckles', '17', '18', 4, 168, '91.123.8.251', '9A:8C:DF:FF:A3:9H', '2016-02-29', 1, 1),
(1023, 'Charmaine', 'Burgess', '17', '19', 6, 145, '91.123.8.253', '9A:8C:DF:FF:A3:9I', '2016-02-29', 1, 3),
(1024, 'Chelsea', 'Blackburn', '17', '20', 6, 153, '91.123.8.255', '9A:8C:DF:FF:A3:9J', '2016-02-29', 1, 3),
(1025, 'Cynthia', 'Astley', '17', '21', 7, 284, '91.123.9.1', '9A:8C:DF:FF:A3:9K', '2016-02-29', 1, 2),
(1026, 'Edna', 'Ackroyd', '17', '22', 4, 116, '91.123.9.3', '9A:8C:DF:FF:A3:9L', '2016-02-29', 1, 3),
(1027, 'Jessica', 'Batchelor', '17', '23', 4, 186, '91.123.9.5', '9A:8C:DF:FF:A3:9M', '2016-02-29', 1, 2),
(1028, 'Cordelia', 'Brown', '17', '24', 5, 189, '91.123.9.7', '9A:8C:DF:FF:A3:9N', '2016-02-29', 1, 1),
(1029, 'Josephine', 'Brickman', '17', '25', 3, 117, '91.123.9.9', '9A:8C:DF:FF:A3:9O', '2016-02-29', 1, 2),
(1030, 'Felicity', 'Baynton', '17', '26', 4, 285, '91.123.9.11', '9A:8C:DF:FF:A3:9P', '2016-02-29', 1, 1),
(1031, 'Alberta', 'Bell', '17', '27', 4, 3, '91.123.9.13', '9A:8C:DF:FF:A3:9Q', '2016-02-29', 1, 3),
(1032, 'Bertha', 'Bagshaw', '17', '28', 6, 272, '91.123.9.15', '9A:8C:DF:FF:A3:9R', '2016-02-29', 1, 3),
(1033, 'Celine', 'Ashdown', '17', '29', 8, 265, '91.123.9.17', '9A:8C:DF:FF:A3:9S', '2016-02-29', 1, 2),
(1034, 'Karen', 'Boothby', '17', '30', 3, 293, '91.123.9.19', '9A:8C:DF:FF:A3:9T', '2016-02-29', 1, 2),
(1035, 'Danna', 'Axford', '17', '31', 3, 73, '91.123.9.21', '9A:8C:DF:FF:A3:9U', '2016-02-29', 1, 1),
(1036, 'Edwina', 'Astle', '17', '32', 5, 91, '91.123.9.23', '9A:8C:DF:FF:A3:9V', '2016-02-29', 1, 1),
(1037, 'Abigail', 'Brazier', '17', '33', 5, 105, '91.123.9.25', '9A:8C:DF:FF:A3:9W', '2016-02-29', 1, 2),
(1038, 'Candy', 'Ardley', '17', '34', 4, 264, '91.123.9.27', '9A:8C:DF:FF:A3:9X', '2016-02-29', 1, 2),
(1039, 'Abigail', 'Axford', '17', '35', 5, 282, '91.123.9.29', '9A:8C:DF:FF:A3:9Y', '2016-02-29', 1, 3),
(1040, 'Gia', 'Adcock', '17', '36', 3, 15, '91.123.9.31', '9A:8C:DF:FF:A3:9Z', '2016-02-29', 1, 3),
(1041, 'Joanne', 'Basford', '17', '37', 4, 168, '91.123.9.33', '9A:8C:DF:FF:A4:0A', '2016-02-29', 1, 2),
(1042, 'Ivy', 'Beeby', '17', '38', 8, 288, '91.123.9.35', '9A:8C:DF:FF:A4:0B', '2016-02-29', 1, 1),
(1043, 'Lettice', 'Bugden', '17', '39', 5, 241, '91.123.9.37', '9A:8C:DF:FF:A4:0C', '2016-02-29', 1, 3),
(1044, 'Destiny', 'Bréhal', '17', '40', 5, 74, '91.123.9.39', '9A:8C:DF:FF:A4:0D', '2016-02-29', 1, 1),
(1045, 'Henrietta', 'Beck', '17', '41', 3, 193, '91.123.9.41', '9A:8C:DF:FF:A4:0E', '2016-02-29', 1, 2),
(1046, 'Angel', 'Brackman', '17', '42', 3, 77, '91.123.9.43', '9A:8C:DF:FF:A4:0F', '2016-02-29', 1, 2),
(1047, 'Doreen', 'Alexander', '17', '43', 5, 159, '91.123.9.45', '9A:8C:DF:FF:A4:0G', '2016-02-29', 1, 1),
(1048, 'Gaynor', 'Bird', '17', '44', 7, 206, '91.123.9.47', '9A:8C:DF:FF:A4:0H', '2016-02-29', 1, 3),
(1049, 'H', 'Ardley', '17', '45', 4, 185, '91.123.9.49', '9A:8C:DF:FF:A4:0I', '2016-02-29', 1, 2),
(1050, 'Alison', 'Burbridge', '17', '46', 7, 76, '91.123.9.51', '9A:8C:DF:FF:A4:0J', '2016-02-29', 1, 2),
(1051, 'Isla', 'Beckford', '17', '47', 8, 278, '91.123.9.53', '9A:8C:DF:FF:A4:0K', '2016-02-29', 1, 1),
(1052, 'Charity', 'Atkinson', '17', '48', 6, 52, '91.123.9.55', '9A:8C:DF:FF:A4:0L', '2016-02-29', 1, 2),
(1053, 'Lettice', 'Beachum', '17', '49', 7, 157, '91.123.9.57', '9A:8C:DF:FF:A4:0M', '2016-02-29', 1, 3),
(1054, 'Joanne', 'Bennett', '17', '50', 7, 158, '91.123.9.59', '9A:8C:DF:FF:A4:0N', '2016-02-29', 1, 1),
(1055, 'Jacqui', 'Afford', '17', '51', 7, 110, '91.123.9.61', '9A:8C:DF:FF:A4:0O', '2016-02-29', 1, 2),
(1056, 'Elizabeth', 'Auster', '17', '52', 6, 73, '91.123.9.63', '9A:8C:DF:FF:A4:0P', '2016-02-29', 1, 2),
(1057, 'Autumn', 'Altman', '17', '53', 7, 208, '91.123.9.65', '9A:8C:DF:FF:A4:0Q', '2016-02-29', 1, 3),
(1058, 'Lara', 'Astle', '17', '54', 5, 132, '91.123.9.67', '9A:8C:DF:FF:A4:0R', '2016-02-29', 1, 3),
(1059, 'Christina', 'Allard', '17', '55', 6, 33, '91.123.9.69', '9A:8C:DF:FF:A4:0S', '2016-02-29', 1, 3),
(1060, 'Berenice', 'Bawden', '17', '56', 7, 239, '91.123.9.71', '9A:8C:DF:FF:A4:0T', '2016-02-29', 1, 2),
(1061, 'Dorothy', 'Anderson', '17', '57', 3, 46, '91.123.9.73', '9A:8C:DF:FF:A4:0U', '2016-02-29', 1, 3),
(1062, 'Henrietta', 'Blyth', '17', '58', 6, 136, '91.123.9.75', '9A:8C:DF:FF:A4:0V', '2016-02-29', 1, 2),
(1063, 'Ada', 'Blight', '17', '59', 4, 251, '91.123.9.77', '9A:8C:DF:FF:A4:0W', '2016-02-29', 1, 2),
(1064, 'Jennifer', 'Bingham', '17', '60', 3, 251, '91.123.9.79', '9A:8C:DF:FF:A4:0X', '2016-02-29', 1, 3),
(1065, 'Gaynor', 'Ardley', '17', '61', 5, 161, '91.123.9.81', '9A:8C:DF:FF:A4:0Y', '2016-02-29', 1, 3),
(1066, 'Gwendolyn', 'Bates', '17', '62', 7, 126, '91.123.9.83', '9A:8C:DF:FF:A4:0Z', '2016-02-29', 1, 1),
(1067, 'Alison', 'Beeby', '17', '63', 7, 200, '91.123.9.85', '9A:8C:DF:FF:A4:1A', '2016-02-29', 1, 3),
(1068, 'Lorelei', 'Butche', '17', '64', 7, 269, '91.123.9.87', '9A:8C:DF:FF:A4:1B', '2016-02-29', 1, 1),
(1069, 'Betty', 'Blyth', '17', '65', 8, 254, '91.123.9.89', '9A:8C:DF:FF:A4:1C', '2016-02-29', 1, 3),
(1070, 'Giselle', 'Bradley', '17', '66', 7, 199, '91.123.9.91', '9A:8C:DF:FF:A4:1D', '2016-02-29', 1, 1),
(1071, 'Enid', 'Barnet', '17', '67', 8, 266, '91.123.9.93', '9A:8C:DF:FF:A4:1E', '2016-02-29', 1, 3),
(1072, 'Celestia', 'Bowyer', '17', '68', 6, 113, '91.123.9.95', '9A:8C:DF:FF:A4:1F', '2016-02-29', 1, 1),
(1073, 'Cassandra', 'Acton', '17', '69', 3, 44, '91.123.9.97', '9A:8C:DF:FF:A4:1G', '2016-02-29', 1, 2),
(1074, 'Dorothy', 'Burdon', '17', '70', 6, 286, '91.123.9.99', '9A:8C:DF:FF:A4:1H', '2016-02-29', 1, 2),
(1075, 'Jennifer', 'Burney', '17', '71', 3, 249, '91.123.9.101', '9A:8C:DF:FF:A4:1I', '2016-02-29', 1, 3),
(1076, 'Julianne', 'Ashbee', '17', '72', 6, 166, '91.123.9.103', '9A:8C:DF:FF:A4:1J', '2016-02-29', 1, 1),
(1077, 'Joelle', 'Bingham', '17', '73', 3, 82, '91.123.9.105', '9A:8C:DF:FF:A4:1K', '2016-02-29', 1, 3),
(1078, 'Hannah', 'Blackburn', '17', '74', 8, 203, '91.123.9.107', '9A:8C:DF:FF:A4:1L', '2016-02-29', 1, 2),
(1079, 'Brenda', 'Barkley', '17', '75', 4, 224, '91.123.9.109', '9A:8C:DF:FF:A4:1M', '2016-02-29', 1, 3),
(1080, 'Beatrice', 'Bidder', '17', '76', 7, 92, '91.123.9.111', '9A:8C:DF:FF:A4:1N', '2016-02-29', 1, 2),
(1081, 'Hannah', 'Ardley', '17', '77', 7, 59, '91.123.9.113', '9A:8C:DF:FF:A4:1O', '2016-02-29', 1, 2),
(1082, 'Eudora', 'Atkins', '17', '78', 3, 47, '91.123.9.115', '9A:8C:DF:FF:A4:1P', '2016-02-29', 1, 1),
(1083, 'Alanna', 'Austen', '17', '79', 3, 65, '91.123.9.117', '9A:8C:DF:FF:A4:1Q', '2016-02-29', 1, 1),
(1084, 'Genevieve', 'Butche', '17', '80', 7, 109, '91.123.9.119', '9A:8C:DF:FF:A4:1R', '2016-02-29', 1, 3),
(1085, 'Jaime', 'Alderdice', '17', '81', 8, 100, '91.123.9.121', '9A:8C:DF:FF:A4:1S', '2016-02-29', 1, 1),
(1086, 'Dede', 'Blackburne', '17', '82', 5, 21, '91.123.9.123', '9A:8C:DF:FF:A4:1T', '2016-02-29', 1, 2),
(1087, 'Dede', 'Armstead', '18', '1', 3, 151, '91.123.9.125', '9A:8C:DF:FF:A4:1U', '2016-02-29', 1, 2),
(1088, 'Joanna', 'Bramble', '18', '2', 8, 74, '91.123.9.127', '9A:8C:DF:FF:A4:1V', '2016-02-29', 1, 2),
(1089, 'Glenda', 'Blair', '18', '3', 6, 173, '91.123.9.129', '9A:8C:DF:FF:A4:1W', '2016-02-29', 1, 3),
(1090, 'Clementine', 'Aitchison', '18', '4', 5, 49, '91.123.9.131', '9A:8C:DF:FF:A4:1X', '2016-02-29', 1, 1),
(1091, 'Joey', 'Bayer', '18', '5', 5, 230, '91.123.9.133', '9A:8C:DF:FF:A4:1Y', '2016-02-29', 1, 2),
(1092, 'Carolyn', 'Beale', '18', '6', 8, 281, '91.123.9.135', '9A:8C:DF:FF:A4:1Z', '2016-02-29', 1, 3),
(1093, 'Julianne', 'Burnham', '18', '7', 6, 277, '91.123.9.137', '9A:8C:DF:FF:A4:2A', '2016-02-29', 1, 2),
(1094, 'Amber', 'Adcock', '18', '8', 7, 204, '91.123.9.139', '9A:8C:DF:FF:A4:2B', '2016-02-29', 1, 3),
(1095, 'Bella', 'Brightwell', '18', '9', 3, 144, '91.123.9.141', '9A:8C:DF:FF:A4:2C', '2016-02-29', 1, 1),
(1096, 'Deanna', 'Bartholomew', '18', '10', 7, 109, '91.123.9.143', '9A:8C:DF:FF:A4:2D', '2016-02-29', 1, 1),
(1097, 'Gertrude', 'Burke', '18', '11', 8, 123, '91.123.9.145', '9A:8C:DF:FF:A4:2E', '2016-02-29', 1, 2),
(1098, 'Lillian', 'Bowes', '18', '12', 4, 284, '91.123.9.147', '9A:8C:DF:FF:A4:2F', '2016-02-29', 1, 2),
(1099, 'Christina', 'Broomfield', '18', '13', 8, 117, '91.123.9.149', '9A:8C:DF:FF:A4:2G', '2016-02-29', 1, 2),
(1100, 'Gwendoline', 'Allard', '18', '14', 6, 283, '91.123.9.151', '9A:8C:DF:FF:A4:2H', '2016-02-29', 1, 3),
(1101, 'Chelsea', 'Baines', '18', '15', 7, 116, '91.123.9.153', '9A:8C:DF:FF:A4:2I', '2016-02-29', 1, 3),
(1102, 'Liana', 'Babbage', '18', '16', 8, 187, '91.123.9.155', '9A:8C:DF:FF:A4:2J', '2016-02-29', 1, 1),
(1103, 'Joanne', 'Boot', '18', '17', 6, 259, '91.123.9.157', '9A:8C:DF:FF:A4:2K', '2016-02-29', 1, 1),
(1104, 'Kaylee', 'Aitch', '18', '18', 4, 163, '91.123.9.159', '9A:8C:DF:FF:A4:2L', '2016-02-29', 1, 3),
(1105, 'Charity', 'Bowie', '18', '19', 7, 84, '91.123.9.161', '9A:8C:DF:FF:A4:2M', '2016-02-29', 1, 2),
(1106, 'Cassandra', 'Brinkley', '18', '20', 7, 280, '91.123.9.163', '9A:8C:DF:FF:A4:2N', '2016-02-29', 1, 2),
(1107, 'Celine', 'Bracey', '18', '21', 7, 157, '91.123.9.165', '9A:8C:DF:FF:A4:2O', '2016-02-29', 1, 3),
(1108, 'Cassandra', 'Ashdown', '18', '22', 6, 124, '91.123.9.167', '9A:8C:DF:FF:A4:2P', '2016-02-29', 1, 2),
(1109, 'Glenda', 'Brandis', '18', '23', 6, 236, '91.123.9.169', '9A:8C:DF:FF:A4:2Q', '2016-02-29', 1, 2),
(1110, 'Gemma', 'Baines', '18', '24', 3, 42, '91.123.9.171', '9A:8C:DF:FF:A4:2R', '2016-02-29', 1, 2),
(1111, 'Flora', 'Buckler', '18', '25', 3, 80, '91.123.9.173', '9A:8C:DF:FF:A4:2S', '2016-02-29', 1, 2),
(1112, 'Enid', 'Bence', '18', '26', 5, 281, '91.123.9.175', '9A:8C:DF:FF:A4:2T', '2016-02-29', 1, 3),
(1113, 'Alice', 'Bentley', '18', '27', 3, 37, '91.123.9.177', '9A:8C:DF:FF:A4:2U', '2016-02-29', 1, 3),
(1114, 'Agatha', 'Broomhall', '18', '28', 3, 28, '91.123.9.179', '9A:8C:DF:FF:A4:2V', '2016-02-29', 1, 1),
(1115, 'Hannah', 'Bedingfeld', '18', '29', 7, 33, '91.123.9.181', '9A:8C:DF:FF:A4:2W', '2016-02-29', 1, 1),
(1116, 'Drusilla', 'Anstead', '18', '30', 8, 210, '91.123.9.183', '9A:8C:DF:FF:A4:2X', '2016-02-29', 1, 3),
(1117, 'Kaylee', 'Bowers', '18', '31', 6, 82, '91.123.9.185', '9A:8C:DF:FF:A4:2Y', '2016-02-29', 1, 3),
(1118, 'Clarissa', 'Blyth', '18', '32', 6, 291, '91.123.9.187', '9A:8C:DF:FF:A4:2Z', '2016-02-29', 1, 1),
(1119, 'H', 'Boulting', '18', '33', 6, 198, '91.123.9.189', '9A:8C:DF:FF:A4:3A', '2016-02-29', 1, 2),
(1120, 'Adelaide', 'Bramble', '18', '34', 6, 272, '91.123.9.191', '9A:8C:DF:FF:A4:3B', '2016-02-29', 1, 2),
(1121, 'Heidi', 'Babbs', '18', '35', 3, 42, '91.123.9.193', '9A:8C:DF:FF:A4:3C', '2016-02-29', 1, 1),
(1122, 'Adelaide', 'Arden', '18', '36', 8, 65, '91.123.9.195', '9A:8C:DF:FF:A4:3D', '2016-02-29', 1, 1),
(1123, 'Cynthia', 'Beresford', '18', '37', 7, 22, '91.123.9.197', '9A:8C:DF:FF:A4:3E', '2016-02-29', 1, 3),
(1124, 'Celine', 'Ackroyd', '18', '38', 7, 57, '91.123.9.199', '9A:8C:DF:FF:A4:3F', '2016-02-29', 1, 2),
(1125, 'Charmaine', 'Barber', '18', '39', 3, 253, '91.123.9.201', '9A:8C:DF:FF:A4:3G', '2016-02-29', 1, 2),
(1126, 'Kim', 'Burney', '18', '40', 3, 217, '91.123.9.203', '9A:8C:DF:FF:A4:3H', '2016-02-29', 1, 1),
(1127, 'Glenda', 'Bingley', '18', '41', 3, 46, '91.123.9.205', '9A:8C:DF:FF:A4:3I', '2016-02-29', 1, 1),
(1128, 'Eva', 'Boothby', '18', '42', 5, 80, '91.123.9.207', '9A:8C:DF:FF:A4:3J', '2016-02-29', 1, 3),
(1129, 'Barbara', 'Boulting', '18', '43', 4, 262, '91.123.9.209', '9A:8C:DF:FF:A4:3K', '2016-02-29', 1, 3),
(1130, 'Ada', 'Beamont', '19', '1', 7, 33, '91.123.9.211', '9A:8C:DF:FF:A4:3L', '2016-02-29', 1, 3),
(1131, 'Anna', 'Axton', '19', '2', 5, 74, '91.123.9.213', '9A:8C:DF:FF:A4:3M', '2016-02-29', 1, 1),
(1132, 'Charis', 'Arden', '19', '3', 7, 34, '91.123.9.215', '9A:8C:DF:FF:A4:3N', '2016-02-29', 1, 1),
(1133, 'Angel', 'Astle', '19', '4', 4, 142, '91.123.9.217', '9A:8C:DF:FF:A4:3O', '2016-02-29', 1, 3),
(1134, 'Eva', 'Bentley', '19', '5', 8, 97, '91.123.9.219', '9A:8C:DF:FF:A4:3P', '2016-02-29', 1, 2),
(1135, 'Gaynor', 'Bayles', '19', '6', 4, 118, '91.123.9.221', '9A:8C:DF:FF:A4:3Q', '2016-02-29', 1, 2),
(1136, 'Alice', 'Arden', '19', '7', 8, 94, '91.123.9.223', '9A:8C:DF:FF:A4:3R', '2016-02-29', 1, 3),
(1137, 'Edna', 'Axtell', '19', '8', 6, 12, '91.123.9.225', '9A:8C:DF:FF:A4:3S', '2016-02-29', 1, 2),
(1138, 'Cordelia', 'Blight', '19', '9', 8, 273, '91.123.9.227', '9A:8C:DF:FF:A4:3T', '2016-02-29', 1, 1),
(1139, 'Felicity', 'Bingham', '19', '10', 3, 262, '91.123.9.229', '9A:8C:DF:FF:A4:3U', '2016-02-29', 1, 1),
(1140, 'Esty', 'Altman', '19', '11', 5, 53, '91.123.9.231', '9A:8C:DF:FF:A4:3V', '2016-02-29', 1, 2),
(1141, 'Deanne', 'Berker', '19', '12', 5, 173, '91.123.9.233', '9A:8C:DF:FF:A4:3W', '2016-02-29', 1, 2),
(1142, 'Gwendolen', 'Adcock', '19', '13', 8, 213, '91.123.9.235', '9A:8C:DF:FF:A4:3X', '2016-02-29', 1, 1),
(1143, 'Anna', 'Ashbee', '19', '14', 5, 68, '91.123.9.237', '9A:8C:DF:FF:A4:3Y', '2016-02-29', 1, 2),
(1144, 'Jemima', 'Berkeley', '19', '15', 3, 285, '91.123.9.239', '9A:8C:DF:FF:A4:3Z', '2016-02-29', 1, 2),
(1145, 'Josephine', 'Blair', '19', '16', 8, 17, '91.123.9.241', '9A:8C:DF:FF:A4:4A', '2016-02-29', 1, 3),
(1146, 'Leanne', 'Axton', '19', '17', 5, 99, '91.123.9.243', '9A:8C:DF:FF:A4:4B', '2016-02-29', 1, 1),
(1147, 'Lara', 'Bowie', '19', '18', 7, 248, '91.123.9.245', '9A:8C:DF:FF:A4:4C', '2016-02-29', 1, 2),
(1148, 'Joy', 'Brandis', '19', '19', 3, 189, '91.123.9.247', '9A:8C:DF:FF:A4:4D', '2016-02-29', 1, 3),
(1149, 'Chloe', 'Boot', '19', '20', 4, 202, '91.123.9.249', '9A:8C:DF:FF:A4:4E', '2016-02-29', 1, 1),
(1150, 'Clementine', 'Archer', '19', '21', 8, 91, '91.123.9.251', '9A:8C:DF:FF:A4:4F', '2016-02-29', 1, 1),
(1151, 'L', 'Butche', '19', '22', 5, 246, '91.123.9.253', '9A:8C:DF:FF:A4:4G', '2016-02-29', 1, 2),
(1152, 'Honor', 'Bird', '19', '23', 5, 180, '91.123.9.255', '9A:8C:DF:FF:A4:4H', '2016-02-29', 1, 2),
(1153, 'Christina', 'Berker', '19', '24', 6, 211, '91.123.10.1', '9A:8C:DF:FF:A4:4I', '2016-02-29', 1, 1),
(1154, 'Chloe', 'Bawden', '19', '25', 6, 222, '91.123.10.3', '9A:8C:DF:FF:A4:4J', '2016-02-29', 1, 3),
(1155, 'Lila', 'Bell', '19', '26', 6, 18, '91.123.10.5', '9A:8C:DF:FF:A4:4K', '2016-02-29', 1, 1),
(1156, 'Annabel', 'Beanland', '19', '27', 4, 268, '91.123.10.7', '9A:8C:DF:FF:A4:4L', '2016-02-29', 1, 2),
(1157, 'J', 'Barker', '19', '28', 3, 15, '91.123.10.9', '9A:8C:DF:FF:A4:4M', '2016-02-29', 1, 1),
(1158, 'Laura', 'Babbage', '19', '29', 8, 54, '91.123.10.11', '9A:8C:DF:FF:A4:4N', '2016-02-29', 1, 3),
(1159, 'Betty', 'Baskerville', '19', '30', 5, 46, '91.123.10.13', '9A:8C:DF:FF:A4:4O', '2016-02-29', 1, 2),
(1160, 'Hero', 'Alderman', '19', '31', 5, 105, '91.123.10.15', '9A:8C:DF:FF:A4:4P', '2016-02-29', 1, 3),
(1161, 'Esty', 'Arden', '20', '1', 6, 99, '91.123.10.17', '9A:8C:DF:FF:A4:4Q', '2016-02-29', 1, 1),
(1162, 'Eileen', 'Barkley', '20', '2', 7, 164, '91.123.10.19', '9A:8C:DF:FF:A4:4R', '2016-02-29', 1, 1),
(1163, 'Daisy', 'Beard', '20', '3', 8, 215, '91.123.10.21', '9A:8C:DF:FF:A4:4S', '2016-02-29', 1, 3),
(1164, 'Esty', 'Bell', '20', '4', 6, 124, '91.123.10.23', '9A:8C:DF:FF:A4:4T', '2016-02-29', 1, 3),
(1165, 'Effie', 'Baynton', '20', '5', 8, 162, '91.123.10.25', '9A:8C:DF:FF:A4:4U', '2016-02-29', 1, 2),
(1166, 'Beatrice', 'Bain', '20', '6', 6, 105, '91.123.10.27', '9A:8C:DF:FF:A4:4V', '2016-02-29', 1, 3),
(1167, 'Adelaide', 'Bubb', '20', '7', 3, 223, '91.123.10.29', '9A:8C:DF:FF:A4:4W', '2016-02-29', 1, 1),
(1168, 'Bronwyn', 'Beardsley', '20', '8', 7, 235, '91.123.10.31', '9A:8C:DF:FF:A4:4X', '2016-02-29', 1, 2),
(1169, 'Liana', 'Arden', '20', '9', 6, 177, '91.123.10.33', '9A:8C:DF:FF:A4:4Y', '2016-02-29', 1, 3),
(1170, 'Laura', 'Baynton', '20', '10', 5, 186, '91.123.10.35', '9A:8C:DF:FF:A4:4Z', '2016-02-29', 1, 1),
(1171, 'Emma', 'Brightwell', '20', '11', 8, 259, '91.123.10.37', '9A:8C:DF:FF:A4:5A', '2016-02-29', 1, 2),
(1172, 'Amanda', 'Ashdown', '20', '12', 3, 243, '91.123.10.39', '9A:8C:DF:FF:A4:5B', '2016-02-29', 1, 1),
(1173, 'Autumn', 'Brightwell', '20', '13', 5, 165, '91.123.10.41', '9A:8C:DF:FF:A4:5C', '2016-02-29', 1, 1),
(1174, 'Dolores', 'Bayntun', '20', '14', 4, 146, '91.123.10.43', '9A:8C:DF:FF:A4:5D', '2016-02-29', 1, 3),
(1175, 'Addys', 'Brennan', '20', '15', 7, 295, '91.123.10.45', '9A:8C:DF:FF:A4:5E', '2016-02-29', 1, 1),
(1176, 'Charmaine', 'Bramble', '20', '16', 5, 218, '91.123.10.47', '9A:8C:DF:FF:A4:5F', '2016-02-29', 1, 2),
(1177, 'Henrietta', 'Broomfield', '20', '17', 8, 55, '91.123.10.49', '9A:8C:DF:FF:A4:5G', '2016-02-29', 1, 2),
(1178, 'Autumn', 'Abbey', '20', '18', 4, 99, '91.123.10.51', '9A:8C:DF:FF:A4:5H', '2016-02-29', 1, 1),
(1179, 'Lorelei', 'Beacham', '20', '19', 8, 185, '91.123.10.53', '9A:8C:DF:FF:A4:5I', '2016-02-29', 1, 1),
(1180, 'Alvina', 'Botterill', '20', '20', 3, 125, '91.123.10.55', '9A:8C:DF:FF:A4:5J', '2016-02-29', 1, 2),
(1181, 'Doreen', 'Atkin', '20', '21', 8, 264, '91.123.10.57', '9A:8C:DF:FF:A4:5K', '2016-02-29', 1, 1),
(1182, 'Gwendolyn', 'Aikin', '20', '22', 8, 247, '91.123.10.59', '9A:8C:DF:FF:A4:5L', '2016-02-29', 1, 1),
(1183, 'Caroline', 'Bréhal', '20', '23', 4, 60, '91.123.10.61', '9A:8C:DF:FF:A4:5M', '2016-02-29', 1, 2),
(1184, 'Cadence', 'Abbot', '20', '24', 4, 19, '91.123.10.63', '9A:8C:DF:FF:A4:5N', '2016-02-29', 1, 1),
(1185, 'Dolores', 'Austin', '20', '25', 8, 97, '91.123.10.65', '9A:8C:DF:FF:A4:5O', '2016-02-29', 1, 3),
(1186, 'Ethel', 'Burdon', '20', '26', 4, 206, '91.123.10.67', '9A:8C:DF:FF:A4:5P', '2016-02-29', 1, 3),
(1187, 'F', 'Botterill', '20', '27', 8, 105, '91.123.10.69', '9A:8C:DF:FF:A4:5Q', '2016-02-29', 1, 1),
(1188, 'Dolores', 'Burgess', '20', '28', 8, 9, '91.123.10.71', '9A:8C:DF:FF:A4:5R', '2016-02-29', 1, 3),
(1189, 'Amanda', 'Adlam', '20', '29', 5, 66, '91.123.10.73', '9A:8C:DF:FF:A4:5S', '2016-02-29', 1, 3),
(1190, 'Aubrey', 'Appleton', '20', '30', 7, 41, '91.123.10.75', '9A:8C:DF:FF:A4:5T', '2016-02-29', 1, 1),
(1191, 'Alice', 'Beanland', '20', '31', 3, 112, '91.123.10.77', '9A:8C:DF:FF:A4:5U', '2016-02-29', 1, 3),
(1192, 'Beatrice', 'Bain', '20', '32', 6, 36, '91.123.10.79', '9A:8C:DF:FF:A4:5V', '2016-02-29', 1, 2),
(1193, 'Henrietta', 'Brennan', '20', '33', 4, 253, '91.123.10.81', '9A:8C:DF:FF:A4:5W', '2016-02-29', 1, 2),
(1194, 'Effie', 'Broomfield', '20', '34', 8, 10, '91.123.10.83', '9A:8C:DF:FF:A4:5X', '2016-02-29', 1, 1),
(1195, 'Cassandra', 'Abbott', '20', '35', 4, 67, '91.123.10.85', '9A:8C:DF:FF:A4:5Y', '2016-02-29', 1, 3),
(1196, 'Daphne', 'Brown', '20', '36', 7, 118, '91.123.10.87', '9A:8C:DF:FF:A4:5Z', '2016-02-29', 1, 2),
(1197, 'D', 'Atkins', '20', '37', 3, 179, '91.123.10.89', '9A:8C:DF:FF:A4:6A', '2016-02-29', 1, 3),
(1198, 'Alanna', 'Boot', '20', '38', 6, 122, '91.123.10.91', '9A:8C:DF:FF:A4:6B', '2016-02-29', 1, 1),
(1199, 'Amy', 'Bagshaw', '20', '39', 8, 123, '91.123.10.93', '9A:8C:DF:FF:A4:6C', '2016-02-29', 1, 1),
(1200, 'Bronwen', 'Bowyer', '20', '40', 6, 199, '91.123.10.95', '9A:8C:DF:FF:A4:6D', '2016-02-29', 1, 2),
(1201, 'Bronwen', 'Armstrong', '20', '41', 7, 27, '91.123.10.97', '9A:8C:DF:FF:A4:6E', '2016-02-29', 1, 3),
(1202, 'Alanna', 'Axon', '20', '42', 7, 118, '91.123.10.99', '9A:8C:DF:FF:A4:6F', '2016-02-29', 1, 2),
(1203, 'Candy', 'Blackman', '20', '43', 4, 142, '91.123.10.101', '9A:8C:DF:FF:A4:6G', '2016-02-29', 1, 1),
(1204, 'Dolores', 'Brackenridge', '20', '44', 6, 274, '91.123.10.103', '9A:8C:DF:FF:A4:6H', '2016-02-29', 1, 2),
(1205, 'Isla', 'Bagshaw', '20', '45', 6, 6, '91.123.10.105', '9A:8C:DF:FF:A4:6I', '2016-02-29', 1, 3),
(1206, 'Kim', 'Allum', '20', '46', 7, 21, '91.123.10.107', '9A:8C:DF:FF:A4:6J', '2016-02-29', 1, 3),
(1207, 'Genevieve', 'Basford', '20', '47', 3, 282, '91.123.10.109', '9A:8C:DF:FF:A4:6K', '2016-02-29', 1, 2),
(1208, 'Belinda', 'Begley', '20', '48', 8, 225, '91.123.10.111', '9A:8C:DF:FF:A4:6L', '2016-02-29', 1, 3),
(1209, 'Iris', 'Buckler', '20', '49', 4, 254, '91.123.10.113', '9A:8C:DF:FF:A4:6M', '2016-02-29', 1, 3),
(1210, 'Daphne', 'Allard', '20', '50', 5, 46, '91.123.10.115', '9A:8C:DF:FF:A4:6N', '2016-02-29', 1, 3),
(1211, 'Davina', 'Allison', '20', '51', 6, 44, '91.123.10.117', '9A:8C:DF:FF:A4:6O', '2016-02-29', 1, 3),
(1212, 'Judith', 'Bird', '20', '52', 6, 36, '91.123.10.119', '9A:8C:DF:FF:A4:6P', '2016-02-29', 1, 3),
(1213, 'Lara', 'Beamont', '20', '53', 7, 183, '91.123.10.121', '9A:8C:DF:FF:A4:6Q', '2016-02-29', 1, 3),
(1214, 'Jenna', 'Blackett', '20', '54', 4, 8, '91.123.10.123', '9A:8C:DF:FF:A4:6R', '2016-02-29', 1, 1),
(1215, 'Joy', 'Brandis', '20', '55', 8, 7, '91.123.10.125', '9A:8C:DF:FF:A4:6S', '2016-02-29', 1, 3),
(1216, 'Jennifer', 'Appleyard', '20', '56', 7, 67, '91.123.10.127', '9A:8C:DF:FF:A4:6T', '2016-02-29', 1, 2),
(1217, 'Jane', 'Bonniwell', '20', '57', 6, 104, '91.123.10.129', '9A:8C:DF:FF:A4:6U', '2016-02-29', 1, 2),
(1218, 'Edna', 'Braithwaite', '20', '58', 8, 70, '91.123.10.131', '9A:8C:DF:FF:A4:6V', '2016-02-29', 1, 2),
(1219, 'Elektra', 'Brown', '20', '59', 8, 240, '91.123.10.133', '9A:8C:DF:FF:A4:6W', '2016-02-29', 1, 3),
(1220, 'Carolynn', 'Ashdown', '20', '60', 6, 263, '91.123.10.135', '9A:8C:DF:FF:A4:6X', '2016-02-29', 1, 1),
(1221, 'Hester', 'Bramble', '20', '61', 5, 16, '91.123.10.137', '9A:8C:DF:FF:A4:6Y', '2016-02-29', 1, 3),
(1222, 'F', 'Armstrong', '20', '62', 6, 111, '91.123.10.139', '9A:8C:DF:FF:A4:6Z', '2016-02-29', 1, 3),
(1223, 'Helene', 'Burbridge', '20', '63', 5, 160, '91.123.10.141', '9A:8C:DF:FF:A4:7A', '2016-02-29', 1, 1),
(1224, 'Bertha', 'Brazier', '20', '64', 5, 64, '91.123.10.143', '9A:8C:DF:FF:A4:7B', '2016-02-29', 1, 2),
(1225, 'Lily', 'Bramble', '20', '65', 3, 129, '91.123.10.145', '9A:8C:DF:FF:A4:7C', '2016-02-29', 1, 2),
(1226, 'Laura', 'Burns', '20', '66', 3, 12, '91.123.10.147', '9A:8C:DF:FF:A4:7D', '2016-02-29', 1, 2),
(1227, 'G', 'Bercow', '20', '67', 7, 66, '91.123.10.149', '9A:8C:DF:FF:A4:7E', '2016-02-29', 1, 3),
(1228, 'Liana', 'Bain', '20', '68', 6, 142, '91.123.10.151', '9A:8C:DF:FF:A4:7F', '2016-02-29', 1, 3),
(1229, 'Celestia', 'Atkinson', '20', '69', 5, 97, '91.123.10.153', '9A:8C:DF:FF:A4:7G', '2016-02-29', 1, 3),
(1230, 'Eudora', 'Beanland', '20', '70', 4, 188, '91.123.10.155', '9A:8C:DF:FF:A4:7H', '2016-02-29', 1, 3),
(1231, 'Davina', 'Breckenridge', '20', '71', 5, 115, '91.123.10.157', '9A:8C:DF:FF:A4:7I', '2016-02-29', 1, 1),
(1232, 'June', 'Bowie', '20', '72', 8, 135, '91.123.10.159', '9A:8C:DF:FF:A4:7J', '2016-02-29', 1, 3),
(1233, 'Felicity', 'Alderdice', '20', '73', 6, 250, '91.123.10.161', '9A:8C:DF:FF:A4:7K', '2016-02-29', 1, 2),
(1234, 'Amber', 'Almond', '20', '74', 4, 191, '91.123.10.163', '9A:8C:DF:FF:A4:7L', '2016-02-29', 1, 1),
(1235, 'Joanna', 'Atlee', '20', '75', 8, 110, '91.123.10.165', '9A:8C:DF:FF:A4:7M', '2016-02-29', 1, 1),
(1236, 'I', 'Bagshaw', '20', '76', 7, 154, '91.123.10.167', '9A:8C:DF:FF:A4:7N', '2016-02-29', 1, 1),
(1237, 'Deborah', 'Black', '20', '77', 5, 69, '91.123.10.169', '9A:8C:DF:FF:A4:7O', '2016-02-29', 1, 1),
(1238, 'Imelda', 'Attenborough', '20', '78', 5, 55, '91.123.10.171', '9A:8C:DF:FF:A4:7P', '2016-02-29', 1, 1),
(1239, 'Bella', 'Barton', '20', '79', 3, 153, '91.123.10.173', '9A:8C:DF:FF:A4:7Q', '2016-02-29', 1, 1),
(1240, 'Bella', 'Blyth', '20', '80', 6, 297, '91.123.10.175', '9A:8C:DF:FF:A4:7R', '2016-02-29', 1, 3),
(1241, 'Deanna', 'Axton', '20', '81', 7, 119, '91.123.10.177', '9A:8C:DF:FF:A4:7S', '2016-02-29', 1, 3),
(1242, 'Audrey', 'Burbridge', '20', '82', 8, 45, '91.123.10.179', '9A:8C:DF:FF:A4:7T', '2016-02-29', 1, 1),
(1243, 'Ellen', 'Adlam', '20', '83', 5, 114, '91.123.10.181', '9A:8C:DF:FF:A4:7U', '2016-02-29', 1, 2),
(1244, 'Kierra', 'Bercow', '20', '84', 4, 205, '91.123.10.183', '9A:8C:DF:FF:A4:7V', '2016-02-29', 1, 2),
(1245, 'Jennifer', 'Blair', '20', '85', 3, 181, '91.123.10.185', '9A:8C:DF:FF:A4:7W', '2016-02-29', 1, 1),
(1246, 'Deanne', 'Allison', '20', '86', 5, 25, '91.123.10.187', '9A:8C:DF:FF:A4:7X', '2016-02-29', 1, 1),
(1247, 'Loretta', 'Blackmon', '20', '87', 7, 199, '91.123.10.189', '9A:8C:DF:FF:A4:7Y', '2016-02-29', 1, 3),
(1248, 'Anna', 'Butche', '20', '88', 3, 71, '91.123.10.191', '9A:8C:DF:FF:A4:7Z', '2016-02-29', 1, 1),
(1249, 'Jacqueline', 'Axford', '20', '89', 4, 257, '91.123.10.193', '9A:8C:DF:FF:A4:8A', '2016-02-29', 1, 2),
(1250, 'Arda', 'Burns', '20', '90', 7, 287, '91.123.10.195', '9A:8C:DF:FF:A4:8B', '2016-02-29', 1, 2),
(1251, 'F', 'Batchelor', '20', '91', 8, 112, '91.123.10.197', '9A:8C:DF:FF:A4:8C', '2016-02-29', 1, 1);
SET IDENTITY_INSERT tblCustomer OFF;
GO




