USE InternetProviderManagementStudio;
GO

SET IDENTITY_INSERT tblAdministrator ON;
INSERT INTO tblAdministrator (Id, [Login], [Password], Forename, Surname, [Disabled]) VALUES
(1, 'ihor1970', '96e79218965eb72c92a549dd5a330112', 'Ihor', 'Muzyka', 0),
(2, 'bohdan_pro', 'd8578edf8458ce06fbc5bb76a58c5ca4', 'Bohdan', 'Fedorchuk', 0),
(3, 'olz', '2e7ec5fdf343df7fa03de704e3a805a6', 'Olya', 'Zabava', 0);
SET IDENTITY_INSERT tblAdministrator OFF;
GO

SET IDENTITY_INSERT tblTariff ON;
INSERT INTO tblTariff 
(Id, Name, Price, UploadSpeed, DownloadSpeed, Archive, LastChangeInitiatorId)
VALUES
(1, 'Standart', '50', 20, 20, 1, 1),
(2, 'Premiun', '50', 100, 100, 1, 1),
(3, 'Starter', '50', 20, 5, 0, 2),
(4, 'Home basic', '50', 40, 10, 0, 2),
(5, 'Home premium', '50', 50, 40, 0, 2),
(6, 'Proffesional', '50', 100, 40, 0, 2),
(7, 'Ultimate', '50', 100, 100, 0, 2),
(8, 'Business', '50', 250, 100, 0, 2);

SET IDENTITY_INSERT tblTariff OFF;
GO

SET IDENTITY_INSERT tblConnectedHouse ON;
INSERT INTO tblConnectedHouse (Id, City, Street, House, LastChangeInitiatorId)
VALUES
(1, 'Lviv', 'Zelena', '1', 3),
(2, 'Lviv', 'Zelena', '2', 1),
(3, 'Lviv', 'Zelena', '3', 3),
(4, 'Lviv', 'Zelena', '4a', 1),
(5, 'Lviv', 'Zelena', '5', 3),
(6, 'Lviv', 'Zelena', '6', 1),
(7, 'Lviv', 'Zelena', '7', 1),
(8, 'Lviv', 'Naukova', '111', 3),
(9, 'Lviv', 'Naukova', '112', 1),
(10, 'Lviv', 'Naukova', '113', 3),
(11, 'Lviv', 'Naukova', '114b', 3),
(12, 'Lviv', 'Naukova', '144', 1),
(13, 'Lviv', 'Naukova', '145', 3),
(14, 'Lviv', 'Naukova', '146', 1),
(15, 'Lviv', 'Khimichna', '13', 3),
(16, 'Lviv', 'Khimichna', '14', 1),
(17, 'Lviv', 'Khimichna', '15', 3),
(18, 'Lviv', 'Khimichna', '16', 3),
(19, 'Lviv', 'Khimichna', '17', 3),
(20, 'Lviv', 'Khimichna', '18', 1);

SET IDENTITY_INSERT tblConnectedHouse OFF;
GO

SET IDENTITY_INSERT tblCustomer ON;
INSERT INTO tblCustomer (Id, Forename, Surname, HouseId, Flat, TariffId, Balance, IpAddress, MacAddress, LastChargedDate, [State], LastChangeInitiatorId)
VALUES
(1, 'Augusta', 'Armstead', '1', '1', 1, 48, NULL, '9A:8C:DF:21:1D:S6', '2016-02-29', 1, 3),
(2, 'Audrey', 'Barkley', '1', '2', 1, 217, '91.123.1.2', '9A:8C:DF:40:7D:S9', '2016-02-29', 1, 1),
(3, 'Angela', 'Bingley', '1', '3', 4, 164, '91.123.1.3', '9A:8C:DF:18:1D:S6', '2016-02-29', 1, 1),
(4, 'Avis', 'Beasant', '1', '4', 3, 201, '91.123.1.4', '9A:8C:DF:38:3D:S4', '2016-02-29', 1, 1),
(5, 'Lillian', 'Bugden', '1', '5', 1, 267, '91.123.1.5', '9A:8C:DF:70:0D:S2', '2016-02-29', 1, 2),
(6, 'Dede', 'Bayer', '1', '6', 2, 210, '91.123.1.6', '9A:8C:DF:46:5D:S7', '2016-02-29', 1, 1),
(7, 'Cristalyn', 'Bugden', '1', '7', 4, 175, '91.123.1.7', '9A:8C:DF:50:4D:S7', '2016-02-29', 1, 1),
(8, 'Giselle', 'Bott', '1', '8', 2, 267, NULL, '9A:8C:DF:15:6D:S7', '2016-02-29', 1, 3),
(9, 'Avis', 'Bracey', '1', '9', 6, 74, '91.123.1.9', '9A:8C:DF:63:6D:S8', '2016-02-29', 1, 2),
(10, 'Isla', 'Aylesworth', '1', '10', 4, 106, '91.123.1.10', '9A:8C:DF:04:5D:S0', '2016-02-29', 1, 1),
(11, 'Ida', 'Bell', '1', '11', 3, 59, '91.123.1.11', '9A:8C:DF:61:2D:S4', '2016-02-29', 1, 3),
(12, 'Leanne', 'Burbridge', '1', '12', 5, 295, '91.123.1.12', '9A:8C:DF:50:2D:S9', '2016-02-29', 1, 1),
(13, 'Cecilia', 'Ayrton', '1', '13', 4, 69, NULL, '9A:8C:DF:21:9D:S2', '2016-02-29', 1, 1),
(14, 'Honor', 'Abbot', '1', '14', 4, 190, '91.123.1.14', '9A:8C:DF:54:6D:S4', '2016-02-29', 1, 1),
(15, 'Esty', 'Adshead', '1', '15', 2, 29, '91.123.1.15', '9A:8C:DF:75:6D:S3', '2016-02-29', 1, 1),
(16, 'Leyna', 'Arden', '1', '16', 4, 297, '91.123.1.16', '9A:8C:DF:39:1D:S8', '2016-02-29', 1, 2),
(17, 'Eunice', 'Ashdown', '1', '17', 1, 41, '91.123.1.17', '9A:8C:DF:93:1D:S9', '2016-02-29', 1, 2),
(18, 'Antonia', 'Barleycorn', '1', '18', 5, 266, '91.123.1.18', '9A:8C:DF:10:5D:S6', '2016-02-29', 1, 2),
(19, 'Innogen', 'Beacham', '1', '19', 4, 36, NULL, '9A:8C:DF:53:5D:S7', '2016-02-29', 1, 2),
(20, 'Gaynor', 'Ayrton', '1', '20', 5, 294, '91.123.1.20', '9A:8C:DF:30:1D:S0', '2016-02-29', 1, 2),
(21, 'Dede', 'Bayfield', '1', '21', 5, 294, '91.123.1.21', '9A:8C:DF:53:7D:S4', '2016-02-29', 1, 3),
(22, 'Clarissa', 'Bawden', '1', '22', 3, 90, '91.123.1.22', '9A:8C:DF:06:9D:S8', '2016-02-29', 1, 2),
(23, 'Eunice', 'Bracey', '1', '23', 3, 102, '91.123.1.23', '9A:8C:DF:75:8D:S4', '2016-02-29', 1, 1),
(24, 'Brenda', 'Broughton', '1', '24', 3, 297, '91.123.1.24', '9A:8C:DF:28:5D:S1', '2016-02-29', 1, 3),
(25, 'Augusta', 'Bethune', '1', '25', 2, 5, NULL, '9A:8C:DF:18:5D:S2', '2016-02-29', 1, 2),
(26, 'Giselle', 'Aitch', '1', '26', 2, 175, '91.123.1.26', '9A:8C:DF:60:3D:S1', '2016-02-29', 1, 1),
(27, 'Lorelei', 'Begley', '1', '27', 2, 40, '91.123.1.27', '9A:8C:DF:40:4D:S1', '2016-02-29', 1, 2),
(28, 'Celestia', 'Allison', '1', '28', 5, 3, NULL, '9A:8C:DF:96:3D:S0', '2016-02-29', 1, 3),
(29, 'Leanne', 'Adin', '1', '29', 4, 3, '91.123.1.29', '9A:8C:DF:16:8D:S8', '2016-02-29', 1, 2),
(30, 'Bronwen', 'Bayntun', '1', '30', 3, 273, '91.123.1.30', '9A:8C:DF:53:0D:S4', '2016-02-29', 1, 3),
(31, 'B', 'Bancroft', '1', '31', 3, 223, '91.123.1.31', '9A:8C:DF:42:3D:S2', '2016-02-29', 1, 1),
(32, 'Loretta', 'Bloodworth', '1', '32', 2, 141, NULL, '9A:8C:DF:90:3D:S4', '2016-02-29', 1, 2),
(33, 'Jennifer', 'Amory', '1', '33', 4, 186, NULL, '9A:8C:DF:77:8D:S1', '2016-02-29', 1, 3),
(34, 'Gaynor', 'Bence', '1', '34', 6, 46, '91.123.1.34', '9A:8C:DF:56:8D:S8', '2016-02-29', 1, 1),
(35, 'Julianne', 'Austin', '1', '35', 4, 199, '91.123.1.35', '9A:8C:DF:41:9D:S6', '2016-02-29', 1, 3),
(36, 'Eudora', 'Abbot', '1', '36', 4, 27, '91.123.1.36', '9A:8C:DF:97:7D:S4', '2016-02-29', 1, 2),
(37, 'Jemima', 'Baines', '1', '37', 1, 113, '91.123.1.37', '9A:8C:DF:38:1D:S9', '2016-02-29', 1, 3),
(38, 'Cecily', 'Appleton', '1', '38', 3, 94, '91.123.1.38', '9A:8C:DF:55:9D:S0', '2016-02-29', 1, 3),
(39, 'Gertrude', 'Bowes', '1', '39', 2, 95, NULL, '9A:8C:DF:50:7D:S0', '2016-02-29', 1, 2),
(40, 'Jenna', 'Brown', '1', '40', 3, 155, NULL, '9A:8C:DF:41:2D:S0', '2016-02-29', 1, 1),
(41, 'Gwendolen', 'Adlam', '1', '41', 1, 270, '91.123.1.41', '9A:8C:DF:35:2D:S5', '2016-02-29', 1, 2),
(42, 'Elektra', 'Bragg', '1', '42', 5, 197, '91.123.1.42', '9A:8C:DF:00:7D:S0', '2016-02-29', 1, 1),
(43, 'Cynthia', 'Aitchison', '1', '43', 1, 115, '91.123.1.43', '9A:8C:DF:37:9D:S9', '2016-02-29', 1, 1),
(44, 'Clementine', 'Astley', '1', '44', 6, 276, '91.123.1.44', '9A:8C:DF:57:3D:S6', '2016-02-29', 1, 3),
(45, 'Adelaide', 'Bowyer', '1', '45', 2, 145, '91.123.1.45', '9A:8C:DF:92:7D:S7', '2016-02-29', 1, 2),
(46, 'Deanne', 'Bancroft', '1', '46', 2, 299, '91.123.1.46', '9A:8C:DF:59:6D:S9', '2016-02-29', 1, 1),
(47, 'G', 'Bethune', '1', '47', 2, 148, NULL, '9A:8C:DF:29:7D:S4', '2016-02-29', 1, 1),
(48, 'Caroline', 'Bloomfield', '1', '48', 1, 48, '91.123.1.48', '9A:8C:DF:58:5D:S3', '2016-02-29', 1, 3),
(49, 'Alison', 'Akehurst', '1', '49', 1, 169, '91.123.1.49', '9A:8C:DF:90:9D:S1', '2016-02-29', 1, 2),
(50, 'G', 'Anderson', '1', '50', 3, 119, NULL, '9A:8C:DF:34:7D:S2', '2016-02-29', 1, 3),
(51, 'Alberta', 'Beardsley', '1', '51', 2, 177, '91.123.1.51', '9A:8C:DF:62:0D:S9', '2016-02-29', 1, 1),
(52, 'I', 'Barraclough', '1', '52', 2, 3, NULL, '9A:8C:DF:44:7D:S8', '2016-02-29', 1, 1),
(53, 'Bridget', 'Ackroyd', '1', '53', 4, 266, '91.123.1.53', '9A:8C:DF:03:7D:S8', '2016-02-29', 1, 2),
(54, 'Angela', 'Allard', '1', '54', 3, 160, '91.123.1.54', '9A:8C:DF:58:5D:S4', '2016-02-29', 1, 3),
(55, 'Honor', 'Adkins', '1', '55', 6, 274, '91.123.1.55', '9A:8C:DF:18:3D:S1', '2016-02-29', 1, 3),
(56, 'Kierra', 'Boothby', '1', '56', 6, 291, '91.123.1.56', '9A:8C:DF:08:3D:S9', '2016-02-29', 1, 1),
(57, 'Cordelia', 'Beeby', '1', '57', 2, 95, '91.123.1.57', '9A:8C:DF:50:7D:S0', '2016-02-29', 1, 3),
(58, 'Gwendolen', 'Broughton', '1', '58', 2, 260, '91.123.1.58', '9A:8C:DF:10:7D:S9', '2016-02-29', 1, 2),
(59, 'C', 'Buckler', '1', '59', 4, 288, '91.123.1.59', '9A:8C:DF:32:3D:S9', '2016-02-29', 1, 3),
(60, 'Gwendoline', 'Beaton', '1', '60', 4, 105, '91.123.1.60', '9A:8C:DF:18:6D:S7', '2016-02-29', 1, 1),
(61, 'Arda', 'Allard', '1', '61', 2, 134, NULL, '9A:8C:DF:94:0D:S3', '2016-02-29', 1, 2),
(62, 'Leanne', 'Armfield', '1', '62', 3, 162, '91.123.1.62', '9A:8C:DF:40:2D:S5', '2016-02-29', 1, 3),
(63, 'Cynthia', 'Blackman', '1', '63', 5, 59, '91.123.1.63', '9A:8C:DF:13:9D:S2', '2016-02-29', 1, 2),
(64, 'Charlotte', 'Beacham', '1', '64', 6, 207, NULL, '9A:8C:DF:06:1D:S7', '2016-02-29', 1, 3),
(65, 'Leanne', 'Armstrong', '1', '65', 6, 138, '91.123.1.65', '9A:8C:DF:41:0D:S4', '2016-02-29', 1, 1),
(66, 'Audrey', 'Bentley', '1', '66', 1, 4, '91.123.1.66', '9A:8C:DF:42:0D:S3', '2016-02-29', 1, 1),
(67, 'Gertrude', 'Baxter', '1', '67', 5, 285, '91.123.1.67', '9A:8C:DF:42:6D:S2', '2016-02-29', 1, 3),
(68, 'J', 'Bromley-Davenport', '1', '68', 3, 227, '91.123.1.68', '9A:8C:DF:17:3D:S2', '2016-02-29', 1, 2),
(69, 'Laura', 'Aylesworth', '1', '69', 3, 9, NULL, '9A:8C:DF:64:9D:S7', '2016-02-29', 1, 3),
(70, 'Jenna', 'Bedser', '1', '70', 5, 191, '91.123.1.70', '9A:8C:DF:44:0D:S2', '2016-02-29', 1, 2),
(71, 'Bertha', 'Bedingfeld', '1', '71', 5, 216, '91.123.1.71', '9A:8C:DF:21:2D:S1', '2016-02-29', 1, 3),
(72, 'Honor', 'Brown', '1', '72', 6, 230, '91.123.1.72', '9A:8C:DF:29:7D:S6', '2016-02-29', 1, 2),
(73, 'Agnes', 'Bancroft', '1', '73', 6, 90, '91.123.1.73', '9A:8C:DF:11:8D:S5', '2016-02-29', 1, 2),
(74, 'Imogen', 'Blackmon', '1', '74', 1, 215, '91.123.1.74', '9A:8C:DF:34:7D:S5', '2016-02-29', 1, 1),
(75, 'G', 'Allison', '1', '75', 5, 291, NULL, '9A:8C:DF:86:9D:S4', '2016-02-29', 1, 3),
(76, 'Ellen', 'Blackett', '1', '76', 3, 245, '91.123.1.76', '9A:8C:DF:86:5D:S7', '2016-02-29', 1, 1),
(77, 'Agatha', 'Atlee', '1', '77', 5, 241, '91.123.1.77', '9A:8C:DF:08:1D:S3', '2016-02-29', 1, 3),
(78, 'Jenna', 'Arnold', '1', '78', 2, 154, '91.123.1.78', '9A:8C:DF:96:9D:S0', '2016-02-29', 1, 1),
(79, 'Elizabeth', 'Ashley-Cooper', '1', '79', 3, 200, '91.123.1.79', '9A:8C:DF:02:2D:S2', '2016-02-29', 1, 2),
(80, 'Hester', 'Burnham', '1', '80', 1, 94, '91.123.1.80', '9A:8C:DF:33:9D:S9', '2016-02-29', 1, 1),
(81, 'Lorraine', 'Bedser', '1', '81', 4, 181, '91.123.1.81', '9A:8C:DF:25:8D:S9', '2016-02-29', 1, 2),
(82, 'Belinda', 'Bott', '1', '82', 3, 186, '91.123.1.82', '9A:8C:DF:78:0D:S9', '2016-02-29', 1, 1),
(83, 'Hope', 'Beresford', '1', '83', 6, 207, '91.123.1.83', '9A:8C:DF:81:8D:S4', '2016-02-29', 1, 2),
(84, 'Emma', 'Bloodworth', '1', '84', 1, 261, '91.123.1.84', '9A:8C:DF:96:8D:S5', '2016-02-29', 1, 2),
(85, 'Esty', 'Bartholomew', '1', '85', 3, 199, '91.123.1.85', '9A:8C:DF:95:3D:S5', '2016-02-29', 1, 1),
(86, 'E', 'Babbage', '1', '86', 6, 268, '91.123.1.86', '9A:8C:DF:36:9D:S4', '2016-02-29', 1, 1),
(87, 'Annabel', 'Bingham', '1', '87', 3, 98, '91.123.1.87', '9A:8C:DF:47:5D:S4', '2016-02-29', 1, 3),
(88, 'Betsy', 'Adin', '1', '88', 3, 117, '91.123.1.88', '9A:8C:DF:22:2D:S2', '2016-02-29', 1, 1),
(89, 'Cecily', 'Bracey', '1', '89', 2, 40, '91.123.1.89', '9A:8C:DF:17:1D:S3', '2016-02-29', 1, 3),
(90, 'Charity', 'Blackburne', '1', '90', 3, 79, '91.123.1.90', '9A:8C:DF:89:0D:S6', '2016-02-29', 1, 1),
(91, 'Bronwyn', 'Bush', '1', '91', 6, 224, '91.123.1.91', '9A:8C:DF:48:5D:S4', '2016-02-29', 1, 1),
(92, 'Angela', 'Bartholomew', '1', '92', 5, 81, '91.123.1.92', '9A:8C:DF:33:3D:S2', '2016-02-29', 1, 3),
(93, 'Ida', 'Bethune', '1', '93', 2, 220, '91.123.1.93', '9A:8C:DF:47:2D:S9', '2016-02-29', 1, 2),
(94, 'Claribel', 'Auger', '1', '94', 4, 53, '91.123.1.94', '9A:8C:DF:28:5D:S0', '2016-02-29', 1, 3),
(95, 'Cordelia', 'Amory', '1', '95', 5, 42, '91.123.1.95', '9A:8C:DF:89:0D:S2', '2016-02-29', 1, 1),
(96, 'Gwendolen', 'Brackenridge', '2', '1', 5, 96, '91.123.1.96', '9A:8C:DF:71:2D:S6', '2016-02-29', 1, 3),
(97, 'Georgiana', 'Bingham', '2', '2', 5, 267, '91.123.1.97', '9A:8C:DF:75:2D:S7', '2016-02-29', 1, 2),
(98, 'Jessica', 'Axtell', '2', '3', 3, 157, '91.123.1.98', '9A:8C:DF:90:0D:S6', '2016-02-29', 1, 2),
(99, 'Gwen', 'Abbot', '2', '4', 5, 31, '91.123.1.99', '9A:8C:DF:49:8D:S4', '2016-02-29', 1, 2),
(100, 'Imogen', 'Ayrton', '2', '5', 3, 299, '91.123.1.100', '9A:8C:DF:49:2D:S8', '2016-02-29', 1, 1),
(101, 'Denise', 'Bracey', '2', '6', 3, 223, '91.123.1.101', '9A:8C:DF:33:2D:S7', '2016-02-29', 1, 2),
(102, 'Irene', 'Alderdice', '2', '7', 4, 23, '91.123.1.102', '9A:8C:DF:58:6D:S2', '2016-02-29', 1, 2),
(103, 'Karen', 'Blackburne', '2', '8', 6, 88, '91.123.1.103', '9A:8C:DF:49:4D:S7', '2016-02-29', 1, 1),
(104, 'Louis', 'Brackenridge', '2', '9', 2, 157, '91.123.1.104', '9A:8C:DF:85:0D:S3', '2016-02-29', 1, 2),
(105, 'Barbara', 'Blair', '2', '10', 1, 238, '91.123.1.105', '9A:8C:DF:67:3D:S9', '2016-02-29', 1, 1),
(106, 'Glenda', 'Atkinson', '2', '11', 1, 147, NULL, '9A:8C:DF:79:1D:S0', '2016-02-29', 1, 1),
(107, 'Dolores', 'Braithwaite', '2', '12', 3, 204, '91.123.1.107', '9A:8C:DF:98:0D:S9', '2016-02-29', 1, 1),
(108, 'Alberta', 'Bramble', '2', '13', 2, 254, '91.123.1.108', '9A:8C:DF:15:0D:S5', '2016-02-29', 1, 1),
(109, 'J', 'Beevers', '2', '14', 4, 185, '91.123.1.109', '9A:8C:DF:77:7D:S2', '2016-02-29', 1, 2),
(110, 'Kaylee', 'Barker', '2', '15', 6, 49, '91.123.1.110', '9A:8C:DF:32:4D:S1', '2016-02-29', 1, 3),
(111, 'Jacqueline', 'Bingley', '2', '16', 3, 198, '91.123.1.111', '9A:8C:DF:79:2D:S2', '2016-02-29', 1, 1),
(112, 'Belinda', 'Brinkley', '2', '17', 4, 0, '91.123.1.112', '9A:8C:DF:82:8D:S2', '2016-02-29', 1, 3),
(113, 'Bertha', 'Allison', '2', '18', 5, 173, NULL, '9A:8C:DF:68:1D:S9', '2016-02-29', 1, 3),
(114, 'Kim', 'Anstead', '2', '19', 6, 227, NULL, '9A:8C:DF:02:9D:S5', '2016-02-29', 1, 2),
(115, 'Jaime', 'Bedser', '2', '20', 3, 66, NULL, '9A:8C:DF:97:9D:S6', '2016-02-29', 1, 1),
(116, 'Amber', 'Bayles', '2', '21', 2, 82, '91.123.1.116', '9A:8C:DF:68:7D:S2', '2016-02-29', 1, 2),
(117, 'Leanne', 'Bréhal', '2', '22', 2, 124, '91.123.1.117', '9A:8C:DF:00:8D:S7', '2016-02-29', 1, 2),
(118, 'Gwendolyn', 'Babbs', '2', '23', 2, 173, '91.123.1.118', '9A:8C:DF:66:5D:S3', '2016-02-29', 1, 2),
(119, 'Kaylee', 'Brickman', '2', '24', 3, 259, '91.123.1.119', '9A:8C:DF:49:6D:S1', '2016-02-29', 1, 2),
(120, 'Carlene', 'Basford', '2', '25', 4, 16, '91.123.1.120', '9A:8C:DF:92:0D:S0', '2016-02-29', 1, 1),
(121, 'Loretta', 'Bubb', '2', '26', 2, 97, '91.123.1.121', '9A:8C:DF:71:6D:S1', '2016-02-29', 1, 1),
(122, 'Lillian', 'Aylesworth', '2', '27', 3, 274, '91.123.1.122', '9A:8C:DF:04:4D:S6', '2016-02-29', 1, 3),
(123, 'Agatha', 'Barleycorn', '2', '28', 5, 11, '91.123.1.123', '9A:8C:DF:27:2D:S8', '2016-02-29', 1, 1),
(124, 'Claribel', 'Bidder', '2', '29', 4, 39, NULL, '9A:8C:DF:96:0D:S4', '2016-02-29', 1, 1),
(125, 'Celinda', 'Baines', '2', '30', 3, 35, '91.123.1.125', '9A:8C:DF:99:7D:S4', '2016-02-29', 1, 3),
(126, 'E', 'Brewster', '2', '31', 3, 89, '91.123.1.126', '9A:8C:DF:52:2D:S1', '2016-02-29', 1, 1),
(127, 'Adelaide', 'Bromley-Davenport', '2', '32', 5, 283, '91.123.1.127', '9A:8C:DF:38:3D:S5', '2016-02-29', 1, 2),
(128, 'Dora', 'Baily', '2', '33', 6, 161, '91.123.1.128', '9A:8C:DF:69:5D:S3', '2016-02-29', 1, 1),
(129, 'Carolyn', 'Abbott', '2', '34', 5, 53, '91.123.1.129', '9A:8C:DF:42:2D:S9', '2016-02-29', 1, 3),
(130, 'Imelda', 'Barber', '2', '35', 6, 77, '91.123.1.130', '9A:8C:DF:36:5D:S4', '2016-02-29', 1, 2),
(131, 'Anna', 'Blackett', '2', '36', 2, 260, NULL, '9A:8C:DF:19:8D:S8', '2016-02-29', 1, 2),
(132, 'Harriet', 'Berry', '2', '37', 6, 275, '91.123.1.132', '9A:8C:DF:01:5D:S1', '2016-02-29', 1, 1),
(133, 'Anna', 'Bell', '2', '38', 3, 216, '91.123.1.133', '9A:8C:DF:04:6D:S4', '2016-02-29', 1, 1),
(134, 'Alison', 'Bartholomew', '2', '39', 1, 285, '91.123.1.134', '9A:8C:DF:58:8D:S9', '2016-02-29', 1, 2),
(135, 'Ethel', 'Babbs', '2', '40', 3, 121, '91.123.1.135', '9A:8C:DF:04:0D:S3', '2016-02-29', 1, 1),
(136, 'Candy', 'Acton', '2', '41', 2, 61, NULL, '9A:8C:DF:53:4D:S9', '2016-02-29', 1, 1),
(137, 'Henrietta', 'Ashdown', '2', '42', 3, 213, '91.123.1.137', '9A:8C:DF:24:9D:S7', '2016-02-29', 1, 2),
(138, 'Betsy', 'Atkins', '2', '43', 4, 168, '91.123.1.138', '9A:8C:DF:71:9D:S5', '2016-02-29', 1, 3),
(139, 'Gaynor', 'Baskerville', '2', '44', 3, 131, '91.123.1.139', '9A:8C:DF:00:9D:S6', '2016-02-29', 1, 2),
(140, 'Carmelita', 'Baker', '2', '45', 6, 230, '91.123.1.140', '9A:8C:DF:39:6D:S9', '2016-02-29', 1, 3),
(141, 'Gia', 'Beck', '2', '46', 2, 268, '91.123.1.141', '9A:8C:DF:93:7D:S5', '2016-02-29', 1, 2),
(142, 'Cheryl', 'Baines', '2', '47', 6, 45, '91.123.1.142', '9A:8C:DF:28:9D:S8', '2016-02-29', 1, 2),
(143, 'Belinda', 'Beardsley', '2', '48', 2, 33, '91.123.1.143', '9A:8C:DF:83:8D:S6', '2016-02-29', 1, 2),
(144, 'Joelle', 'Beard', '2', '49', 1, 209, NULL, '9A:8C:DF:01:4D:S5', '2016-02-29', 1, 3),
(145, 'Gwenda', 'Babbage', '2', '50', 3, 44, NULL, '9A:8C:DF:84:7D:S1', '2016-02-29', 1, 3),
(146, 'Edna', 'Burney', '2', '51', 6, 145, '91.123.1.146', '9A:8C:DF:02:1D:S7', '2016-02-29', 1, 1),
(147, 'Gwenda', 'Beasant', '2', '52', 1, 33, '91.123.1.147', '9A:8C:DF:73:1D:S9', '2016-02-29', 1, 2),
(148, 'Amber', 'Babbage', '2', '53', 3, 262, '91.123.1.148', '9A:8C:DF:80:1D:S7', '2016-02-29', 1, 1),
(149, 'Christina', 'Bedingfeld', '2', '54', 5, 274, '91.123.1.149', '9A:8C:DF:86:5D:S9', '2016-02-29', 1, 1),
(150, 'Jennifer', 'Afford', '2', '55', 5, 154, NULL, '9A:8C:DF:11:3D:S4', '2016-02-29', 1, 2),
(151, 'Esty', 'Axton', '2', '56', 5, 195, '91.123.1.151', '9A:8C:DF:15:9D:S6', '2016-02-29', 1, 3),
(152, 'Agnes', 'Allred', '2', '57', 3, 118, '91.123.1.152', '9A:8C:DF:08:2D:S1', '2016-02-29', 1, 3),
(153, 'Beatrice', 'Braceful', '2', '58', 2, 252, '91.123.1.153', '9A:8C:DF:05:8D:S5', '2016-02-29', 1, 3),
(154, 'H', 'Blyth', '2', '59', 5, 68, '91.123.1.154', '9A:8C:DF:07:0D:S2', '2016-02-29', 1, 3),
(155, 'Celia', 'Biggins', '2', '60', 6, 23, '91.123.1.155', '9A:8C:DF:67:3D:S7', '2016-02-29', 1, 1),
(156, 'Celinda', 'Buckler', '2', '61', 1, 181, NULL, '9A:8C:DF:70:9D:S9', '2016-02-29', 1, 2),
(157, 'Gemma', 'Blight', '2', '62', 3, 289, NULL, '9A:8C:DF:34:1D:S6', '2016-02-29', 1, 3),
(158, 'Crystal', 'Brack', '2', '63', 6, 122, '91.123.1.158', '9A:8C:DF:59:1D:S7', '2016-02-29', 1, 1),
(159, 'Charmaine', 'Anstead', '2', '64', 1, 103, '91.123.1.159', '9A:8C:DF:75:0D:S8', '2016-02-29', 1, 1),
(160, 'Lauren', 'Boot', '2', '65', 1, 200, '91.123.1.160', '9A:8C:DF:52:9D:S8', '2016-02-29', 1, 3),
(161, 'G', 'Braceful', '3', '1', 1, 260, '91.123.1.161', '9A:8C:DF:97:0D:S8', '2016-02-29', 1, 3),
(162, 'Linda', 'Asbridge', '3', '2', 6, 95, '91.123.1.162', '9A:8C:DF:60:5D:S5', '2016-02-29', 1, 3),
(163, 'Danna', 'Austin', '3', '3', 4, 237, '91.123.1.163', '9A:8C:DF:62:2D:S0', '2016-02-29', 1, 1),
(164, 'Ada', 'Axon', '3', '4', 6, 251, '91.123.1.164', '9A:8C:DF:30:4D:S9', '2016-02-29', 1, 3),
(165, 'Jolie', 'Adin', '3', '5', 6, 74, '91.123.1.165', '9A:8C:DF:52:3D:S7', '2016-02-29', 1, 3),
(166, 'Avis', 'Barker', '3', '6', 2, 14, '91.123.1.166', '9A:8C:DF:22:2D:S2', '2016-02-29', 1, 3),
(167, 'Imelda', 'Beaton', '3', '7', 1, 178, '91.123.1.167', '9A:8C:DF:62:0D:S5', '2016-02-29', 1, 1),
(168, 'Georgiana', 'Bennett', '3', '8', 4, 247, '91.123.1.168', '9A:8C:DF:33:2D:S8', '2016-02-29', 1, 1),
(169, 'Delia', 'Broughton', '3', '9', 3, 20, '91.123.1.169', '9A:8C:DF:69:9D:S9', '2016-02-29', 1, 2),
(170, 'Aubrey', 'Bonniwell', '3', '10', 2, 52, '91.123.1.170', '9A:8C:DF:30:3D:S4', '2016-02-29', 1, 1),
(171, 'Charlotte', 'Atkins', '3', '11', 5, 211, NULL, '9A:8C:DF:58:4D:S1', '2016-02-29', 1, 2),
(172, 'Lilla', 'Burbridge', '3', '12', 3, 46, NULL, '9A:8C:DF:70:9D:S4', '2016-02-29', 1, 1),
(173, 'Helen', 'Auster', '3', '13', 1, 46, '91.123.1.173', '9A:8C:DF:83:3D:S8', '2016-02-29', 1, 2),
(174, 'Charlotte', 'Burke', '3', '14', 6, 168, '91.123.1.174', '9A:8C:DF:11:7D:S7', '2016-02-29', 1, 2),
(175, 'Joanna', 'Beaton', '3', '15', 5, 141, '91.123.1.175', '9A:8C:DF:12:0D:S7', '2016-02-29', 1, 1),
(176, 'Carolyn', 'Akroyd', '3', '16', 6, 80, '91.123.1.176', '9A:8C:DF:02:6D:S7', '2016-02-29', 1, 2),
(177, 'Belinda', 'Barton', '3', '17', 4, 175, NULL, '9A:8C:DF:91:8D:S3', '2016-02-29', 1, 1),
(178, 'Giselle', 'B', '3', '18', 2, 250, NULL, '9A:8C:DF:15:5D:S6', '2016-02-29', 1, 3),
(179, 'Gaynor', 'Axton', '3', '19', 4, 185, NULL, '9A:8C:DF:20:5D:S9', '2016-02-29', 1, 3),
(180, 'Leah', 'Beeby', '3', '20', 6, 73, '91.123.1.180', '9A:8C:DF:38:1D:S2', '2016-02-29', 1, 2),
(181, 'Alice', 'Barry', '3', '21', 5, 174, '91.123.1.181', '9A:8C:DF:98:0D:S9', '2016-02-29', 1, 2),
(182, 'Emma', 'Blackburn', '3', '22', 6, 294, '91.123.1.182', '9A:8C:DF:88:0D:S2', '2016-02-29', 1, 1),
(183, 'Leah', 'Beck', '3', '23', 6, 170, NULL, '9A:8C:DF:03:9D:S3', '2016-02-29', 1, 3),
(184, 'Celia', 'Axtell', '3', '24', 2, 49, '91.123.1.184', '9A:8C:DF:15:0D:S0', '2016-02-29', 1, 2),
(185, 'Cordelia', 'Burney', '3', '25', 5, 148, NULL, '9A:8C:DF:26:0D:S3', '2016-02-29', 1, 2),
(186, 'Flora', 'Brazier', '3', '26', 6, 71, '91.123.1.186', '9A:8C:DF:54:1D:S2', '2016-02-29', 1, 2),
(187, 'Fiona', 'Brightwell', '3', '27', 5, 284, '91.123.1.187', '9A:8C:DF:23:7D:S2', '2016-02-29', 1, 3),
(188, 'Cecily', 'Bradley', '3', '28', 6, 243, '91.123.1.188', '9A:8C:DF:98:4D:S2', '2016-02-29', 1, 1),
(189, 'Dolores', 'Badley', '3', '29', 4, 232, NULL, '9A:8C:DF:43:0D:S5', '2016-02-29', 1, 1),
(190, 'Hester', 'Baxter', '3', '30', 5, 151, '91.123.1.190', '9A:8C:DF:42:7D:S3', '2016-02-29', 1, 1),
(191, 'Kathleen', 'Brazier', '3', '31', 5, 191, NULL, '9A:8C:DF:78:1D:S5', '2016-02-29', 1, 2),
(192, 'Gwendolyn', 'Adlam', '3', '32', 6, 75, '91.123.1.192', '9A:8C:DF:22:9D:S5', '2016-02-29', 1, 3),
(193, 'Julianne', 'Aykroyd', '3', '33', 2, 7, '91.123.1.193', '9A:8C:DF:80:4D:S9', '2016-02-29', 1, 1),
(194, 'Helena', 'Amory', '3', '34', 1, 68, '91.123.1.194', '9A:8C:DF:55:9D:S4', '2016-02-29', 1, 2),
(195, 'Felicity', 'Arnold', '3', '35', 3, 289, '91.123.1.195', '9A:8C:DF:65:4D:S4', '2016-02-29', 1, 2),
(196, 'Bridget', 'Bagshaw', '3', '36', 1, 159, NULL, '9A:8C:DF:56:7D:S6', '2016-02-29', 1, 2),
(197, 'Hannah', 'Baker', '3', '37', 2, 111, '91.123.1.197', '9A:8C:DF:49:6D:S0', '2016-02-29', 1, 2),
(198, 'Gwendolen', 'Auster', '3', '38', 4, 277, NULL, '9A:8C:DF:68:2D:S4', '2016-02-29', 1, 2),
(199, 'Carlene', 'Berry', '3', '39', 1, 90, '91.123.1.199', '9A:8C:DF:39:5D:S0', '2016-02-29', 1, 2),
(200, 'Lara', 'Brazier', '3', '40', 3, 267, '91.123.1.200', '9A:8C:DF:10:1D:S0', '2016-02-29', 1, 1),
(201, 'I', 'Burgess', '3', '41', 3, 267, '91.123.1.201', '9A:8C:DF:98:2D:S3', '2016-02-29', 1, 2),
(202, 'Irene', 'Bayfield', '3', '42', 2, 68, NULL, '9A:8C:DF:02:8D:S3', '2016-02-29', 1, 2),
(203, 'Ellen', 'Babbs', '3', '43', 4, 143, '91.123.1.203', '9A:8C:DF:79:6D:S9', '2016-02-29', 1, 1),
(204, 'Glenda', 'Blair', '3', '44', 2, 115, '91.123.1.204', '9A:8C:DF:22:1D:S2', '2016-02-29', 1, 1),
(205, 'J', 'Austen', '4', '1', 3, 260, '91.123.1.205', '9A:8C:DF:51:5D:S9', '2016-02-29', 1, 3),
(206, 'Augusta', 'Bottomley', '4', '2', 3, 168, NULL, '9A:8C:DF:39:2D:S2', '2016-02-29', 1, 1),
(207, 'Carolyn', 'Austin', '4', '3', 2, 283, '91.123.1.207', '9A:8C:DF:28:5D:S0', '2016-02-29', 1, 3),
(208, 'Angela', 'Benedict', '4', '4', 2, 39, '91.123.1.208', '9A:8C:DF:01:6D:S1', '2016-02-29', 1, 1),
(209, 'Jacqui', 'Adcock', '4', '5', 6, 33, '91.123.1.209', '9A:8C:DF:98:8D:S3', '2016-02-29', 1, 3),
(210, 'Cristalyn', 'Broom', '4', '6', 1, 28, NULL, '9A:8C:DF:49:4D:S8', '2016-02-29', 1, 1),
(211, 'Henrietta', 'Bell', '4', '7', 4, 55, '91.123.1.211', '9A:8C:DF:54:2D:S8', '2016-02-29', 1, 1),
(212, 'Bronwyn', 'Austin', '4', '8', 1, 3, NULL, '9A:8C:DF:22:1D:S4', '2016-02-29', 1, 1),
(213, 'Drusilla', 'Aikin', '4', '9', 2, 51, '91.123.1.213', '9A:8C:DF:15:1D:S8', '2016-02-29', 1, 1),
(214, 'Amy', 'Bird', '4', '10', 5, 291, '91.123.1.214', '9A:8C:DF:15:8D:S2', '2016-02-29', 1, 3),
(215, 'Dorothy', 'Beckford', '4', '11', 1, 296, '91.123.1.215', '9A:8C:DF:07:0D:S8', '2016-02-29', 1, 1),
(216, 'Betsy', 'Braceful', '4', '12', 1, 222, '91.123.1.216', '9A:8C:DF:63:3D:S7', '2016-02-29', 1, 2),
(217, 'Abigail', 'Babbs', '4', '13', 3, 159, NULL, '9A:8C:DF:55:1D:S4', '2016-02-29', 1, 1),
(218, 'Henrietta', 'Beadon', '4', '14', 6, 144, '91.123.1.218', '9A:8C:DF:90:2D:S4', '2016-02-29', 1, 2),
(219, 'Dawn', 'Bayles', '4', '15', 2, 248, '91.123.1.219', '9A:8C:DF:26:0D:S2', '2016-02-29', 1, 3),
(220, 'Josephine', 'Appleyard', '4', '16', 1, 196, '91.123.1.220', '9A:8C:DF:11:4D:S7', '2016-02-29', 1, 1),
(221, 'Faith', 'Biggins', '4', '17', 4, 241, NULL, '9A:8C:DF:69:5D:S0', '2016-02-29', 1, 3),
(222, 'Felicity', 'Aitch', '4', '18', 6, 126, NULL, '9A:8C:DF:50:5D:S4', '2016-02-29', 1, 3),
(223, 'Leah', 'Bayntun', '4', '19', 6, 175, NULL, '9A:8C:DF:54:2D:S5', '2016-02-29', 1, 2),
(224, 'Jacqueline', 'Beevers', '4', '20', 4, 98, '91.123.1.224', '9A:8C:DF:78:4D:S4', '2016-02-29', 1, 2),
(225, 'Daphne', 'Adin', '4', '21', 6, 120, NULL, '9A:8C:DF:73:6D:S4', '2016-02-29', 1, 2),
(226, 'Amelia', 'Bell', '4', '22', 1, 240, NULL, '9A:8C:DF:07:9D:S5', '2016-02-29', 1, 3),
(227, 'Carolynn', 'Bird', '4', '23', 1, 169, '91.123.1.227', '9A:8C:DF:95:5D:S6', '2016-02-29', 1, 2),
(228, 'H', 'Beckford', '4', '24', 1, 2, '91.123.1.228', '9A:8C:DF:85:5D:S2', '2016-02-29', 1, 2),
(229, 'Bronwen', 'Brandis', '4', '25', 5, 27, '91.123.1.229', '9A:8C:DF:15:7D:S1', '2016-02-29', 1, 3),
(230, 'Adelaide', 'Bromfield', '4', '26', 6, 183, '91.123.1.230', '9A:8C:DF:79:3D:S3', '2016-02-29', 1, 2),
(231, 'Bronwyn', 'Bowie', '4', '27', 6, 271, '91.123.1.231', '9A:8C:DF:54:0D:S2', '2016-02-29', 1, 2),
(232, 'Eunice', 'Arnold', '4', '28', 5, 42, '91.123.1.232', '9A:8C:DF:48:9D:S1', '2016-02-29', 1, 3),
(233, 'E', 'Breckenridge', '4', '29', 3, 273, '91.123.1.233', '9A:8C:DF:76:4D:S8', '2016-02-29', 1, 3),
(234, 'Kirsten', 'Applegate', '4', '30', 2, 263, NULL, '9A:8C:DF:48:9D:S3', '2016-02-29', 1, 3),
(235, 'Henrietta', 'Beacham', '4', '31', 3, 227, '91.123.1.235', '9A:8C:DF:81:7D:S9', '2016-02-29', 1, 3),
(236, 'Kierra', 'Ackroyd', '4', '32', 2, 132, '91.123.1.236', '9A:8C:DF:33:0D:S4', '2016-02-29', 1, 1),
(237, 'Laura', 'Abbey', '4', '33', 2, 114, '91.123.1.237', '9A:8C:DF:30:8D:S8', '2016-02-29', 1, 1),
(238, 'Faith', 'Bromley-Davenport', '4', '34', 4, 54, NULL, '9A:8C:DF:93:6D:S7', '2016-02-29', 1, 3),
(239, 'Gaynor', 'Breckenridge', '4', '35', 4, 17, '91.123.1.239', '9A:8C:DF:88:7D:S9', '2016-02-29', 1, 3),
(240, 'Alison', 'Boulting', '4', '36', 4, 89, '91.123.1.240', '9A:8C:DF:62:0D:S3', '2016-02-29', 1, 3),
(241, 'Jane', 'Axford', '4', '37', 6, 216, NULL, '9A:8C:DF:93:0D:S2', '2016-02-29', 1, 3),
(242, 'Lily', 'Blackett', '4', '38', 3, 218, '91.123.1.242', '9A:8C:DF:04:1D:S4', '2016-02-29', 1, 2),
(243, 'Eileen', 'Axford', '4', '39', 6, 299, '91.123.1.243', '9A:8C:DF:73:3D:S1', '2016-02-29', 1, 2),
(244, 'Imogen', 'Austin', '4', '40', 3, 285, '91.123.1.244', '9A:8C:DF:29:8D:S8', '2016-02-29', 1, 3),
(245, 'Eleanor', 'Brackenridge', '4', '41', 4, 17, '91.123.1.245', '9A:8C:DF:34:7D:S8', '2016-02-29', 1, 3),
(246, 'Bronwyn', 'Aldridge', '4', '42', 5, 223, NULL, '9A:8C:DF:44:8D:S5', '2016-02-29', 1, 2),
(247, 'Gaynor', 'Adelson', '4', '43', 6, 209, '91.123.1.247', '9A:8C:DF:63:3D:S8', '2016-02-29', 1, 1),
(248, 'Amanda', 'Blackburn', '4', '44', 2, 130, '91.123.1.248', '9A:8C:DF:67:8D:S0', '2016-02-29', 1, 3),
(249, 'Cynthia', 'Bercow', '4', '45', 3, 66, NULL, '9A:8C:DF:66:6D:S6', '2016-02-29', 1, 2),
(250, 'Kierra', 'Allard', '4', '46', 2, 123, '91.123.1.250', '9A:8C:DF:48:8D:S8', '2016-02-29', 1, 1),
(251, 'Agnes', 'Adin', '4', '47', 6, 214, '91.123.1.251', '9A:8C:DF:57:2D:S6', '2016-02-29', 1, 2),
(252, 'Honor', 'Beer', '4', '48', 5, 217, '91.123.1.252', '9A:8C:DF:95:6D:S3', '2016-02-29', 1, 2),
(253, 'Alvina', 'Bonniwell', '4', '49', 5, 116, NULL, '9A:8C:DF:94:9D:S0', '2016-02-29', 1, 2),
(254, 'Jemima', 'Burke', '4', '50', 6, 240, '91.123.1.254', '9A:8C:DF:36:7D:S3', '2016-02-29', 1, 3),
(255, 'Joey', 'Barber', '4', '51', 6, 4, '91.123.1.255', '9A:8C:DF:33:5D:S3', '2016-02-29', 1, 2),
(256, 'Kirsten', 'Armstead', '4', '52', 3, 86, '91.123.1.256', '9A:8C:DF:22:5D:S4', '2016-02-29', 1, 3),
(257, 'Antonia', 'Brickman', '4', '53', 2, 13, '91.123.1.257', '9A:8C:DF:76:0D:S9', '2016-02-29', 1, 3),
(258, 'Christabel', 'Bowyer', '4', '54', 3, 167, '91.123.1.258', '9A:8C:DF:67:7D:S6', '2016-02-29', 1, 3),
(259, 'Gwendolyn', 'Brewster', '4', '55', 4, 181, '91.123.1.259', '9A:8C:DF:55:6D:S6', '2016-02-29', 1, 2),
(260, 'Adele', 'Aitch', '4', '56', 2, 118, '91.123.1.260', '9A:8C:DF:91:8D:S1', '2016-02-29', 1, 1),
(261, 'Hope', 'Axon', '4', '57', 4, 180, '91.123.1.261', '9A:8C:DF:18:8D:S5', '2016-02-29', 1, 2),
(262, 'Ella', 'Beer', '4', '58', 6, 155, NULL, '9A:8C:DF:23:5D:S3', '2016-02-29', 1, 1),
(263, 'Bridget', 'Brown', '4', '59', 3, 135, '91.123.1.263', '9A:8C:DF:24:9D:S8', '2016-02-29', 1, 3),
(264, 'Ella', 'Bromfield', '4', '60', 4, 195, NULL, '9A:8C:DF:32:9D:S4', '2016-02-29', 1, 2),
(265, 'Irene', 'Bingham', '4', '61', 1, 25, '91.123.1.265', '9A:8C:DF:41:7D:S1', '2016-02-29', 1, 2),
(266, 'Glenda', 'Beevers', '4', '62', 4, 271, '91.123.1.266', '9A:8C:DF:78:1D:S8', '2016-02-29', 1, 3),
(267, 'Gwendolen', 'Brewster', '4', '63', 1, 222, '91.123.1.267', '9A:8C:DF:60:2D:S2', '2016-02-29', 1, 3),
(268, 'Daisy', 'Aldridge', '5', '1', 5, 159, '91.123.1.268', '9A:8C:DF:73:4D:S2', '2016-02-29', 1, 1),
(269, 'Henrietta', 'Breckenridge', '5', '2', 3, 53, '91.123.1.269', '9A:8C:DF:36:8D:S4', '2016-02-29', 1, 2),
(270, 'Averil', 'Akehurst', '5', '3', 4, 292, '91.123.1.270', '9A:8C:DF:63:0D:S3', '2016-02-29', 1, 2),
(271, 'Kaylee', 'Beanland', '5', '4', 1, 157, NULL, '9A:8C:DF:48:3D:S2', '2016-02-29', 1, 3),
(272, 'G', 'Blackburn', '5', '5', 4, 232, '91.123.1.272', '9A:8C:DF:06:5D:S0', '2016-02-29', 1, 1),
(273, 'D', 'Batchelor', '5', '6', 5, 144, '91.123.1.273', '9A:8C:DF:24:7D:S6', '2016-02-29', 1, 3),
(274, 'Deanne', 'Astley', '5', '7', 1, 256, NULL, '9A:8C:DF:16:8D:S9', '2016-02-29', 1, 2),
(275, 'Edna', 'Austen', '5', '8', 4, 146, '91.123.1.275', '9A:8C:DF:44:8D:S0', '2016-02-29', 1, 3),
(276, 'Lois', 'Braithwaite', '5', '9', 6, 34, '91.123.1.276', '9A:8C:DF:46:6D:S7', '2016-02-29', 1, 3),
(277, 'Lorraine', 'Allison', '5', '10', 5, 107, '91.123.1.277', '9A:8C:DF:35:7D:S5', '2016-02-29', 1, 3),
(278, 'Christina', 'Braceful', '5', '11', 4, 189, '91.123.1.278', '9A:8C:DF:08:3D:S5', '2016-02-29', 1, 2),
(279, 'Jennifer', 'Berker', '5', '12', 5, 249, '91.123.1.279', '9A:8C:DF:52:9D:S7', '2016-02-29', 1, 3),
(280, 'Eileen', 'Abbott', '5', '13', 1, 288, '91.123.1.280', '9A:8C:DF:35:2D:S9', '2016-02-29', 1, 2),
(281, 'K', 'Botterill', '5', '14', 2, 76, '91.123.1.281', '9A:8C:DF:11:3D:S3', '2016-02-29', 1, 3),
(282, 'Galenka', 'Baines', '5', '15', 1, 109, '91.123.1.282', '9A:8C:DF:34:8D:S4', '2016-02-29', 1, 3),
(283, 'Andrea', 'Berker', '5', '16', 6, 243, NULL, '9A:8C:DF:36:6D:S1', '2016-02-29', 1, 2),
(284, 'Emma', 'Birdsong', '5', '17', 3, 14, '91.123.1.284', '9A:8C:DF:03:4D:S3', '2016-02-29', 1, 3),
(285, 'Daphne', 'Brimson', '5', '18', 4, 247, '91.123.1.285', '9A:8C:DF:19:7D:S7', '2016-02-29', 1, 1),
(286, 'Lettice', 'Blight', '5', '19', 5, 274, '91.123.1.286', '9A:8C:DF:28:4D:S9', '2016-02-29', 1, 1),
(287, 'Ethel', 'Beard', '5', '20', 2, 263, '91.123.1.287', '9A:8C:DF:99:0D:S8', '2016-02-29', 1, 1),
(288, 'Adele', 'Burbridge', '5', '21', 4, 195, '91.123.1.288', '9A:8C:DF:19:1D:S6', '2016-02-29', 1, 1),
(289, 'Davina', 'Brewer', '5', '22', 6, 23, '91.123.1.289', '9A:8C:DF:88:4D:S5', '2016-02-29', 1, 1),
(290, 'Carolyn', 'Brewster', '5', '23', 3, 33, NULL, '9A:8C:DF:87:7D:S3', '2016-02-29', 1, 1),
(291, 'Berenice', 'Brimson', '5', '24', 6, 202, '91.123.1.291', '9A:8C:DF:91:1D:S2', '2016-02-29', 1, 1),
(292, 'Cathleen', 'Blackmon', '5', '25', 5, 240, '91.123.1.292', '9A:8C:DF:66:1D:S3', '2016-02-29', 1, 2),
(293, 'Agnes', 'Bayfield', '5', '26', 3, 187, '91.123.1.293', '9A:8C:DF:14:4D:S4', '2016-02-29', 1, 3),
(294, 'Eileen', 'Ashbee', '5', '27', 5, 112, '91.123.1.294', '9A:8C:DF:49:2D:S0', '2016-02-29', 1, 2),
(295, 'Hannah', 'Boot', '5', '28', 2, 89, '91.123.1.295', '9A:8C:DF:50:6D:S2', '2016-02-29', 1, 2),
(296, 'Cassandra', 'Benedict', '5', '29', 3, 216, NULL, '9A:8C:DF:74:2D:S7', '2016-02-29', 1, 3),
(297, 'Emma', 'Bloodworth', '5', '30', 5, 165, '91.123.1.297', '9A:8C:DF:09:4D:S8', '2016-02-29', 1, 1),
(298, 'Hero', 'Basford', '5', '31', 1, 254, '91.123.1.298', '9A:8C:DF:22:1D:S6', '2016-02-29', 1, 2),
(299, 'Annabel', 'Bowie', '5', '32', 1, 256, '91.123.1.299', '9A:8C:DF:88:0D:S1', '2016-02-29', 1, 1),
(300, 'Alison', 'Blackmon', '5', '33', 3, 22, '91.123.1.300', '9A:8C:DF:90:6D:S5', '2016-02-29', 1, 3),
(301, 'Galenka', 'Begley', '5', '34', 6, 289, '91.123.1.301', '9A:8C:DF:84:5D:S7', '2016-02-29', 1, 3),
(302, 'Dorothy', 'Auster', '5', '35', 4, 129, '91.123.1.302', '9A:8C:DF:75:8D:S0', '2016-02-29', 1, 3),
(303, 'Bronwyn', 'Brown', '5', '36', 2, 154, NULL, '9A:8C:DF:99:0D:S8', '2016-02-29', 1, 1),
(304, 'Celia', 'Beresford', '5', '37', 4, 197, '91.123.1.304', '9A:8C:DF:58:1D:S9', '2016-02-29', 1, 3),
(305, 'Davina', 'Auster', '5', '38', 2, 62, '91.123.1.305', '9A:8C:DF:70:9D:S2', '2016-02-29', 1, 1),
(306, 'Davina', 'Appleton', '5', '39', 4, 177, '91.123.1.306', '9A:8C:DF:62:3D:S6', '2016-02-29', 1, 3),
(307, 'Joanne', 'Bayntun', '5', '40', 5, 206, '91.123.1.307', '9A:8C:DF:86:9D:S6', '2016-02-29', 1, 1),
(308, 'Joey', 'Barker', '5', '41', 6, 110, '91.123.1.308', '9A:8C:DF:96:1D:S6', '2016-02-29', 1, 2),
(309, 'Leyna', 'Abbott', '5', '42', 5, 165, '91.123.1.309', '9A:8C:DF:10:0D:S8', '2016-02-29', 1, 1),
(310, 'Cassandra', 'Beck', '5', '43', 3, 26, '91.123.1.310', '9A:8C:DF:95:6D:S5', '2016-02-29', 1, 1),
(311, 'B', 'Afford', '5', '44', 2, 279, '91.123.1.311', '9A:8C:DF:02:2D:S0', '2016-02-29', 1, 3),
(312, 'Ada', 'Appleton', '5', '45', 5, 59, '91.123.1.312', '9A:8C:DF:86:1D:S0', '2016-02-29', 1, 2),
(313, 'Jennifer', 'Beeching', '5', '46', 1, 161, '91.123.1.313', '9A:8C:DF:38:7D:S5', '2016-02-29', 1, 2),
(314, 'Cleo', 'Adelson', '5', '47', 4, 197, NULL, '9A:8C:DF:86:8D:S1', '2016-02-29', 1, 2),
(315, 'Joanna', 'Brack', '5', '48', 6, 10, '91.123.1.315', '9A:8C:DF:08:2D:S1', '2016-02-29', 1, 1),
(316, 'Caroline', 'Barton', '5', '49', 4, 293, NULL, '9A:8C:DF:59:7D:S8', '2016-02-29', 1, 1),
(317, 'Arda', 'Beal', '5', '50', 5, 137, '91.123.1.317', '9A:8C:DF:96:0D:S8', '2016-02-29', 1, 1),
(318, 'Autumn', 'Brandis', '5', '51', 1, 112, '91.123.1.318', '9A:8C:DF:95:0D:S4', '2016-02-29', 1, 3),
(319, 'E', 'Bennett', '5', '52', 4, 139, NULL, '9A:8C:DF:94:5D:S4', '2016-02-29', 1, 3),
(320, 'Lauren', 'Brimson', '5', '53', 6, 284, '91.123.1.320', '9A:8C:DF:30:5D:S5', '2016-02-29', 1, 1),
(321, 'Effie', 'Bracey', '5', '54', 3, 19, '91.123.1.321', '9A:8C:DF:33:1D:S2', '2016-02-29', 1, 1),
(322, 'Louis', 'Brimson', '5', '55', 3, 264, '91.123.1.322', '9A:8C:DF:58:2D:S0', '2016-02-29', 1, 2),
(323, 'Ella', 'Abbott', '5', '56', 4, 20, '91.123.1.323', '9A:8C:DF:28:1D:S8', '2016-02-29', 1, 2),
(324, 'L', 'Adkins', '5', '57', 4, 84, '91.123.1.324', '9A:8C:DF:61:5D:S5', '2016-02-29', 1, 3),
(325, 'Flora', 'Attenborough', '5', '58', 3, 66, '91.123.1.325', '9A:8C:DF:05:1D:S2', '2016-02-29', 1, 1),
(326, 'Effie', 'Brayton', '5', '59', 3, 282, '91.123.1.326', '9A:8C:DF:42:3D:S9', '2016-02-29', 1, 3),
(327, 'Eunice', 'Atkin', '5', '60', 3, 243, NULL, '9A:8C:DF:93:0D:S3', '2016-02-29', 1, 1),
(328, 'Cristalyn', 'Atkinson', '5', '61', 5, 28, '91.123.1.328', '9A:8C:DF:26:3D:S2', '2016-02-29', 1, 1),
(329, 'Ida', 'Bott', '5', '62', 6, 238, '91.123.1.329', '9A:8C:DF:05:5D:S6', '2016-02-29', 1, 1),
(330, 'E', 'Bowes', '5', '63', 5, 262, '91.123.1.330', '9A:8C:DF:38:5D:S9', '2016-02-29', 1, 3),
(331, 'Helen', 'Bates', '5', '64', 5, 72, '91.123.1.331', '9A:8C:DF:21:3D:S9', '2016-02-29', 1, 2),
(332, 'Jessica', 'Braithwaite', '5', '65', 1, 233, '91.123.1.332', '9A:8C:DF:74:5D:S8', '2016-02-29', 1, 1),
(333, 'Cristalyn', 'Bottomley', '5', '66', 3, 99, '91.123.1.333', '9A:8C:DF:55:8D:S6', '2016-02-29', 1, 3),
(334, 'Clementine', 'Allison', '5', '67', 3, 137, '91.123.1.334', '9A:8C:DF:20:6D:S1', '2016-02-29', 1, 3),
(335, 'Lara', 'Astle', '5', '68', 5, 73, NULL, '9A:8C:DF:66:8D:S9', '2016-02-29', 1, 2),
(336, 'Lauren', 'Ayrton', '5', '69', 5, 193, '91.123.1.336', '9A:8C:DF:99:4D:S6', '2016-02-29', 1, 1),
(337, 'Gwendolen', 'Babbage', '5', '70', 5, 69, '91.123.1.337', '9A:8C:DF:63:6D:S3', '2016-02-29', 1, 3),
(338, 'Jane', 'Bracey', '5', '71', 3, 46, NULL, '9A:8C:DF:10:2D:S0', '2016-02-29', 1, 3),
(339, 'Kaylee', 'Blackett', '5', '72', 6, 298, '91.123.1.339', '9A:8C:DF:04:8D:S9', '2016-02-29', 1, 2),
(340, 'Charis', 'Beresford', '5', '73', 6, 1, '91.123.1.340', '9A:8C:DF:55:4D:S1', '2016-02-29', 1, 2),
(341, 'Celinda', 'Adshead', '5', '74', 4, 65, '91.123.1.341', '9A:8C:DF:18:5D:S2', '2016-02-29', 1, 2),
(342, 'Joey', 'Braceful', '5', '75', 2, 225, NULL, '9A:8C:DF:94:7D:S4', '2016-02-29', 1, 1),
(343, 'Caroline', 'Beckford', '5', '76', 4, 229, '91.123.1.343', '9A:8C:DF:18:4D:S0', '2016-02-29', 1, 3),
(344, 'Gemma', 'Bidder', '5', '77', 1, 159, '91.123.1.344', '9A:8C:DF:81:6D:S1', '2016-02-29', 1, 2),
(345, 'Barbara', 'Buckler', '5', '78', 4, 187, '91.123.1.345', '9A:8C:DF:43:1D:S7', '2016-02-29', 1, 1),
(346, 'Belinda', 'Brackman', '5', '79', 6, 43, NULL, '9A:8C:DF:74:8D:S8', '2016-02-29', 1, 3),
(347, 'Cecilia', 'Bartholomew', '5', '80', 3, 154, '91.123.1.347', '9A:8C:DF:17:7D:S0', '2016-02-29', 1, 2),
(348, 'Joy', 'Blyth', '5', '81', 4, 240, '91.123.1.348', '9A:8C:DF:20:0D:S0', '2016-02-29', 1, 3),
(349, 'Julianne', 'Blackman', '5', '82', 5, 285, '91.123.1.349', '9A:8C:DF:76:8D:S2', '2016-02-29', 1, 3),
(350, 'Dede', 'Austin', '5', '83', 6, 122, '91.123.1.350', '9A:8C:DF:75:0D:S8', '2016-02-29', 1, 2),
(351, 'I', 'Beaton', '5', '84', 1, 115, NULL, '9A:8C:DF:42:1D:S2', '2016-02-29', 1, 1),
(352, 'Innogen', 'Barleycorn', '5', '85', 5, 269, '91.123.1.352', '9A:8C:DF:57:4D:S8', '2016-02-29', 1, 3),
(353, 'Esty', 'Broom', '5', '86', 4, 49, '91.123.1.353', '9A:8C:DF:58:1D:S4', '2016-02-29', 1, 1),
(354, 'Janie', 'Bush', '5', '87', 2, 153, NULL, '9A:8C:DF:36:2D:S6', '2016-02-29', 1, 1),
(355, 'Faith', 'Beacham', '5', '88', 4, 49, '91.123.1.355', '9A:8C:DF:05:9D:S5', '2016-02-29', 1, 3),
(356, 'Abigail', 'Acton', '5', '89', 1, 258, '91.123.1.356', '9A:8C:DF:79:9D:S3', '2016-02-29', 1, 3),
(357, 'Gaynor', 'Adcock', '5', '90', 5, 31, NULL, '9A:8C:DF:72:2D:S6', '2016-02-29', 1, 2),
(358, 'Lila', 'Bayer', '5', '91', 5, 211, '91.123.1.358', '9A:8C:DF:02:4D:S9', '2016-02-29', 1, 3),
(359, 'Alice', 'Brennan', '5', '92', 4, 168, '91.123.1.359', '9A:8C:DF:78:3D:S5', '2016-02-29', 1, 2),
(360, 'D', 'Blackett', '5', '93', 6, 286, '91.123.1.360', '9A:8C:DF:56:5D:S9', '2016-02-29', 1, 2),
(361, 'Jennifer', 'Atkin', '5', '94', 2, 4, '91.123.1.361', '9A:8C:DF:52:4D:S4', '2016-02-29', 1, 3),
(362, 'Ella', 'Bedingfeld', '5', '95', 6, 130, '91.123.1.362', '9A:8C:DF:73:2D:S9', '2016-02-29', 1, 2),
(363, 'Lauren', 'Bottomley', '6', '1', 2, 49, NULL, '9A:8C:DF:58:1D:S9', '2016-02-29', 1, 2),
(364, 'Jemma', 'Beale', '6', '2', 3, 50, '91.123.1.364', '9A:8C:DF:56:6D:S6', '2016-02-29', 1, 2),
(365, 'Drusilla', 'Brickman', '6', '3', 4, 271, '91.123.1.365', '9A:8C:DF:74:2D:S8', '2016-02-29', 1, 1),
(366, 'Edwina', 'Bedingfeld', '6', '4', 3, 181, '91.123.1.366', '9A:8C:DF:40:8D:S6', '2016-02-29', 1, 3),
(367, 'Cynthia', 'Aylesworth', '6', '5', 4, 178, '91.123.1.367', '9A:8C:DF:04:2D:S8', '2016-02-29', 1, 1),
(368, 'Jaime', 'Bedford', '6', '6', 3, 288, '91.123.1.368', '9A:8C:DF:02:3D:S3', '2016-02-29', 1, 2),
(369, 'Aubrey', 'Beer', '6', '7', 2, 233, '91.123.1.369', '9A:8C:DF:20:8D:S2', '2016-02-29', 1, 1),
(370, 'Flora', 'Bowers', '6', '8', 1, 187, '91.123.1.370', '9A:8C:DF:13:9D:S1', '2016-02-29', 1, 3),
(371, 'Charisse', 'Arden', '6', '9', 3, 223, NULL, '9A:8C:DF:92:4D:S1', '2016-02-29', 1, 3),
(372, 'Charis', 'Berkeley', '6', '10', 4, 29, '91.123.1.372', '9A:8C:DF:71:7D:S7', '2016-02-29', 1, 2),
(373, 'Lillian', 'Bedser', '6', '11', 6, 165, '91.123.1.373', '9A:8C:DF:94:7D:S7', '2016-02-29', 1, 1),
(374, 'Helen', 'Atkin', '6', '12', 2, 173, NULL, '9A:8C:DF:91:4D:S4', '2016-02-29', 1, 3),
(375, 'Agnes', 'Biggins', '6', '13', 5, 134, '91.123.1.375', '9A:8C:DF:92:9D:S7', '2016-02-29', 1, 2),
(376, 'Alaina', 'Berry', '6', '14', 2, 211, '91.123.1.376', '9A:8C:DF:72:8D:S1', '2016-02-29', 1, 2),
(377, 'Dolores', 'Beacham', '6', '15', 4, 277, '91.123.1.377', '9A:8C:DF:04:9D:S8', '2016-02-29', 1, 3),
(378, 'Gwendolen', 'Berry', '6', '16', 2, 228, '91.123.1.378', '9A:8C:DF:38:5D:S5', '2016-02-29', 1, 2),
(379, 'Imogen', 'Bedford', '6', '17', 6, 119, NULL, '9A:8C:DF:00:4D:S7', '2016-02-29', 1, 2),
(380, 'Iona', 'Austin', '6', '18', 2, 12, '91.123.1.380', '9A:8C:DF:59:7D:S2', '2016-02-29', 1, 3),
(381, 'Enid', 'Bagshaw', '6', '19', 1, 252, '91.123.1.381', '9A:8C:DF:43:4D:S2', '2016-02-29', 1, 2),
(382, 'Karen', 'Black', '6', '20', 3, 164, '91.123.1.382', '9A:8C:DF:85:2D:S6', '2016-02-29', 1, 1),
(383, 'Agatha', 'Buckler', '6', '21', 1, 103, '91.123.1.383', '9A:8C:DF:33:2D:S2', '2016-02-29', 1, 3),
(384, 'Chloe', 'Akehurst', '6', '22', 2, 157, '91.123.1.384', '9A:8C:DF:34:1D:S6', '2016-02-29', 1, 3),
(385, 'Imogen', 'Beaton', '6', '23', 2, 81, '91.123.1.385', '9A:8C:DF:09:7D:S3', '2016-02-29', 1, 2),
(386, 'Alanna', 'Bonniwell', '6', '24', 1, 41, '91.123.1.386', '9A:8C:DF:51:7D:S6', '2016-02-29', 1, 2),
(387, 'Amber', 'Adcock', '6', '25', 2, 106, '91.123.1.387', '9A:8C:DF:74:8D:S4', '2016-02-29', 1, 1),
(388, 'Diana', 'Barleycorn', '6', '26', 4, 255, '91.123.1.388', '9A:8C:DF:57:8D:S7', '2016-02-29', 1, 1),
(389, 'Delia', 'Bell', '6', '27', 6, 181, '91.123.1.389', '9A:8C:DF:59:1D:S5', '2016-02-29', 1, 2),
(390, 'Betty', 'Bloodworth', '6', '28', 3, 77, '91.123.1.390', '9A:8C:DF:62:8D:S0', '2016-02-29', 1, 3),
(391, 'Gwendolen', 'Allard', '6', '29', 2, 36, NULL, '9A:8C:DF:61:2D:S7', '2016-02-29', 1, 2),
(392, 'Karen', 'Axton', '6', '30', 1, 152, '91.123.1.392', '9A:8C:DF:41:6D:S4', '2016-02-29', 1, 2),
(393, 'Jennifer', 'Axtell', '6', '31', 2, 273, '91.123.1.393', '9A:8C:DF:79:3D:S0', '2016-02-29', 1, 3),
(394, 'Cadence', 'Bragg', '6', '32', 5, 255, '91.123.1.394', '9A:8C:DF:22:7D:S3', '2016-02-29', 1, 1),
(395, 'Dulcie', 'Bottomley', '6', '33', 3, 27, '91.123.1.395', '9A:8C:DF:86:9D:S2', '2016-02-29', 1, 1),
(396, 'Eunice', 'Bingley', '6', '34', 3, 146, '91.123.1.396', '9A:8C:DF:38:3D:S0', '2016-02-29', 1, 2),
(397, 'Innogen', 'Bowie', '6', '35', 1, 1, NULL, '9A:8C:DF:05:1D:S0', '2016-02-29', 1, 3),
(398, 'Bronwen', 'Barker', '6', '36', 2, 85, '91.123.1.398', '9A:8C:DF:09:1D:S2', '2016-02-29', 1, 1),
(399, 'Alberta', 'Bull', '6', '37', 1, 238, '91.123.1.399', '9A:8C:DF:54:3D:S7', '2016-02-29', 1, 1),
(400, 'Dora', 'Brimson', '6', '38', 5, 271, '91.123.1.400', '9A:8C:DF:66:3D:S8', '2016-02-29', 1, 2),
(401, 'Crystal', 'Beachum', '6', '39', 6, 177, '91.123.1.401', '9A:8C:DF:14:1D:S3', '2016-02-29', 1, 1),
(402, 'Diana', 'Blackburne', '6', '40', 1, 243, '91.123.1.402', '9A:8C:DF:77:3D:S8', '2016-02-29', 1, 3),
(403, 'Gertie', 'Armstrong', '6', '41', 3, 256, NULL, '9A:8C:DF:36:3D:S7', '2016-02-29', 1, 2),
(404, 'Diana', 'Beasant', '6', '42', 3, 191, '91.123.1.404', '9A:8C:DF:50:4D:S7', '2016-02-29', 1, 1),
(405, 'Avis', 'Babbs', '6', '43', 6, 234, '91.123.1.405', '9A:8C:DF:77:9D:S4', '2016-02-29', 1, 3),
(406, 'Lily', 'Atkins', '6', '44', 4, 41, '91.123.1.406', '9A:8C:DF:10:0D:S3', '2016-02-29', 1, 3),
(407, 'Ellen', 'Akroyd', '6', '45', 2, 263, '91.123.1.407', '9A:8C:DF:93:5D:S9', '2016-02-29', 1, 3),
(408, 'Jaime', 'Ashley-Cooper', '6', '46', 4, 241, '91.123.1.408', '9A:8C:DF:22:6D:S1', '2016-02-29', 1, 2),
(409, 'F', 'Blyth', '6', '47', 6, 24, '91.123.1.409', '9A:8C:DF:19:1D:S6', '2016-02-29', 1, 3),
(410, 'Edna', 'Bromfield', '6', '48', 1, 273, '91.123.1.410', '9A:8C:DF:00:0D:S1', '2016-02-29', 1, 3),
(411, 'Delia', 'Atkins', '6', '49', 6, 173, '91.123.1.411', '9A:8C:DF:76:7D:S5', '2016-02-29', 1, 3),
(412, 'L', 'Beachum', '6', '50', 6, 256, NULL, '9A:8C:DF:72:2D:S3', '2016-02-29', 1, 2),
(413, 'Leyna', 'Amory', '6', '51', 6, 74, '91.123.1.413', '9A:8C:DF:80:7D:S2', '2016-02-29', 1, 2),
(414, 'Caroline', 'Appleton', '6', '52', 3, 89, '91.123.1.414', '9A:8C:DF:37:2D:S1', '2016-02-29', 1, 3),
(415, 'Flora', 'Armstrong', '6', '53', 4, 264, '91.123.1.415', '9A:8C:DF:99:2D:S6', '2016-02-29', 1, 3),
(416, 'Jolie', 'Brackenridge', '6', '54', 5, 233, '91.123.1.416', '9A:8C:DF:23:7D:S1', '2016-02-29', 1, 1),
(417, 'Gwendolen', 'Bréhal', '6', '55', 3, 21, '91.123.1.417', '9A:8C:DF:70:6D:S7', '2016-02-29', 1, 3),
(418, 'Agatha', 'Broomhall', '6', '56', 1, 179, '91.123.1.418', '9A:8C:DF:75:9D:S4', '2016-02-29', 1, 2),
(419, 'Leyna', 'Brackman', '6', '57', 1, 172, '91.123.1.419', '9A:8C:DF:44:6D:S4', '2016-02-29', 1, 3),
(420, 'Leah', 'Adin', '6', '58', 1, 15, '91.123.1.420', '9A:8C:DF:77:5D:S3', '2016-02-29', 1, 1),
(421, 'Lauretta', 'Atkin', '6', '59', 4, 220, '91.123.1.421', '9A:8C:DF:97:1D:S9', '2016-02-29', 1, 1),
(422, 'Irene', 'Barber', '6', '60', 2, 226, '91.123.1.422', '9A:8C:DF:87:8D:S4', '2016-02-29', 1, 1),
(423, 'Charis', 'Baskerville', '6', '61', 2, 290, '91.123.1.423', '9A:8C:DF:98:0D:S4', '2016-02-29', 1, 1),
(424, 'Lorelei', 'Burnham', '6', '62', 4, 112, '91.123.1.424', '9A:8C:DF:63:3D:S8', '2016-02-29', 1, 3),
(425, 'Hope', 'Badley', '6', '63', 5, 78, '91.123.1.425', '9A:8C:DF:57:3D:S9', '2016-02-29', 1, 1),
(426, 'Lauren', 'Brewer', '6', '64', 1, 83, '91.123.1.426', '9A:8C:DF:49:5D:S7', '2016-02-29', 1, 3),
(427, 'Arda', 'Blackburne', '6', '65', 4, 241, '91.123.1.427', '9A:8C:DF:77:8D:S2', '2016-02-29', 1, 2),
(428, 'Estelle', 'Bayles', '6', '66', 1, 192, NULL, '9A:8C:DF:97:0D:S9', '2016-02-29', 1, 2),
(429, 'Candy', 'Batchelor', '6', '67', 1, 48, NULL, '9A:8C:DF:18:3D:S5', '2016-02-29', 1, 3),
(430, 'Hope', 'Bowers', '6', '68', 4, 48, '91.123.1.430', '9A:8C:DF:07:8D:S0', '2016-02-29', 1, 1),
(431, 'Jennifer', 'Brennan', '6', '69', 1, 137, '91.123.1.431', '9A:8C:DF:48:5D:S8', '2016-02-29', 1, 3),
(432, 'Jaime', 'Burnham', '6', '70', 4, 79, '91.123.1.432', '9A:8C:DF:65:4D:S5', '2016-02-29', 1, 1),
(433, 'Lauren', 'Barnet', '6', '71', 2, 77, '91.123.1.433', '9A:8C:DF:78:8D:S9', '2016-02-29', 1, 2),
(434, 'Carolyn', 'Braithwaite', '6', '72', 6, 175, '91.123.1.434', '9A:8C:DF:33:6D:S3', '2016-02-29', 1, 3),
(435, 'Carolynn', 'Babbs', '6', '73', 3, 219, NULL, '9A:8C:DF:71:3D:S6', '2016-02-29', 1, 3),
(436, 'Edna', 'Asbridge', '6', '74', 2, 8, NULL, '9A:8C:DF:45:8D:S7', '2016-02-29', 1, 1),
(437, 'Georgiana', 'Acton', '6', '75', 4, 158, '91.123.1.437', '9A:8C:DF:90:0D:S6', '2016-02-29', 1, 1),
(438, 'Cristalyn', 'Brickman', '6', '76', 1, 250, '91.123.1.438', '9A:8C:DF:59:5D:S0', '2016-02-29', 1, 1),
(439, 'Giselle', 'Beard', '6', '77', 2, 8, '91.123.1.439', '9A:8C:DF:05:8D:S1', '2016-02-29', 1, 1),
(440, 'Jennifer', 'Beacham', '6', '78', 6, 105, '91.123.1.440', '9A:8C:DF:28:9D:S1', '2016-02-29', 1, 1),
(441, 'Gwendolyn', 'Akroyd', '6', '79', 5, 155, '91.123.1.441', '9A:8C:DF:51:4D:S2', '2016-02-29', 1, 3),
(442, 'Edith', 'Burke', '6', '80', 5, 203, '91.123.1.442', '9A:8C:DF:08:4D:S6', '2016-02-29', 1, 2),
(443, 'Denise', 'Armfield', '6', '81', 6, 103, NULL, '9A:8C:DF:89:7D:S6', '2016-02-29', 1, 2),
(444, 'Isla', 'Abbot', '6', '82', 3, 222, NULL, '9A:8C:DF:57:6D:S4', '2016-02-29', 1, 1),
(445, 'Kirsten', 'Adlam', '6', '83', 5, 109, '91.123.1.445', '9A:8C:DF:86:2D:S9', '2016-02-29', 1, 1),
(446, 'Cynthia', 'Baily', '6', '84', 2, 152, '91.123.1.446', '9A:8C:DF:42:3D:S1', '2016-02-29', 1, 3),
(447, 'Helen', 'Baker', '6', '85', 5, 179, '91.123.1.447', '9A:8C:DF:45:0D:S2', '2016-02-29', 1, 3),
(448, 'Cheryl', 'Armitstead', '6', '86', 1, 102, '91.123.1.448', '9A:8C:DF:35:4D:S5', '2016-02-29', 1, 2),
(449, 'Carlene', 'Berry', '6', '87', 5, 183, NULL, '9A:8C:DF:37:9D:S8', '2016-02-29', 1, 3),
(450, 'Chelsea', 'Barker', '6', '88', 3, 204, '91.123.1.450', '9A:8C:DF:52:0D:S2', '2016-02-29', 1, 1),
(451, 'Christina', 'Begley', '6', '89', 6, 17, '91.123.1.451', '9A:8C:DF:12:9D:S8', '2016-02-29', 1, 2),
(452, 'Innogen', 'Braxton', '7', '1', 4, 154, '91.123.1.452', '9A:8C:DF:51:3D:S6', '2016-02-29', 1, 3),
(453, 'Eunice', 'Armstead', '7', '2', 3, 171, '91.123.1.453', '9A:8C:DF:73:7D:S1', '2016-02-29', 1, 1),
(454, 'Doreen', 'Armstrong', '7', '3', 2, 58, '91.123.1.454', '9A:8C:DF:67:8D:S0', '2016-02-29', 1, 1),
(455, 'Jacqui', 'Anstead', '7', '4', 3, 299, '91.123.1.455', '9A:8C:DF:58:1D:S5', '2016-02-29', 1, 3),
(456, 'Andrea', 'Bloomfield', '7', '5', 4, 174, '91.123.1.456', '9A:8C:DF:36:4D:S8', '2016-02-29', 1, 2),
(457, 'L', 'Astley', '7', '6', 4, 117, '91.123.1.457', '9A:8C:DF:56:4D:S8', '2016-02-29', 1, 2),
(458, 'Jessie', 'B', '7', '7', 2, 169, '91.123.1.458', '9A:8C:DF:38:3D:S9', '2016-02-29', 1, 2),
(459, 'Kathy', 'Asbridge', '7', '8', 1, 64, '91.123.1.459', '9A:8C:DF:75:6D:S4', '2016-02-29', 1, 1),
(460, 'Ada', 'Atlee', '7', '9', 1, 189, NULL, '9A:8C:DF:55:9D:S5', '2016-02-29', 1, 1),
(461, 'Lauretta', 'Barker', '7', '10', 2, 61, '91.123.1.461', '9A:8C:DF:74:0D:S5', '2016-02-29', 1, 2),
(462, 'Faith', 'Auger', '7', '11', 3, 132, '91.123.1.462', '9A:8C:DF:61:4D:S3', '2016-02-29', 1, 3),
(463, 'Leah', 'Burney', '7', '12', 1, 186, NULL, '9A:8C:DF:53:6D:S3', '2016-02-29', 1, 2),
(464, 'Josephine', 'Braxton', '7', '13', 6, 279, '91.123.1.464', '9A:8C:DF:49:9D:S0', '2016-02-29', 1, 1),
(465, 'Celestia', 'Bedford', '7', '14', 1, 2, '91.123.1.465', '9A:8C:DF:77:5D:S0', '2016-02-29', 1, 2),
(466, 'Dawn', 'Almond', '7', '15', 4, 222, '91.123.1.466', '9A:8C:DF:93:6D:S8', '2016-02-29', 1, 2),
(467, 'Dorothy', 'Bragg', '7', '16', 5, 41, '91.123.1.467', '9A:8C:DF:74:5D:S9', '2016-02-29', 1, 1),
(468, 'Jacqui', 'Ashdown', '7', '17', 3, 27, '91.123.1.468', '9A:8C:DF:39:0D:S9', '2016-02-29', 1, 2),
(469, 'Jane', 'Bloomfield', '7', '18', 4, 251, '91.123.1.469', '9A:8C:DF:72:1D:S7', '2016-02-29', 1, 2),
(470, 'Beatrice', 'Atkins', '7', '19', 1, 133, '91.123.1.470', '9A:8C:DF:48:9D:S4', '2016-02-29', 1, 3),
(471, 'Christabel', 'Armstrong', '7', '20', 4, 293, '91.123.1.471', '9A:8C:DF:17:5D:S2', '2016-02-29', 1, 3),
(472, 'Addys', 'Axton', '7', '21', 5, 52, '91.123.1.472', '9A:8C:DF:72:8D:S0', '2016-02-29', 1, 3),
(473, 'Elektra', 'Axton', '7', '22', 5, 138, '91.123.1.473', '9A:8C:DF:51:9D:S2', '2016-02-29', 1, 1),
(474, 'Estelle', 'Adcock', '7', '23', 4, 283, NULL, '9A:8C:DF:51:6D:S0', '2016-02-29', 1, 3),
(475, 'Lauren', 'Blair', '7', '24', 6, 13, '91.123.1.475', '9A:8C:DF:85:9D:S6', '2016-02-29', 1, 1),
(476, 'Bronwyn', 'Abbot', '7', '25', 6, 177, '91.123.1.476', '9A:8C:DF:04:1D:S0', '2016-02-29', 1, 1),
(477, 'Addys', 'Brickman', '7', '26', 2, 54, NULL, '9A:8C:DF:97:8D:S8', '2016-02-29', 1, 1),
(478, 'Gertrude', 'Bethune', '7', '27', 5, 46, '91.123.1.478', '9A:8C:DF:74:7D:S9', '2016-02-29', 1, 1),
(479, 'Abigail', 'Astley', '7', '28', 2, 50, '91.123.1.479', '9A:8C:DF:51:9D:S4', '2016-02-29', 1, 1),
(480, 'Audrey', 'Burgess', '7', '29', 4, 251, '91.123.1.480', '9A:8C:DF:04:6D:S8', '2016-02-29', 1, 2),
(481, 'Audrey', 'Blight', '7', '30', 1, 101, '91.123.1.481', '9A:8C:DF:52:6D:S6', '2016-02-29', 1, 3),
(482, 'Flora', 'Blyth', '7', '31', 2, 291, NULL, '9A:8C:DF:75:0D:S3', '2016-02-29', 1, 3),
(483, 'Jemma', 'Bonniwell', '7', '32', 3, 160, '91.123.1.483', '9A:8C:DF:60:9D:S2', '2016-02-29', 1, 3),
(484, 'Cordelia', 'Botterill', '7', '33', 6, 131, '91.123.1.484', '9A:8C:DF:21:9D:S6', '2016-02-29', 1, 1),
(485, 'Charis', 'Beanland', '7', '34', 3, 229, '91.123.1.485', '9A:8C:DF:37:5D:S5', '2016-02-29', 1, 1),
(486, 'Doreen', 'Baily', '7', '35', 3, 30, '91.123.1.486', '9A:8C:DF:33:5D:S1', '2016-02-29', 1, 3),
(487, 'Effie', 'Axton', '7', '36', 3, 224, NULL, '9A:8C:DF:88:7D:S0', '2016-02-29', 1, 3),
(488, 'Gemma', 'Bethune', '7', '37', 3, 10, '91.123.1.488', '9A:8C:DF:23:5D:S7', '2016-02-29', 1, 3),
(489, 'Julianne', 'Beanland', '7', '38', 2, 39, '91.123.1.489', '9A:8C:DF:93:7D:S7', '2016-02-29', 1, 2),
(490, 'Lettice', 'Bird', '7', '39', 5, 247, '91.123.1.490', '9A:8C:DF:90:5D:S4', '2016-02-29', 1, 3),
(491, 'Fiona', 'Adcock', '7', '40', 4, 196, '91.123.1.491', '9A:8C:DF:89:3D:S6', '2016-02-29', 1, 2),
(492, 'Lorraine', 'Bowie', '7', '41', 5, 129, '91.123.1.492', '9A:8C:DF:99:2D:S2', '2016-02-29', 1, 2),
(493, 'Dolores', 'Acton', '7', '42', 1, 131, '91.123.1.493', '9A:8C:DF:98:5D:S2', '2016-02-29', 1, 2),
(494, 'Bronwen', 'Brack', '7', '43', 1, 261, '91.123.1.494', '9A:8C:DF:89:6D:S5', '2016-02-29', 1, 2),
(495, 'Alvina', 'Afford', '7', '44', 1, 76, '91.123.1.495', '9A:8C:DF:19:3D:S8', '2016-02-29', 1, 3),
(496, 'Abigail', 'Bowyer', '7', '45', 2, 22, '91.123.1.496', '9A:8C:DF:59:1D:S6', '2016-02-29', 1, 2),
(497, 'Leanne', 'Bagshaw', '7', '46', 1, 64, NULL, '9A:8C:DF:16:8D:S2', '2016-02-29', 1, 1),
(498, 'Agnes', 'Axford', '7', '47', 5, 187, NULL, '9A:8C:DF:38:7D:S8', '2016-02-29', 1, 3),
(499, 'Loretta', 'Beckles', '7', '48', 5, 114, '91.123.1.499', '9A:8C:DF:44:0D:S3', '2016-02-29', 1, 2),
(500, 'Jolie', 'Brackman', '7', '49', 1, 294, '91.123.1.500', '9A:8C:DF:79:9D:S9', '2016-02-29', 1, 2),
(501, 'Estelle', 'Akehurst', '7', '50', 1, 198, '91.123.1.501', '9A:8C:DF:70:6D:S7', '2016-02-29', 1, 1),
(502, 'Gwendolen', 'Armstead', '7', '51', 2, 236, '91.123.1.502', '9A:8C:DF:35:7D:S7', '2016-02-29', 1, 3),
(503, 'Hester', 'Beckles', '7', '52', 3, 175, NULL, '9A:8C:DF:22:7D:S8', '2016-02-29', 1, 2),
(504, 'Delia', 'Burnham', '7', '53', 5, 137, NULL, '9A:8C:DF:94:1D:S5', '2016-02-29', 1, 3),
(505, 'Claribel', 'Brackenridge', '7', '54', 2, 78, '91.123.1.505', '9A:8C:DF:65:2D:S3', '2016-02-29', 1, 2),
(506, 'Augusta', 'Ashley-Cooper', '7', '55', 1, 46, '91.123.1.506', '9A:8C:DF:96:5D:S3', '2016-02-29', 1, 2),
(507, 'Dorothy', 'Bain', '7', '56', 5, 61, '91.123.1.507', '9A:8C:DF:64:8D:S4', '2016-02-29', 1, 3),
(508, 'Lettice', 'Beachum', '7', '57', 1, 5, '91.123.1.508', '9A:8C:DF:82:2D:S5', '2016-02-29', 1, 3),
(509, 'Helene', 'Ackroyd', '7', '58', 3, 168, '91.123.1.509', '9A:8C:DF:18:6D:S7', '2016-02-29', 1, 2),
(510, 'Charmaine', 'Bugden', '7', '59', 5, 293, NULL, '9A:8C:DF:90:0D:S5', '2016-02-29', 1, 2),
(511, 'Carmelita', 'Bloomfield', '7', '60', 5, 188, NULL, '9A:8C:DF:60:1D:S6', '2016-02-29', 1, 3),
(512, 'Irene', 'Barleycorn', '7', '61', 6, 189, '91.123.1.512', '9A:8C:DF:49:2D:S7', '2016-02-29', 1, 2),
(513, 'Joanne', 'Bowie', '7', '62', 1, 28, '91.123.1.513', '9A:8C:DF:97:1D:S7', '2016-02-29', 1, 2),
(514, 'K', 'Amory', '7', '63', 4, 61, '91.123.1.514', '9A:8C:DF:92:7D:S1', '2016-02-29', 1, 3),
(515, 'Annabel', 'Blackman', '7', '64', 6, 285, '91.123.1.515', '9A:8C:DF:90:1D:S0', '2016-02-29', 1, 3),
(516, 'Lorelei', 'Bracey', '7', '65', 3, 13, '91.123.1.516', '9A:8C:DF:46:6D:S2', '2016-02-29', 1, 2),
(517, 'Leanne', 'Bromley-Davenport', '7', '66', 3, 29, '91.123.1.517', '9A:8C:DF:57:7D:S1', '2016-02-29', 1, 3),
(518, 'Bridget', 'Atkin', '7', '67', 1, 282, '91.123.1.518', '9A:8C:DF:17:1D:S4', '2016-02-29', 1, 2),
(519, 'Lorelei', 'Beer', '7', '68', 1, 254, '91.123.1.519', '9A:8C:DF:08:6D:S6', '2016-02-29', 1, 1),
(520, 'Charlotte', 'Beck', '7', '69', 4, 225, '91.123.1.520', '9A:8C:DF:12:8D:S0', '2016-02-29', 1, 1),
(521, 'Berenice', 'Austen', '7', '70', 6, 32, '91.123.1.521', '9A:8C:DF:77:4D:S6', '2016-02-29', 1, 2),
(522, 'H', 'Beeby', '7', '71', 2, 207, '91.123.1.522', '9A:8C:DF:37:5D:S5', '2016-02-29', 1, 3),
(523, 'Jemima', 'Almond', '7', '72', 1, 40, '91.123.1.523', '9A:8C:DF:67:3D:S0', '2016-02-29', 1, 1),
(524, 'Judith', 'Brinkley', '7', '73', 1, 133, NULL, '9A:8C:DF:65:0D:S1', '2016-02-29', 1, 3),
(525, 'Clarissa', 'Barry', '7', '74', 6, 75, NULL, '9A:8C:DF:73:8D:S3', '2016-02-29', 1, 2),
(526, 'Dawn', 'Bloodworth', '7', '75', 3, 39, NULL, '9A:8C:DF:02:8D:S4', '2016-02-29', 1, 1),
(527, 'Agatha', 'Basford', '7', '76', 3, 120, '91.123.1.527', '9A:8C:DF:74:7D:S3', '2016-02-29', 1, 3),
(528, 'Jacqui', 'Braceful', '7', '77', 3, 210, '91.123.1.528', '9A:8C:DF:31:8D:S7', '2016-02-29', 1, 3),
(529, 'Cordelia', 'Bréhal', '7', '78', 6, 160, '91.123.1.529', '9A:8C:DF:15:9D:S1', '2016-02-29', 1, 1),
(530, 'Eleanor', 'Bott', '7', '79', 4, 44, '91.123.1.530', '9A:8C:DF:90:5D:S6', '2016-02-29', 1, 2),
(531, 'Celia', 'Beckford', '7', '80', 4, 175, '91.123.1.531', '9A:8C:DF:53:6D:S5', '2016-02-29', 1, 3),
(532, 'Karen', 'Barkley', '7', '81', 1, 156, '91.123.1.532', '9A:8C:DF:14:8D:S5', '2016-02-29', 1, 2),
(533, 'Candy', 'Beale', '7', '82', 4, 7, NULL, '9A:8C:DF:02:2D:S8', '2016-02-29', 1, 2),
(534, 'Cheryl', 'Begley', '7', '83', 1, 43, '91.123.1.534', '9A:8C:DF:83:4D:S7', '2016-02-29', 1, 1),
(535, 'Joelle', 'Brickman', '7', '84', 3, 97, '91.123.1.535', '9A:8C:DF:16:0D:S4', '2016-02-29', 1, 2),
(536, 'Effie', 'Atkinson', '7', '85', 1, 78, '91.123.1.536', '9A:8C:DF:79:4D:S3', '2016-02-29', 1, 3),
(537, 'Cynthia', 'Adshead', '7', '86', 5, 286, '91.123.1.537', '9A:8C:DF:22:9D:S8', '2016-02-29', 1, 3),
(538, 'Jessica', 'Acheson', '7', '87', 1, 97, '91.123.1.538', '9A:8C:DF:31:2D:S5', '2016-02-29', 1, 1),
(539, 'Cordelia', 'Armitstead', '7', '88', 5, 75, '91.123.1.539', '9A:8C:DF:05:8D:S7', '2016-02-29', 1, 3),
(540, 'Julianne', 'Brewster', '7', '89', 1, 13, '91.123.1.540', '9A:8C:DF:71:4D:S7', '2016-02-29', 1, 1),
(541, 'Josephine', 'Bonniwell', '7', '90', 2, 183, '91.123.1.541', '9A:8C:DF:42:6D:S6', '2016-02-29', 1, 1),
(542, 'H', 'Blair', '7', '91', 6, 58, NULL, '9A:8C:DF:12:5D:S8', '2016-02-29', 1, 2),
(543, 'Imelda', 'Barleycorn', '7', '92', 2, 293, '91.123.1.543', '9A:8C:DF:99:9D:S4', '2016-02-29', 1, 3),
(544, 'Cadence', 'Blackman', '7', '93', 3, 126, NULL, '9A:8C:DF:60:1D:S4', '2016-02-29', 1, 3),
(545, 'Joanna', 'Brickman', '7', '94', 2, 202, NULL, '9A:8C:DF:19:8D:S6', '2016-02-29', 1, 3),
(546, 'Gia', 'Berkeley', '8', '1', 2, 131, '91.123.1.546', '9A:8C:DF:51:6D:S9', '2016-02-29', 1, 2),
(547, 'Cecilia', 'Astle', '8', '2', 6, 258, '91.123.1.547', '9A:8C:DF:24:8D:S7', '2016-02-29', 1, 1),
(548, 'Antonia', 'Alderman', '8', '3', 1, 206, '91.123.1.548', '9A:8C:DF:15:7D:S8', '2016-02-29', 1, 3),
(549, 'Amelia', 'Ayrton', '8', '4', 5, 100, '91.123.1.549', '9A:8C:DF:02:9D:S8', '2016-02-29', 1, 1),
(550, 'Joey', 'Beeching', '8', '5', 3, 52, '91.123.1.550', '9A:8C:DF:63:8D:S2', '2016-02-29', 1, 3),
(551, 'Elektra', 'Burnham', '8', '6', 6, 174, NULL, '9A:8C:DF:55:5D:S6', '2016-02-29', 1, 1),
(552, 'Adele', 'Bayer', '8', '7', 5, 289, '91.123.1.552', '9A:8C:DF:95:5D:S2', '2016-02-29', 1, 3),
(553, 'Loretta', 'Beale', '8', '8', 1, 207, NULL, '9A:8C:DF:56:9D:S1', '2016-02-29', 1, 1),
(554, 'Joanne', 'Blight', '8', '9', 3, 277, '91.123.1.554', '9A:8C:DF:04:1D:S9', '2016-02-29', 1, 1),
(555, 'Faith', 'Bird', '8', '10', 3, 177, '91.123.1.555', '9A:8C:DF:38:5D:S7', '2016-02-29', 1, 2),
(556, 'B', 'Bréhal', '8', '11', 4, 116, '91.123.1.556', '9A:8C:DF:99:1D:S2', '2016-02-29', 1, 3),
(557, 'L', 'Beevers', '8', '12', 3, 124, '91.123.1.557', '9A:8C:DF:39:8D:S5', '2016-02-29', 1, 2),
(558, 'Elizabeth', 'Bagshaw', '8', '13', 4, 55, NULL, '9A:8C:DF:31:4D:S6', '2016-02-29', 1, 3),
(559, 'Imelda', 'Akehurst', '8', '14', 2, 149, '91.123.1.559', '9A:8C:DF:91:0D:S9', '2016-02-29', 1, 2),
(560, 'Beatrice', 'Astle', '8', '15', 6, 30, '91.123.1.560', '9A:8C:DF:92:9D:S1', '2016-02-29', 1, 3),
(561, 'Dawn', 'Abbot', '8', '16', 1, 115, '91.123.1.561', '9A:8C:DF:73:3D:S0', '2016-02-29', 1, 2),
(562, 'Kathy', 'Beal', '8', '17', 4, 104, '91.123.1.562', '9A:8C:DF:83:9D:S3', '2016-02-29', 1, 2),
(563, 'Barbara', 'Broom', '8', '18', 6, 16, '91.123.1.563', '9A:8C:DF:24:4D:S0', '2016-02-29', 1, 2),
(564, 'Anna', 'Anderson', '8', '19', 2, 266, '91.123.1.564', '9A:8C:DF:70:8D:S3', '2016-02-29', 1, 1),
(565, 'Gwendolyn', 'Brack', '8', '20', 1, 104, '91.123.1.565', '9A:8C:DF:66:5D:S9', '2016-02-29', 1, 2),
(566, 'Gertrude', 'Auster', '8', '21', 4, 200, '91.123.1.566', '9A:8C:DF:41:9D:S1', '2016-02-29', 1, 3),
(567, 'Christina', 'Breckenridge', '8', '22', 3, 211, '91.123.1.567', '9A:8C:DF:71:6D:S8', '2016-02-29', 1, 2),
(568, 'J', 'Bedingfeld', '8', '23', 4, 38, '91.123.1.568', '9A:8C:DF:38:4D:S4', '2016-02-29', 1, 2),
(569, 'Gaynor', 'Buckler', '8', '24', 3, 196, '91.123.1.569', '9A:8C:DF:85:6D:S2', '2016-02-29', 1, 1),
(570, 'Eudora', 'Alderman', '8', '25', 4, 152, '91.123.1.570', '9A:8C:DF:74:3D:S8', '2016-02-29', 1, 3),
(571, 'E', 'Abbot', '8', '26', 5, 165, '91.123.1.571', '9A:8C:DF:07:4D:S8', '2016-02-29', 1, 1),
(572, 'Galenka', 'Blackburn', '8', '27', 3, 195, NULL, '9A:8C:DF:33:6D:S9', '2016-02-29', 1, 3),
(573, 'Bella', 'Beer', '8', '28', 3, 224, '91.123.1.573', '9A:8C:DF:69:0D:S2', '2016-02-29', 1, 1),
(574, 'Kirsten', 'Begley', '8', '29', 5, 188, '91.123.1.574', '9A:8C:DF:52:9D:S0', '2016-02-29', 1, 3),
(575, 'Antonia', 'Alderman', '8', '30', 5, 12, '91.123.1.575', '9A:8C:DF:86:9D:S2', '2016-02-29', 1, 2),
(576, 'Delia', 'Bottomley', '8', '31', 3, 32, '91.123.1.576', '9A:8C:DF:86:9D:S6', '2016-02-29', 1, 3),
(577, 'Augusta', 'Biggins', '8', '32', 2, 236, NULL, '9A:8C:DF:90:8D:S5', '2016-02-29', 1, 3),
(578, 'Belinda', 'Baxter', '8', '33', 4, 80, '91.123.1.578', '9A:8C:DF:07:3D:S2', '2016-02-29', 1, 1),
(579, 'Alaina', 'Bull', '8', '34', 5, 202, '91.123.1.579', '9A:8C:DF:12:5D:S9', '2016-02-29', 1, 1),
(580, 'Lila', 'Atkinson', '8', '35', 2, 33, '91.123.1.580', '9A:8C:DF:48:0D:S6', '2016-02-29', 1, 2),
(581, 'Judith', 'Bottrill', '8', '36', 3, 157, NULL, '9A:8C:DF:91:0D:S5', '2016-02-29', 1, 2),
(582, 'Arda', 'Austin', '8', '37', 5, 192, '91.123.1.582', '9A:8C:DF:18:5D:S1', '2016-02-29', 1, 1),
(583, 'Jaime', 'Baxter', '8', '38', 6, 117, '91.123.1.583', '9A:8C:DF:81:5D:S7', '2016-02-29', 1, 1),
(584, 'Cadence', 'Bowers', '8', '39', 4, 237, '91.123.1.584', '9A:8C:DF:25:3D:S2', '2016-02-29', 1, 2),
(585, 'Adele', 'Anderson', '8', '40', 1, 96, '91.123.1.585', '9A:8C:DF:65:6D:S2', '2016-02-29', 1, 2),
(586, 'Gwendoline', 'Austen', '8', '41', 6, 144, '91.123.1.586', '9A:8C:DF:48:0D:S7', '2016-02-29', 1, 2),
(587, 'Jemima', 'Benedict', '8', '42', 3, 108, '91.123.1.587', '9A:8C:DF:36:9D:S4', '2016-02-29', 1, 2),
(588, 'Glenda', 'Beanland', '8', '43', 2, 146, '91.123.1.588', '9A:8C:DF:63:5D:S3', '2016-02-29', 1, 1),
(589, 'Clarissa', 'Beeby', '8', '44', 2, 94, '91.123.1.589', '9A:8C:DF:99:1D:S0', '2016-02-29', 1, 3),
(590, 'Destiny', 'Beckles', '8', '45', 4, 245, '91.123.1.590', '9A:8C:DF:47:6D:S9', '2016-02-29', 1, 3),
(591, 'Adelaide', 'Bingley', '8', '46', 1, 169, '91.123.1.591', '9A:8C:DF:10:3D:S2', '2016-02-29', 1, 1),
(592, 'Addys', 'Atlee', '8', '47', 5, 205, '91.123.1.592', '9A:8C:DF:22:0D:S8', '2016-02-29', 1, 2),
(593, 'Dede', 'Beacham', '8', '48', 5, 207, NULL, '9A:8C:DF:09:4D:S6', '2016-02-29', 1, 3),
(594, 'Joy', 'Blackmon', '8', '49', 5, 172, '91.123.1.594', '9A:8C:DF:64:7D:S5', '2016-02-29', 1, 2),
(595, 'Leah', 'Beeby', '8', '50', 6, 295, '91.123.1.595', '9A:8C:DF:18:8D:S6', '2016-02-29', 1, 2),
(596, 'Barbara', 'Blight', '8', '51', 5, 128, NULL, '9A:8C:DF:58:4D:S3', '2016-02-29', 1, 3),
(597, 'Belinda', 'Bedford', '8', '52', 5, 157, NULL, '9A:8C:DF:35:1D:S6', '2016-02-29', 1, 2),
(598, 'Joanna', 'Beardsley', '8', '53', 4, 149, '91.123.1.598', '9A:8C:DF:86:8D:S9', '2016-02-29', 1, 1),
(599, 'Carmelita', 'Allred', '8', '54', 5, 284, '91.123.1.599', '9A:8C:DF:18:2D:S2', '2016-02-29', 1, 2),
(600, 'Judith', 'Buckler', '8', '55', 3, 259, NULL, '9A:8C:DF:38:3D:S7', '2016-02-29', 1, 2),
(601, 'Galenka', 'Boot', '8', '56', 2, 60, '91.123.1.601', '9A:8C:DF:61:3D:S8', '2016-02-29', 1, 2),
(602, 'Lettice', 'Burns', '8', '57', 4, 87, '91.123.1.602', '9A:8C:DF:07:8D:S9', '2016-02-29', 1, 1),
(603, 'Doreen', 'Babbage', '8', '58', 6, 24, '91.123.1.603', '9A:8C:DF:81:6D:S2', '2016-02-29', 1, 1),
(604, 'Alberta', 'Atkinson', '8', '59', 1, 143, '91.123.1.604', '9A:8C:DF:48:5D:S1', '2016-02-29', 1, 3),
(605, 'Liana', 'Beckford', '8', '60', 3, 229, '91.123.1.605', '9A:8C:DF:84:1D:S4', '2016-02-29', 1, 1),
(606, 'Glenda', 'Butche', '8', '61', 3, 189, '91.123.1.606', '9A:8C:DF:28:1D:S5', '2016-02-29', 1, 3),
(607, 'Estelle', 'Bedford', '8', '62', 1, 207, '91.123.1.607', '9A:8C:DF:68:0D:S8', '2016-02-29', 1, 3),
(608, 'Avis', 'Appleyard', '8', '63', 5, 278, '91.123.1.608', '9A:8C:DF:99:1D:S4', '2016-02-29', 1, 3),
(609, 'Lorraine', 'Astle', '9', '1', 1, 166, '91.123.1.609', '9A:8C:DF:84:4D:S2', '2016-02-29', 1, 2),
(610, 'Iona', 'Abbey', '9', '2', 1, 137, NULL, '9A:8C:DF:46:3D:S9', '2016-02-29', 1, 3),
(611, 'Crystal', 'Axon', '9', '3', 3, 10, '91.123.1.611', '9A:8C:DF:25:4D:S0', '2016-02-29', 1, 1),
(612, 'Jacqui', 'Black', '9', '4', 5, 152, '91.123.1.612', '9A:8C:DF:39:1D:S3', '2016-02-29', 1, 3),
(613, 'Delia', 'Beevers', '9', '5', 4, 104, '91.123.1.613', '9A:8C:DF:15:4D:S7', '2016-02-29', 1, 2),
(614, 'Cecily', 'Bowes', '9', '6', 4, 234, '91.123.1.614', '9A:8C:DF:67:0D:S1', '2016-02-29', 1, 3),
(615, 'Chloe', 'Abbot', '9', '7', 3, 277, '91.123.1.615', '9A:8C:DF:01:6D:S9', '2016-02-29', 1, 1),
(616, 'Flora', 'Bedingfeld', '9', '8', 6, 17, '91.123.1.616', '9A:8C:DF:77:0D:S6', '2016-02-29', 1, 1),
(617, 'Imogen', 'Adelson', '9', '9', 5, 204, '91.123.1.617', '9A:8C:DF:91:0D:S4', '2016-02-29', 1, 3),
(618, 'Ellen', 'Braxton', '9', '10', 1, 191, '91.123.1.618', '9A:8C:DF:41:6D:S4', '2016-02-29', 1, 2),
(619, 'Lorraine', 'Buckler', '9', '11', 4, 202, '91.123.1.619', '9A:8C:DF:78:5D:S2', '2016-02-29', 1, 1),
(620, 'Lorna', 'Blair', '9', '12', 3, 246, '91.123.1.620', '9A:8C:DF:23:6D:S8', '2016-02-29', 1, 3),
(621, 'Lillian', 'Allum', '9', '13', 2, 28, '91.123.1.621', '9A:8C:DF:75:2D:S5', '2016-02-29', 1, 1),
(622, 'Galenka', 'Adelson', '9', '14', 4, 85, NULL, '9A:8C:DF:74:0D:S8', '2016-02-29', 1, 1),
(623, 'B', 'Bence', '9', '15', 5, 22, '91.123.1.623', '9A:8C:DF:83:2D:S6', '2016-02-29', 1, 1),
(624, 'Anna', 'Beamont', '9', '16', 5, 188, NULL, '9A:8C:DF:87:4D:S0', '2016-02-29', 1, 1),
(625, 'Brenda', 'Bedford', '9', '17', 6, 18, '91.123.1.625', '9A:8C:DF:91:1D:S5', '2016-02-29', 1, 1),
(626, 'Janie', 'Auster', '9', '18', 6, 165, '91.123.1.626', '9A:8C:DF:33:1D:S2', '2016-02-29', 1, 3),
(627, 'Cleo', 'Axton', '9', '19', 5, 75, '91.123.1.627', '9A:8C:DF:02:9D:S8', '2016-02-29', 1, 2),
(628, 'Amanda', 'Adlam', '9', '20', 6, 216, '91.123.1.628', '9A:8C:DF:55:7D:S3', '2016-02-29', 1, 3),
(629, 'Hope', 'Arnold', '9', '21', 5, 107, '91.123.1.629', '9A:8C:DF:86:2D:S9', '2016-02-29', 1, 1),
(630, 'Felicity', 'Beeby', '9', '22', 2, 93, '91.123.1.630', '9A:8C:DF:88:7D:S0', '2016-02-29', 1, 3),
(631, 'Hero', 'Allum', '9', '23', 2, 34, '91.123.1.631', '9A:8C:DF:73:1D:S4', '2016-02-29', 1, 1),
(632, 'Jaime', 'Beckles', '9', '24', 5, 107, '91.123.1.632', '9A:8C:DF:16:3D:S7', '2016-02-29', 1, 1),
(633, 'Dora', 'Adcock', '9', '25', 1, 265, '91.123.1.633', '9A:8C:DF:58:6D:S9', '2016-02-29', 1, 1),
(634, 'Irene', 'Brazier', '9', '26', 5, 196, NULL, '9A:8C:DF:59:5D:S1', '2016-02-29', 1, 3),
(635, 'Edith', 'Beale', '9', '27', 5, 234, NULL, '9A:8C:DF:07:8D:S2', '2016-02-29', 1, 2),
(636, 'Carolynn', 'Beck', '9', '28', 6, 227, NULL, '9A:8C:DF:60:3D:S2', '2016-02-29', 1, 3),
(637, 'K', 'Bloomfield', '9', '29', 2, 41, NULL, '9A:8C:DF:97:1D:S1', '2016-02-29', 1, 2),
(638, 'Bridget', 'Aitchison', '9', '30', 1, 2, '91.123.1.638', '9A:8C:DF:92:2D:S6', '2016-02-29', 1, 3),
(639, 'Jacqui', 'Ackroyd', '9', '31', 3, 94, '91.123.1.639', '9A:8C:DF:28:9D:S4', '2016-02-29', 1, 2),
(640, 'Ellen', 'Bedingfeld', '9', '32', 2, 148, '91.123.1.640', '9A:8C:DF:73:6D:S3', '2016-02-29', 1, 1),
(641, 'Carolyn', 'Beeby', '9', '33', 5, 219, '91.123.1.641', '9A:8C:DF:13:9D:S9', '2016-02-29', 1, 1),
(642, 'Dorothy', 'Bowie', '9', '34', 5, 123, '91.123.1.642', '9A:8C:DF:83:8D:S1', '2016-02-29', 1, 1),
(643, 'Alice', 'Bowyer', '9', '35', 5, 183, '91.123.1.643', '9A:8C:DF:67:6D:S1', '2016-02-29', 1, 1),
(644, 'Gwenda', 'Beck', '9', '36', 6, 95, '91.123.1.644', '9A:8C:DF:23:6D:S8', '2016-02-29', 1, 3),
(645, 'Joelle', 'Brinkley', '9', '37', 1, 40, '91.123.1.645', '9A:8C:DF:78:8D:S5', '2016-02-29', 1, 1),
(646, 'Deborah', 'Bawden', '9', '38', 4, 62, NULL, '9A:8C:DF:48:0D:S7', '2016-02-29', 1, 3),
(647, 'Davina', 'Bloomer', '9', '39', 6, 282, '91.123.1.647', '9A:8C:DF:98:4D:S8', '2016-02-29', 1, 3),
(648, 'Elizabeth', 'Blackburn', '9', '40', 1, 73, NULL, '9A:8C:DF:17:6D:S5', '2016-02-29', 1, 1),
(649, 'Joey', 'Brightwell', '9', '41', 1, 20, '91.123.1.649', '9A:8C:DF:19:6D:S0', '2016-02-29', 1, 1),
(650, 'Davina', 'Austen', '9', '42', 6, 17, '91.123.1.650', '9A:8C:DF:10:0D:S4', '2016-02-29', 1, 1),
(651, 'Jolie', 'Barber', '9', '43', 1, 261, '91.123.1.651', '9A:8C:DF:74:3D:S8', '2016-02-29', 1, 1),
(652, 'Henrietta', 'Armstead', '9', '44', 4, 139, '91.123.1.652', '9A:8C:DF:46:7D:S3', '2016-02-29', 1, 2),
(653, 'Lila', 'Armstrong', '9', '45', 3, 194, NULL, '9A:8C:DF:27:9D:S7', '2016-02-29', 1, 1),
(654, 'Antonia', 'Blackett', '9', '46', 1, 100, '91.123.1.654', '9A:8C:DF:48:2D:S5', '2016-02-29', 1, 3),
(655, 'J', 'Bethune', '9', '47', 5, 279, '91.123.1.655', '9A:8C:DF:17:4D:S0', '2016-02-29', 1, 3),
(656, 'E', 'Atkinson', '9', '48', 5, 3, NULL, '9A:8C:DF:60:4D:S5', '2016-02-29', 1, 1),
(657, 'Lois', 'Beal', '9', '49', 4, 179, '91.123.1.657', '9A:8C:DF:90:2D:S0', '2016-02-29', 1, 2),
(658, 'Hester', 'Bates', '9', '50', 2, 121, '91.123.1.658', '9A:8C:DF:33:4D:S1', '2016-02-29', 1, 1),
(659, 'Elektra', 'Axon', '9', '51', 6, 232, '91.123.1.659', '9A:8C:DF:89:1D:S1', '2016-02-29', 1, 3),
(660, 'Dorothy', 'Baker', '9', '52', 4, 57, '91.123.1.660', '9A:8C:DF:20:2D:S9', '2016-02-29', 1, 2),
(661, 'Audrey', 'Beard', '9', '53', 3, 163, NULL, '9A:8C:DF:09:3D:S3', '2016-02-29', 1, 3),
(662, 'Cecilia', 'Bedser', '9', '54', 2, 122, '91.123.1.662', '9A:8C:DF:66:7D:S8', '2016-02-29', 1, 1),
(663, 'Amelia', 'Bubb', '9', '55', 1, 70, '91.123.1.663', '9A:8C:DF:37:0D:S4', '2016-02-29', 1, 2),
(664, 'Carolynn', 'Altman', '9', '56', 4, 209, '91.123.1.664', '9A:8C:DF:98:3D:S4', '2016-02-29', 1, 3),
(665, 'June', 'Bedser', '9', '57', 5, 55, '91.123.1.665', '9A:8C:DF:81:2D:S3', '2016-02-29', 1, 1),
(666, 'Gwendolen', 'Auster', '9', '58', 3, 229, '91.123.1.666', '9A:8C:DF:14:1D:S4', '2016-02-29', 1, 3),
(667, 'Carolynn', 'Broom', '9', '59', 6, 255, '91.123.1.667', '9A:8C:DF:10:5D:S3', '2016-02-29', 1, 3),
(668, 'Jessica', 'Axon', '9', '60', 2, 12, NULL, '9A:8C:DF:51:9D:S6', '2016-02-29', 1, 1),
(669, 'Candy', 'Beck', '9', '61', 5, 69, '91.123.1.669', '9A:8C:DF:97:7D:S2', '2016-02-29', 1, 3),
(670, 'Hero', 'Brennan', '10', '1', 4, 158, '91.123.1.670', '9A:8C:DF:69:5D:S4', '2016-02-29', 1, 3),
(671, 'F', 'Bréhal', '10', '2', 4, 133, NULL, '9A:8C:DF:93:4D:S8', '2016-02-29', 1, 1),
(672, 'Edwina', 'Beal', '10', '3', 2, 225, '91.123.1.672', '9A:8C:DF:16:0D:S7', '2016-02-29', 1, 2),
(673, 'Celinda', 'Attenborough', '10', '4', 4, 81, '91.123.1.673', '9A:8C:DF:47:5D:S3', '2016-02-29', 1, 3),
(674, 'Averil', 'Barton', '10', '5', 2, 100, '91.123.1.674', '9A:8C:DF:62:7D:S4', '2016-02-29', 1, 3),
(675, 'Clementine', 'Axford', '10', '6', 3, 230, '91.123.1.675', '9A:8C:DF:15:7D:S8', '2016-02-29', 1, 3),
(676, 'Adelaide', 'Bubb', '10', '7', 5, 12, '91.123.1.676', '9A:8C:DF:23:2D:S3', '2016-02-29', 1, 3),
(677, 'Brenda', 'Brennan', '10', '8', 1, 10, '91.123.1.677', '9A:8C:DF:02:9D:S0', '2016-02-29', 1, 1),
(678, 'Lorelei', 'Brennan', '10', '9', 4, 219, '91.123.1.678', '9A:8C:DF:98:7D:S1', '2016-02-29', 1, 3),
(679, 'Joey', 'Acheson', '10', '10', 5, 176, '91.123.1.679', '9A:8C:DF:26:2D:S7', '2016-02-29', 1, 2),
(680, 'Cristalyn', 'Burnham', '10', '11', 3, 167, '91.123.1.680', '9A:8C:DF:41:3D:S8', '2016-02-29', 1, 1),
(681, 'Lily', 'Bird', '10', '12', 5, 234, '91.123.1.681', '9A:8C:DF:13:0D:S9', '2016-02-29', 1, 2),
(682, 'Diana', 'Beck', '10', '13', 1, 126, '91.123.1.682', '9A:8C:DF:11:5D:S2', '2016-02-29', 1, 3),
(683, 'Diana', 'Acheson', '10', '14', 2, 212, '91.123.1.683', '9A:8C:DF:94:0D:S9', '2016-02-29', 1, 2),
(684, 'Joan', 'Beacham', '10', '15', 6, 34, '91.123.1.684', '9A:8C:DF:13:9D:S8', '2016-02-29', 1, 3),
(685, 'Jolie', 'Beer', '10', '16', 2, 44, '91.123.1.685', '9A:8C:DF:89:0D:S4', '2016-02-29', 1, 2),
(686, 'Charity', 'Bethune', '10', '17', 2, 30, '91.123.1.686', '9A:8C:DF:94:9D:S0', '2016-02-29', 1, 3),
(687, 'Innogen', 'Baily', '10', '18', 1, 118, '91.123.1.687', '9A:8C:DF:95:9D:S4', '2016-02-29', 1, 3),
(688, 'Joey', 'Atlee', '10', '19', 5, 157, '91.123.1.688', '9A:8C:DF:87:0D:S7', '2016-02-29', 1, 3),
(689, 'Andrea', 'Barleycorn', '10', '20', 4, 93, NULL, '9A:8C:DF:13:8D:S4', '2016-02-29', 1, 1),
(690, 'Hester', 'Baker', '10', '21', 5, 7, '91.123.1.690', '9A:8C:DF:44:8D:S3', '2016-02-29', 1, 3),
(691, 'Carolynn', 'Burbridge', '10', '22', 4, 171, '91.123.1.691', '9A:8C:DF:09:6D:S2', '2016-02-29', 1, 3),
(692, 'Berenice', 'Bates', '10', '23', 2, 70, '91.123.1.692', '9A:8C:DF:38:8D:S0', '2016-02-29', 1, 2),
(693, 'Gwendolyn', 'Boot', '10', '24', 3, 140, NULL, '9A:8C:DF:44:6D:S5', '2016-02-29', 1, 2),
(694, 'Deborah', 'Buckler', '10', '25', 5, 228, '91.123.1.694', '9A:8C:DF:18:9D:S5', '2016-02-29', 1, 1),
(695, 'Cecily', 'Bird', '10', '26', 4, 217, '91.123.1.695', '9A:8C:DF:21:5D:S3', '2016-02-29', 1, 2),
(696, 'Helen', 'Bidder', '10', '27', 5, 224, NULL, '9A:8C:DF:54:0D:S3', '2016-02-29', 1, 1),
(697, 'G', 'Asbridge', '10', '28', 1, 237, NULL, '9A:8C:DF:27:4D:S6', '2016-02-29', 1, 2),
(698, 'Elizabeth', 'Brazier', '10', '29', 2, 248, NULL, '9A:8C:DF:90:7D:S6', '2016-02-29', 1, 3),
(699, 'Chloe', 'Brennan', '10', '30', 3, 286, '91.123.1.699', '9A:8C:DF:72:9D:S4', '2016-02-29', 1, 1),
(700, 'Gwendolen', 'Boothby', '10', '31', 4, 55, '91.123.1.700', '9A:8C:DF:05:8D:S3', '2016-02-29', 1, 2),
(701, 'Eleanor', 'Blackman', '10', '32', 6, 225, '91.123.1.701', '9A:8C:DF:83:9D:S3', '2016-02-29', 1, 2),
(702, 'Dede', 'Bottomley', '10', '33', 3, 119, '91.123.1.702', '9A:8C:DF:78:1D:S0', '2016-02-29', 1, 2),
(703, 'Adelaide', 'Bramble', '10', '34', 1, 148, '91.123.1.703', '9A:8C:DF:72:1D:S1', '2016-02-29', 1, 1),
(704, 'Deanne', 'Astle', '10', '35', 3, 5, '91.123.1.704', '9A:8C:DF:68:6D:S8', '2016-02-29', 1, 3),
(705, 'Denise', 'Axford', '10', '36', 4, 14, '91.123.1.705', '9A:8C:DF:82:2D:S1', '2016-02-29', 1, 3),
(706, 'Bronwyn', 'Baynton', '10', '37', 5, 231, '91.123.1.706', '9A:8C:DF:66:4D:S8', '2016-02-29', 1, 2),
(707, 'Flora', 'Astle', '10', '38', 5, 25, '91.123.1.707', '9A:8C:DF:13:4D:S9', '2016-02-29', 1, 2),
(708, 'Joan', 'Asbridge', '10', '39', 2, 37, '91.123.1.708', '9A:8C:DF:72:9D:S7', '2016-02-29', 1, 1),
(709, 'Edna', 'Adkins', '10', '40', 6, 45, '91.123.1.709', '9A:8C:DF:94:6D:S4', '2016-02-29', 1, 3),
(710, 'Lois', 'Basford', '10', '41', 5, 144, NULL, '9A:8C:DF:15:4D:S0', '2016-02-29', 1, 2),
(711, 'Eleanor', 'Braxton', '10', '42', 2, 232, '91.123.1.711', '9A:8C:DF:91:6D:S5', '2016-02-29', 1, 3),
(712, 'Cynthia', 'Bingham', '10', '43', 5, 227, '91.123.1.712', '9A:8C:DF:52:6D:S9', '2016-02-29', 1, 1),
(713, 'Irene', 'Bowyer', '10', '44', 1, 36, '91.123.1.713', '9A:8C:DF:34:8D:S7', '2016-02-29', 1, 3),
(714, 'Cadence', 'Brayton', '10', '45', 6, 74, '91.123.1.714', '9A:8C:DF:67:1D:S9', '2016-02-29', 1, 1),
(715, 'Ivy', 'Bottomley', '10', '46', 1, 165, '91.123.1.715', '9A:8C:DF:37:0D:S5', '2016-02-29', 1, 3),
(716, 'Kaylee', 'Brimson', '10', '47', 3, 16, '91.123.1.716', '9A:8C:DF:78:1D:S3', '2016-02-29', 1, 3),
(717, 'Flora', 'Barker', '10', '48', 6, 180, '91.123.1.717', '9A:8C:DF:57:4D:S1', '2016-02-29', 1, 1),
(718, 'Ivy', 'Allum', '10', '49', 4, 255, NULL, '9A:8C:DF:97:4D:S6', '2016-02-29', 1, 1),
(719, 'H', 'Baker', '10', '50', 2, 282, '91.123.1.719', '9A:8C:DF:33:8D:S4', '2016-02-29', 1, 3),
(720, 'Jessie', 'Beresford', '10', '51', 5, 59, '91.123.1.720', '9A:8C:DF:38:4D:S8', '2016-02-29', 1, 3),
(721, 'G', 'Axon', '10', '52', 6, 102, '91.123.1.721', '9A:8C:DF:72:6D:S7', '2016-02-29', 1, 3),
(722, 'Leah', 'Baily', '10', '53', 3, 75, '91.123.1.722', '9A:8C:DF:21:9D:S4', '2016-02-29', 1, 2),
(723, 'B', 'Brightwell', '10', '54', 6, 100, '91.123.1.723', '9A:8C:DF:13:4D:S2', '2016-02-29', 1, 3),
(724, 'Augusta', 'Barber', '10', '55', 4, 223, '91.123.1.724', '9A:8C:DF:35:8D:S8', '2016-02-29', 1, 2),
(725, 'Amelia', 'Bott', '10', '56', 1, 187, '91.123.1.725', '9A:8C:DF:41:5D:S0', '2016-02-29', 1, 2),
(726, 'Bridget', 'Brightwell', '10', '57', 6, 167, '91.123.1.726', '9A:8C:DF:63:5D:S8', '2016-02-29', 1, 3),
(727, 'Diana', 'Brack', '10', '58', 2, 260, '91.123.1.727', '9A:8C:DF:57:7D:S7', '2016-02-29', 1, 3),
(728, 'Hester', 'Aykroyd', '10', '59', 1, 41, NULL, '9A:8C:DF:38:3D:S4', '2016-02-29', 1, 3),
(729, 'Lorraine', 'Bottrill', '10', '60', 3, 283, '91.123.1.729', '9A:8C:DF:24:0D:S9', '2016-02-29', 1, 3),
(730, 'Alice', 'Bush', '10', '61', 6, 275, '91.123.1.730', '9A:8C:DF:24:2D:S9', '2016-02-29', 1, 2),
(731, 'Helena', 'Barry', '10', '62', 6, 86, '91.123.1.731', '9A:8C:DF:87:7D:S2', '2016-02-29', 1, 2),
(732, 'Kathleen', 'Bubb', '10', '63', 1, 271, '91.123.1.732', '9A:8C:DF:64:3D:S1', '2016-02-29', 1, 2),
(733, 'Amy', 'Bottrill', '10', '64', 5, 263, '91.123.1.733', '9A:8C:DF:73:1D:S2', '2016-02-29', 1, 3),
(734, 'Lorelei', 'Bennett', '10', '65', 3, 4, NULL, '9A:8C:DF:59:0D:S2', '2016-02-29', 1, 3),
(735, 'Dorothy', 'Blackmon', '10', '66', 5, 173, '91.123.1.735', '9A:8C:DF:18:0D:S9', '2016-02-29', 1, 1),
(736, 'Judith', 'Adcock', '10', '67', 1, 138, NULL, '9A:8C:DF:96:9D:S5', '2016-02-29', 1, 3),
(737, 'Eudora', 'Bennett', '10', '68', 4, 90, '91.123.1.737', '9A:8C:DF:24:1D:S5', '2016-02-29', 1, 2),
(738, 'Iris', 'B', '10', '69', 1, 92, '91.123.1.738', '9A:8C:DF:30:1D:S9', '2016-02-29', 1, 2),
(739, 'Charis', 'Ashbee', '11', '1', 6, 41, '91.123.1.739', '9A:8C:DF:59:7D:S3', '2016-02-29', 1, 3),
(740, 'Lily', 'Beck', '11', '2', 3, 91, '91.123.1.740', '9A:8C:DF:14:1D:S6', '2016-02-29', 1, 2),
(741, 'Jacqui', 'Baynton', '11', '3', 4, 156, '91.123.1.741', '9A:8C:DF:97:4D:S9', '2016-02-29', 1, 3),
(742, 'Drusilla', 'Adkins', '11', '4', 6, 35, NULL, '9A:8C:DF:36:1D:S4', '2016-02-29', 1, 3),
(743, 'Enid', 'Barleycorn', '11', '5', 2, 129, '91.123.1.743', '9A:8C:DF:77:0D:S1', '2016-02-29', 1, 1),
(744, 'Giselle', 'Acheson', '11', '6', 2, 297, '91.123.1.744', '9A:8C:DF:86:4D:S6', '2016-02-29', 1, 1),
(745, 'Jemma', 'Beaton', '11', '7', 5, 156, '91.123.1.745', '9A:8C:DF:95:2D:S0', '2016-02-29', 1, 2),
(746, 'Enid', 'Atlee', '11', '8', 5, 288, '91.123.1.746', '9A:8C:DF:32:1D:S7', '2016-02-29', 1, 3),
(747, 'Bertha', 'Bott', '11', '9', 2, 204, NULL, '9A:8C:DF:48:9D:S0', '2016-02-29', 1, 2),
(748, 'Ivy', 'Ardley', '11', '10', 4, 136, '91.123.1.748', '9A:8C:DF:96:6D:S9', '2016-02-29', 1, 3),
(749, 'Candy', 'Bedford', '11', '11', 6, 208, '91.123.1.749', '9A:8C:DF:33:2D:S8', '2016-02-29', 1, 3),
(750, 'Eudora', 'Bayntun', '11', '12', 5, 264, '91.123.1.750', '9A:8C:DF:02:1D:S2', '2016-02-29', 1, 1),
(751, 'Angel', 'Beresford', '11', '13', 1, 181, '91.123.1.751', '9A:8C:DF:37:2D:S0', '2016-02-29', 1, 1),
(752, 'Jacqueline', 'Benedict', '11', '14', 2, 265, '91.123.1.752', '9A:8C:DF:67:5D:S9', '2016-02-29', 1, 3),
(753, 'Audrey', 'Beer', '11', '15', 1, 107, '91.123.1.753', '9A:8C:DF:25:6D:S6', '2016-02-29', 1, 3),
(754, 'Isla', 'Beanland', '11', '16', 3, 264, '91.123.1.754', '9A:8C:DF:53:3D:S9', '2016-02-29', 1, 2),
(755, 'Gwendoline', 'Adshead', '11', '17', 2, 233, '91.123.1.755', '9A:8C:DF:92:7D:S3', '2016-02-29', 1, 1),
(756, 'Cathleen', 'Bingham', '11', '18', 1, 107, '91.123.1.756', '9A:8C:DF:55:8D:S6', '2016-02-29', 1, 2),
(757, 'Joanne', 'Adkins', '11', '19', 4, 32, NULL, '9A:8C:DF:21:3D:S1', '2016-02-29', 1, 3),
(758, 'Cassandra', 'Bawden', '11', '20', 4, 168, NULL, '9A:8C:DF:03:2D:S4', '2016-02-29', 1, 3),
(759, 'Adele', 'Blight', '11', '21', 2, 125, '91.123.1.759', '9A:8C:DF:03:0D:S9', '2016-02-29', 1, 1),
(760, 'Alberta', 'Beevers', '11', '22', 4, 160, '91.123.1.760', '9A:8C:DF:54:1D:S4', '2016-02-29', 1, 3),
(761, 'J', 'Broomhall', '11', '23', 5, 136, '91.123.1.761', '9A:8C:DF:80:5D:S0', '2016-02-29', 1, 3),
(762, 'Brenda', 'Attenborough', '11', '24', 3, 220, '91.123.1.762', '9A:8C:DF:17:2D:S4', '2016-02-29', 1, 1),
(763, 'Kirsten', 'Allum', '11', '25', 3, 259, '91.123.1.763', '9A:8C:DF:67:0D:S9', '2016-02-29', 1, 3),
(764, 'Gwendolen', 'Armitstead', '11', '26', 6, 222, NULL, '9A:8C:DF:00:8D:S4', '2016-02-29', 1, 3),
(765, 'Alberta', 'Bowers', '11', '27', 6, 20, '91.123.1.765', '9A:8C:DF:71:9D:S1', '2016-02-29', 1, 2),
(766, 'Jolie', 'Arnold', '11', '28', 5, 39, '91.123.1.766', '9A:8C:DF:65:8D:S5', '2016-02-29', 1, 1),
(767, 'Adelaide', 'Burgess', '11', '29', 4, 127, NULL, '9A:8C:DF:93:6D:S5', '2016-02-29', 1, 1),
(768, 'Andrea', 'Broomfield', '11', '30', 5, 178, NULL, '9A:8C:DF:11:3D:S8', '2016-02-29', 1, 1),
(769, 'Edna', 'Brewer', '11', '31', 6, 160, '91.123.1.769', '9A:8C:DF:45:7D:S9', '2016-02-29', 1, 2),
(770, 'Fiona', 'Asbridge', '11', '32', 2, 49, '91.123.1.770', '9A:8C:DF:01:5D:S8', '2016-02-29', 1, 1),
(771, 'Dawn', 'Bedingfeld', '11', '33', 3, 236, NULL, '9A:8C:DF:94:0D:S8', '2016-02-29', 1, 2),
(772, 'Drusilla', 'Arnold', '11', '34', 1, 148, '91.123.1.772', '9A:8C:DF:10:0D:S5', '2016-02-29', 1, 3),
(773, 'Edwina', 'Bidder', '11', '35', 5, 284, '91.123.1.773', '9A:8C:DF:86:5D:S7', '2016-02-29', 1, 1),
(774, 'Lila', 'Bethune', '11', '36', 3, 217, '91.123.1.774', '9A:8C:DF:94:1D:S1', '2016-02-29', 1, 3),
(775, 'Lois', 'Barton', '11', '37', 6, 90, '91.123.1.775', '9A:8C:DF:32:7D:S3', '2016-02-29', 1, 3),
(776, 'Amy', 'Alexander', '11', '38', 6, 6, '91.123.1.776', '9A:8C:DF:78:4D:S0', '2016-02-29', 1, 2),
(777, 'Cathleen', 'Bréhal', '11', '39', 2, 222, '91.123.1.777', '9A:8C:DF:87:2D:S7', '2016-02-29', 1, 3),
(778, 'Hannah', 'Bragg', '11', '40', 6, 200, '91.123.1.778', '9A:8C:DF:07:3D:S8', '2016-02-29', 1, 2),
(779, 'Hannah', 'Bromley-Davenport', '11', '41', 2, 21, '91.123.1.779', '9A:8C:DF:86:4D:S1', '2016-02-29', 1, 3),
(780, 'Alice', 'Adlam', '11', '42', 1, 195, '91.123.1.780', '9A:8C:DF:10:1D:S5', '2016-02-29', 1, 1),
(781, 'Gwenda', 'Broomfield', '11', '43', 6, 133, '91.123.1.781', '9A:8C:DF:22:2D:S1', '2016-02-29', 1, 2),
(782, 'Lila', 'Beal', '11', '44', 4, 186, '91.123.1.782', '9A:8C:DF:36:2D:S6', '2016-02-29', 1, 3),
(783, 'Audrey', 'Atkins', '11', '45', 1, 251, '91.123.1.783', '9A:8C:DF:66:2D:S0', '2016-02-29', 1, 3),
(784, 'Linda', 'Blackett', '11', '46', 5, 151, '91.123.1.784', '9A:8C:DF:79:7D:S0', '2016-02-29', 1, 3),
(785, 'Gwen', 'Bartholomew', '11', '47', 2, 174, '91.123.1.785', '9A:8C:DF:54:5D:S7', '2016-02-29', 1, 1),
(786, 'Elektra', 'Braithwaite', '11', '48', 3, 218, '91.123.1.786', '9A:8C:DF:37:1D:S5', '2016-02-29', 1, 2),
(787, 'Galenka', 'Burbridge', '11', '49', 2, 138, '91.123.1.787', '9A:8C:DF:27:1D:S8', '2016-02-29', 1, 1),
(788, 'Deanna', 'Bragg', '11', '50', 2, 251, NULL, '9A:8C:DF:79:5D:S8', '2016-02-29', 1, 1),
(789, 'Bertha', 'Altman', '11', '51', 3, 201, NULL, '9A:8C:DF:12:0D:S3', '2016-02-29', 1, 2),
(790, 'Loretta', 'Bradley', '11', '52', 2, 184, NULL, '9A:8C:DF:61:8D:S0', '2016-02-29', 1, 3),
(791, 'Julianne', 'Ayrton', '11', '53', 5, 204, '91.123.1.791', '9A:8C:DF:66:6D:S4', '2016-02-29', 1, 2),
(792, 'Denise', 'Appleyard', '11', '54', 2, 89, NULL, '9A:8C:DF:45:6D:S2', '2016-02-29', 1, 2),
(793, 'Adele', 'Biggins', '11', '55', 5, 135, '91.123.1.793', '9A:8C:DF:56:6D:S5', '2016-02-29', 1, 2),
(794, 'Flora', 'Altman', '11', '56', 4, 28, '91.123.1.794', '9A:8C:DF:84:7D:S7', '2016-02-29', 1, 2),
(795, 'Ethel', 'Bidder', '11', '57', 4, 247, '91.123.1.795', '9A:8C:DF:85:9D:S3', '2016-02-29', 1, 3),
(796, 'Berenice', 'Beaton', '11', '58', 4, 171, '91.123.1.796', '9A:8C:DF:25:2D:S5', '2016-02-29', 1, 2),
(797, 'Alvina', 'Butche', '11', '59', 1, 276, '91.123.1.797', '9A:8C:DF:25:1D:S8', '2016-02-29', 1, 2),
(798, 'Lorelei', 'Bonniwell', '11', '60', 6, 202, '91.123.1.798', '9A:8C:DF:30:9D:S4', '2016-02-29', 1, 1),
(799, 'Alison', 'Bloodworth', '11', '61', 2, 234, '91.123.1.799', '9A:8C:DF:05:0D:S3', '2016-02-29', 1, 1),
(800, 'Christina', 'Ashdown', '11', '62', 2, 116, '91.123.1.800', '9A:8C:DF:56:6D:S9', '2016-02-29', 1, 3),
(801, 'Candy', 'B', '11', '63', 1, 286, '91.123.1.801', '9A:8C:DF:46:9D:S6', '2016-02-29', 1, 2),
(802, 'Augusta', 'Bedford', '11', '64', 5, 66, NULL, '9A:8C:DF:37:2D:S5', '2016-02-29', 1, 3),
(803, 'Innogen', 'Bell', '11', '65', 5, 187, '91.123.1.803', '9A:8C:DF:75:4D:S1', '2016-02-29', 1, 2),
(804, 'Ivy', 'Batchelor', '11', '66', 1, 233, '91.123.1.804', '9A:8C:DF:76:2D:S9', '2016-02-29', 1, 3),
(805, 'Danna', 'Berker', '11', '67', 3, 11, '91.123.1.805', '9A:8C:DF:74:0D:S0', '2016-02-29', 1, 1),
(806, 'Janie', 'Barraclough', '11', '68', 1, 12, '91.123.1.806', '9A:8C:DF:65:4D:S8', '2016-02-29', 1, 1),
(807, 'Leanne', 'Armfield', '11', '69', 5, 90, '91.123.1.807', '9A:8C:DF:64:9D:S1', '2016-02-29', 1, 2),
(808, 'Helene', 'Bayfield', '11', '70', 2, 166, '91.123.1.808', '9A:8C:DF:12:7D:S5', '2016-02-29', 1, 1),
(809, 'Celine', 'Beamont', '11', '71', 3, 6, '91.123.1.809', '9A:8C:DF:33:0D:S8', '2016-02-29', 1, 2),
(810, 'Carmelita', 'Atkin', '11', '72', 3, 259, '91.123.1.810', '9A:8C:DF:18:0D:S4', '2016-02-29', 1, 2),
(811, 'Charlotte', 'Beale', '11', '73', 6, 156, '91.123.1.811', '9A:8C:DF:31:5D:S5', '2016-02-29', 1, 3),
(812, 'Danna', 'Bloomfield', '11', '74', 6, 171, '91.123.1.812', '9A:8C:DF:48:7D:S7', '2016-02-29', 1, 1),
(813, 'Daphne', 'Bayfield', '11', '75', 1, 190, NULL, '9A:8C:DF:40:4D:S5', '2016-02-29', 1, 1),
(814, 'Candy', 'Asbridge', '11', '76', 2, 30, '91.123.1.814', '9A:8C:DF:76:8D:S5', '2016-02-29', 1, 1),
(815, 'Caroline', 'Boot', '11', '77', 3, 282, '91.123.1.815', '9A:8C:DF:53:8D:S0', '2016-02-29', 1, 2),
(816, 'Danna', 'Applegate', '11', '78', 2, 62, '91.123.1.816', '9A:8C:DF:83:2D:S1', '2016-02-29', 1, 1),
(817, 'Charis', 'Blair', '11', '79', 1, 72, '91.123.1.817', '9A:8C:DF:13:7D:S5', '2016-02-29', 1, 1),
(818, 'Joanna', 'Bugden', '11', '80', 2, 135, '91.123.1.818', '9A:8C:DF:69:2D:S5', '2016-02-29', 1, 3),
(819, 'Angela', 'Ardley', '11', '81', 3, 274, '91.123.1.819', '9A:8C:DF:08:1D:S0', '2016-02-29', 1, 1),
(820, 'Doreen', 'Bain', '11', '82', 5, 152, '91.123.1.820', '9A:8C:DF:56:2D:S2', '2016-02-29', 1, 3),
(821, 'Antonia', 'Beckles', '11', '83', 2, 10, '91.123.1.821', '9A:8C:DF:49:8D:S1', '2016-02-29', 1, 2),
(822, 'Julianne', 'Alexander', '11', '84', 5, 99, '91.123.1.822', '9A:8C:DF:03:1D:S3', '2016-02-29', 1, 2),
(823, 'Celia', 'Attenborough', '11', '85', 5, 120, '91.123.1.823', '9A:8C:DF:42:6D:S4', '2016-02-29', 1, 2),
(824, 'Lillian', 'Botterill', '11', '86', 6, 178, '91.123.1.824', '9A:8C:DF:59:3D:S1', '2016-02-29', 1, 2),
(825, 'Amelia', 'Acton', '11', '87', 6, 205, NULL, '9A:8C:DF:36:3D:S5', '2016-02-29', 1, 3),
(826, 'Eva', 'Broomhall', '12', '1', 5, 201, '91.123.1.826', '9A:8C:DF:88:4D:S3', '2016-02-29', 1, 1),
(827, 'Chloe', 'Barnet', '12', '2', 5, 127, '91.123.1.827', '9A:8C:DF:11:5D:S4', '2016-02-29', 1, 1),
(828, 'Agatha', 'Abbot', '12', '3', 5, 157, NULL, '9A:8C:DF:30:0D:S2', '2016-02-29', 1, 3),
(829, 'Laura', 'Aldridge', '12', '4', 4, 89, '91.123.1.829', '9A:8C:DF:82:9D:S8', '2016-02-29', 1, 3),
(830, 'Adele', 'Brennan', '12', '5', 5, 102, '91.123.1.830', '9A:8C:DF:62:2D:S1', '2016-02-29', 1, 1),
(831, 'Emma', 'Botterill', '12', '6', 1, 206, '91.123.1.831', '9A:8C:DF:51:1D:S4', '2016-02-29', 1, 2),
(832, 'Jane', 'Bowyer', '12', '7', 2, 151, NULL, '9A:8C:DF:28:4D:S0', '2016-02-29', 1, 1),
(833, 'Lettice', 'Armstead', '12', '8', 5, 201, '91.123.1.833', '9A:8C:DF:12:4D:S7', '2016-02-29', 1, 2),
(834, 'Avis', 'Bowie', '12', '9', 6, 27, NULL, '9A:8C:DF:19:8D:S1', '2016-02-29', 1, 3),
(835, 'Ida', 'Aitchison', '12', '10', 3, 121, '91.123.1.835', '9A:8C:DF:26:3D:S0', '2016-02-29', 1, 2),
(836, 'Joan', 'Bowyer', '12', '11', 2, 277, NULL, '9A:8C:DF:30:4D:S5', '2016-02-29', 1, 1),
(837, 'Cleo', 'Bingham', '12', '12', 3, 244, NULL, '9A:8C:DF:98:1D:S1', '2016-02-29', 1, 1),
(838, 'Celestia', 'Broom', '12', '13', 2, 44, '91.123.1.838', '9A:8C:DF:87:2D:S7', '2016-02-29', 1, 3),
(839, 'Elizabeth', 'Bromfield', '12', '14', 3, 68, '91.123.1.839', '9A:8C:DF:35:9D:S8', '2016-02-29', 1, 3),
(840, 'Annabel', 'Bayles', '12', '15', 3, 41, '91.123.1.840', '9A:8C:DF:06:6D:S0', '2016-02-29', 1, 3),
(841, 'Cordelia', 'Beckles', '12', '16', 1, 0, NULL, '9A:8C:DF:95:0D:S3', '2016-02-29', 1, 2),
(842, 'Genevieve', 'Bottrill', '12', '17', 5, 171, '91.123.1.842', '9A:8C:DF:42:1D:S0', '2016-02-29', 1, 1),
(843, 'Drusilla', 'Broom', '12', '18', 2, 59, '91.123.1.843', '9A:8C:DF:75:1D:S6', '2016-02-29', 1, 2),
(844, 'Betsy', 'Adelson', '12', '19', 2, 225, '91.123.1.844', '9A:8C:DF:97:3D:S9', '2016-02-29', 1, 3),
(845, 'Josephine', 'Bawden', '12', '20', 4, 150, '91.123.1.845', '9A:8C:DF:36:8D:S6', '2016-02-29', 1, 1),
(846, 'Jane', 'Beard', '12', '21', 4, 13, '91.123.1.846', '9A:8C:DF:42:9D:S0', '2016-02-29', 1, 2),
(847, 'Danna', 'Baker', '12', '22', 3, 258, '91.123.1.847', '9A:8C:DF:55:0D:S9', '2016-02-29', 1, 2),
(848, 'Gwendoline', 'Broomfield', '12', '23', 2, 35, '91.123.1.848', '9A:8C:DF:03:7D:S7', '2016-02-29', 1, 2),
(849, 'Arda', 'Blight', '12', '24', 4, 162, '91.123.1.849', '9A:8C:DF:63:1D:S2', '2016-02-29', 1, 1),
(850, 'Harriet', 'Brimson', '12', '25', 3, 138, '91.123.1.850', '9A:8C:DF:49:7D:S3', '2016-02-29', 1, 3),
(851, 'Joanne', 'Black', '12', '26', 6, 26, '91.123.1.851', '9A:8C:DF:82:5D:S8', '2016-02-29', 1, 2),
(852, 'Autumn', 'Bedford', '12', '27', 1, 108, NULL, '9A:8C:DF:68:9D:S1', '2016-02-29', 1, 2),
(853, 'Betsy', 'Ayrton', '12', '28', 5, 243, '91.123.1.853', '9A:8C:DF:75:7D:S5', '2016-02-29', 1, 3),
(854, 'Alaina', 'Bedingfeld', '12', '29', 3, 286, '91.123.1.854', '9A:8C:DF:48:4D:S1', '2016-02-29', 1, 3),
(855, 'Daisy', 'Brandis', '12', '30', 2, 221, '91.123.1.855', '9A:8C:DF:17:9D:S0', '2016-02-29', 1, 3),
(856, 'Gertrude', 'Adin', '12', '31', 4, 235, '91.123.1.856', '9A:8C:DF:48:0D:S2', '2016-02-29', 1, 3),
(857, 'Charmaine', 'Beaton', '12', '32', 6, 58, '91.123.1.857', '9A:8C:DF:51:1D:S5', '2016-02-29', 1, 3),
(858, 'Jessica', 'Bayer', '12', '33', 5, 79, '91.123.1.858', '9A:8C:DF:30:0D:S7', '2016-02-29', 1, 3),
(859, 'Lillian', 'Bedser', '12', '34', 5, 221, '91.123.1.859', '9A:8C:DF:99:6D:S2', '2016-02-29', 1, 1),
(860, 'Eva', 'Bramble', '12', '35', 2, 122, '91.123.1.860', '9A:8C:DF:88:1D:S2', '2016-02-29', 1, 2),
(861, 'Abigail', 'Bethune', '12', '36', 3, 45, '91.123.1.861', '9A:8C:DF:12:3D:S6', '2016-02-29', 1, 1),
(862, 'Eleanor', 'Brayton', '12', '37', 2, 128, '91.123.1.862', '9A:8C:DF:78:2D:S1', '2016-02-29', 1, 2),
(863, 'Gwendoline', 'Bayfield', '12', '38', 6, 59, NULL, '9A:8C:DF:92:4D:S7', '2016-02-29', 1, 1),
(864, 'Dorothy', 'Brightwell', '12', '39', 5, 95, '91.123.1.864', '9A:8C:DF:30:5D:S6', '2016-02-29', 1, 3),
(865, 'Janie', 'Begley', '12', '40', 1, 286, '91.123.1.865', '9A:8C:DF:65:7D:S6', '2016-02-29', 1, 3),
(866, 'Loretta', 'Blackburne', '12', '41', 1, 240, '91.123.1.866', '9A:8C:DF:57:2D:S7', '2016-02-29', 1, 1),
(867, 'Jenna', 'Bingham', '13', '1', 2, 265, '91.123.1.867', '9A:8C:DF:09:6D:S4', '2016-02-29', 1, 2),
(868, 'Clementine', 'Beasant', '13', '2', 2, 207, '91.123.1.868', '9A:8C:DF:49:3D:S6', '2016-02-29', 1, 2),
(869, 'Dulcie', 'Boothby', '13', '3', 6, 97, '91.123.1.869', '9A:8C:DF:89:5D:S2', '2016-02-29', 1, 2),
(870, 'Joanna', 'Botterill', '13', '4', 4, 298, '91.123.1.870', '9A:8C:DF:97:0D:S2', '2016-02-29', 1, 2),
(871, 'Gwendolyn', 'Allison', '13', '5', 2, 49, '91.123.1.871', '9A:8C:DF:17:1D:S7', '2016-02-29', 1, 1),
(872, 'June', 'Broom', '13', '6', 1, 208, '91.123.1.872', '9A:8C:DF:07:9D:S1', '2016-02-29', 1, 3),
(873, 'Arda', 'Batchelor', '13', '7', 3, 257, '91.123.1.873', '9A:8C:DF:59:2D:S7', '2016-02-29', 1, 1),
(874, 'Irene', 'Braxton', '13', '8', 1, 21, '91.123.1.874', '9A:8C:DF:34:7D:S6', '2016-02-29', 1, 2),
(875, 'Angel', 'Bréhal', '13', '9', 5, 34, '91.123.1.875', '9A:8C:DF:96:9D:S5', '2016-02-29', 1, 3),
(876, 'Bella', 'Blight', '13', '10', 6, 155, '91.123.1.876', '9A:8C:DF:26:4D:S3', '2016-02-29', 1, 1),
(877, 'Cassandra', 'Bence', '13', '11', 3, 190, NULL, '9A:8C:DF:07:0D:S9', '2016-02-29', 1, 1),
(878, 'Flora', 'Adlam', '13', '12', 2, 155, '91.123.1.878', '9A:8C:DF:26:3D:S1', '2016-02-29', 1, 3),
(879, 'L', 'Abbot', '13', '13', 5, 232, '91.123.1.879', '9A:8C:DF:08:6D:S5', '2016-02-29', 1, 2),
(880, 'Gwendolyn', 'Aitch', '13', '14', 3, 184, NULL, '9A:8C:DF:44:1D:S7', '2016-02-29', 1, 3),
(881, 'Arda', 'Blackburn', '13', '15', 6, 119, NULL, '9A:8C:DF:13:4D:S8', '2016-02-29', 1, 1),
(882, 'Esty', 'Baker', '13', '16', 2, 117, '91.123.1.882', '9A:8C:DF:29:6D:S6', '2016-02-29', 1, 2),
(883, 'Augusta', 'Ardley', '13', '17', 3, 130, '91.123.1.883', '9A:8C:DF:46:6D:S1', '2016-02-29', 1, 1),
(884, 'Jemima', 'Beevers', '13', '18', 4, 145, '91.123.1.884', '9A:8C:DF:20:2D:S4', '2016-02-29', 1, 3),
(885, 'Gwenda', 'Bayles', '13', '19', 5, 89, '91.123.1.885', '9A:8C:DF:28:9D:S4', '2016-02-29', 1, 1),
(886, 'Gaynor', 'Braxton', '13', '20', 3, 119, '91.123.1.886', '9A:8C:DF:92:5D:S9', '2016-02-29', 1, 3),
(887, 'Dorothy', 'Blackmon', '13', '21', 2, 226, '91.123.1.887', '9A:8C:DF:97:7D:S5', '2016-02-29', 1, 3),
(888, 'Bertha', 'Berker', '13', '22', 2, 246, '91.123.1.888', '9A:8C:DF:64:1D:S4', '2016-02-29', 1, 1),
(889, 'Harriet', 'Bird', '13', '23', 2, 8, '91.123.1.889', '9A:8C:DF:91:1D:S9', '2016-02-29', 1, 3),
(890, 'Lorraine', 'Beckford', '13', '24', 3, 162, '91.123.1.890', '9A:8C:DF:91:9D:S8', '2016-02-29', 1, 1),
(891, 'Eileen', 'Aitchison', '13', '25', 3, 158, '91.123.1.891', '9A:8C:DF:96:6D:S6', '2016-02-29', 1, 3),
(892, 'Dorothy', 'Alabaster', '13', '26', 1, 210, NULL, '9A:8C:DF:74:2D:S2', '2016-02-29', 1, 2),
(893, 'Joan', 'Beresford', '13', '27', 5, 202, '91.123.1.893', '9A:8C:DF:62:6D:S4', '2016-02-29', 1, 3),
(894, 'Edwina', 'Beard', '13', '28', 2, 121, '91.123.1.894', '9A:8C:DF:52:7D:S0', '2016-02-29', 1, 2),
(895, 'Cheryl', 'Beasant', '13', '29', 3, 13, '91.123.1.895', '9A:8C:DF:94:6D:S3', '2016-02-29', 1, 2),
(896, 'Edna', 'Buckler', '13', '30', 5, 82, NULL, '9A:8C:DF:82:7D:S5', '2016-02-29', 1, 1),
(897, 'Hope', 'Burdon', '13', '31', 2, 270, '91.123.1.897', '9A:8C:DF:97:6D:S9', '2016-02-29', 1, 2),
(898, 'Eva', 'Bott', '13', '32', 2, 185, NULL, '9A:8C:DF:21:7D:S2', '2016-02-29', 1, 1),
(899, 'Bertha', 'Bell', '13', '33', 2, 239, NULL, '9A:8C:DF:57:0D:S1', '2016-02-29', 1, 3),
(900, 'Claribel', 'Beadon', '13', '34', 1, 227, '91.123.1.900', '9A:8C:DF:33:5D:S6', '2016-02-29', 1, 2),
(901, 'Avis', 'Braceful', '13', '35', 5, 215, '91.123.1.901', '9A:8C:DF:77:1D:S0', '2016-02-29', 1, 3),
(902, 'Isla', 'Beacham', '13', '36', 4, 165, '91.123.1.902', '9A:8C:DF:16:4D:S5', '2016-02-29', 1, 3),
(903, 'Bertha', 'Bloodworth', '13', '37', 3, 36, NULL, '9A:8C:DF:06:4D:S7', '2016-02-29', 1, 3),
(904, 'Lily', 'Beaton', '13', '38', 1, 214, '91.123.1.904', '9A:8C:DF:38:6D:S7', '2016-02-29', 1, 2),
(905, 'J', 'Berker', '13', '39', 1, 71, '91.123.1.905', '9A:8C:DF:89:5D:S6', '2016-02-29', 1, 3),
(906, 'Imelda', 'Broomhall', '13', '40', 1, 225, NULL, '9A:8C:DF:42:5D:S4', '2016-02-29', 1, 1),
(907, 'Annabel', 'Baker', '13', '41', 3, 48, '91.123.1.907', '9A:8C:DF:23:8D:S6', '2016-02-29', 1, 3),
(908, 'Carmelita', 'Acheson', '13', '42', 5, 1, '91.123.1.908', '9A:8C:DF:57:2D:S0', '2016-02-29', 1, 2),
(909, 'Anna', 'Adlam', '13', '43', 5, 290, '91.123.1.909', '9A:8C:DF:05:3D:S3', '2016-02-29', 1, 2),
(910, 'Andrea', 'Ayrton', '13', '44', 2, 215, '91.123.1.910', '9A:8C:DF:32:8D:S2', '2016-02-29', 1, 3),
(911, 'Estelle', 'Anstead', '13', '45', 6, 253, '91.123.1.911', '9A:8C:DF:62:9D:S6', '2016-02-29', 1, 3),
(912, 'Ida', 'Adin', '13', '46', 4, 297, '91.123.1.912', '9A:8C:DF:05:4D:S9', '2016-02-29', 1, 3),
(913, 'Hester', 'Bubb', '13', '47', 3, 53, '91.123.1.913', '9A:8C:DF:98:9D:S5', '2016-02-29', 1, 3),
(914, 'Christabel', 'Brennan', '13', '48', 6, 36, '91.123.1.914', '9A:8C:DF:91:9D:S4', '2016-02-29', 1, 2),
(915, 'Jessica', 'Beaton', '13', '49', 5, 177, '91.123.1.915', '9A:8C:DF:07:1D:S8', '2016-02-29', 1, 2),
(916, 'Jessie', 'Bracey', '13', '50', 6, 102, '91.123.1.916', '9A:8C:DF:57:7D:S1', '2016-02-29', 1, 2),
(917, 'Karen', 'Austin', '13', '51', 3, 265, '91.123.1.917', '9A:8C:DF:80:4D:S0', '2016-02-29', 1, 3),
(918, 'Lauretta', 'Berker', '13', '52', 6, 157, '91.123.1.918', '9A:8C:DF:11:8D:S4', '2016-02-29', 1, 2),
(919, 'Avis', 'Berry', '13', '53', 1, 27, '91.123.1.919', '9A:8C:DF:50:6D:S9', '2016-02-29', 1, 1),
(920, 'C', 'Barkley', '13', '54', 5, 237, '91.123.1.920', '9A:8C:DF:50:8D:S1', '2016-02-29', 1, 3),
(921, 'Lorna', 'Ayrton', '13', '55', 1, 246, '91.123.1.921', '9A:8C:DF:17:3D:S2', '2016-02-29', 1, 1),
(922, 'Denise', 'Brimson', '13', '56', 2, 152, '91.123.1.922', '9A:8C:DF:21:3D:S9', '2016-02-29', 1, 3),
(923, 'Joey', 'Barry', '13', '57', 4, 224, '91.123.1.923', '9A:8C:DF:58:2D:S9', '2016-02-29', 1, 2),
(924, 'Arda', 'Austen', '13', '58', 5, 152, '91.123.1.924', '9A:8C:DF:85:3D:S5', '2016-02-29', 1, 3),
(925, 'Imogen', 'Blackman', '13', '59', 3, 269, '91.123.1.925', '9A:8C:DF:30:2D:S2', '2016-02-29', 1, 2),
(926, 'Davina', 'Blackburn', '13', '60', 6, 54, '91.123.1.926', '9A:8C:DF:58:3D:S0', '2016-02-29', 1, 3),
(927, 'Cristalyn', 'Bence', '13', '61', 3, 183, '91.123.1.927', '9A:8C:DF:11:8D:S8', '2016-02-29', 1, 3),
(928, 'Imelda', 'Braceful', '13', '62', 5, 62, NULL, '9A:8C:DF:19:6D:S8', '2016-02-29', 1, 2),
(929, 'E', 'Bedford', '13', '63', 6, 169, NULL, '9A:8C:DF:43:5D:S4', '2016-02-29', 1, 1),
(930, 'Ada', 'Amory', '13', '64', 2, 181, NULL, '9A:8C:DF:12:8D:S9', '2016-02-29', 1, 3),
(931, 'Autumn', 'Atkins', '13', '65', 3, 182, '91.123.1.931', '9A:8C:DF:58:7D:S9', '2016-02-29', 1, 3),
(932, 'Georgiana', 'Armitstead', '13', '66', 4, 175, '91.123.1.932', '9A:8C:DF:86:8D:S3', '2016-02-29', 1, 2),
(933, 'Jessica', 'Bingham', '13', '67', 3, 229, '91.123.1.933', '9A:8C:DF:55:1D:S8', '2016-02-29', 1, 1),
(934, 'Jolie', 'Appleton', '13', '68', 4, 23, NULL, '9A:8C:DF:21:3D:S9', '2016-02-29', 1, 2),
(935, 'Faith', 'Bercow', '13', '69', 4, 145, '91.123.1.935', '9A:8C:DF:86:7D:S0', '2016-02-29', 1, 2),
(936, 'E', 'Baynton', '13', '70', 3, 150, '91.123.1.936', '9A:8C:DF:48:6D:S9', '2016-02-29', 1, 1),
(937, 'Angel', 'Blackett', '13', '71', 6, 261, '91.123.1.937', '9A:8C:DF:45:4D:S2', '2016-02-29', 1, 1),
(938, 'Hero', 'Baines', '13', '72', 6, 227, '91.123.1.938', '9A:8C:DF:10:9D:S2', '2016-02-29', 1, 3),
(939, 'Lila', 'Brack', '13', '73', 1, 65, '91.123.1.939', '9A:8C:DF:37:1D:S1', '2016-02-29', 1, 3),
(940, 'Clementine', 'Bawden', '13', '74', 3, 256, '91.123.1.940', '9A:8C:DF:86:7D:S3', '2016-02-29', 1, 1),
(941, 'Cathleen', 'Appleyard', '13', '75', 3, 234, '91.123.1.941', '9A:8C:DF:05:6D:S5', '2016-02-29', 1, 3),
(942, 'Deanne', 'Burgess', '13', '76', 3, 21, '91.123.1.942', '9A:8C:DF:25:6D:S2', '2016-02-29', 1, 3),
(943, 'Henrietta', 'Batchelor', '13', '77', 2, 118, '91.123.1.943', '9A:8C:DF:29:0D:S2', '2016-02-29', 1, 1),
(944, 'Eleanor', 'Barber', '13', '78', 4, 67, '91.123.1.944', '9A:8C:DF:73:3D:S3', '2016-02-29', 1, 2),
(945, 'Jessica', 'Akehurst', '13', '79', 4, 103, '91.123.1.945', '9A:8C:DF:30:3D:S7', '2016-02-29', 1, 1),
(946, 'Charisse', 'Butche', '13', '80', 3, 190, NULL, '9A:8C:DF:88:0D:S8', '2016-02-29', 1, 2),
(947, 'Antonia', 'Beard', '13', '81', 3, 156, NULL, '9A:8C:DF:04:1D:S4', '2016-02-29', 1, 2),
(948, 'Lettice', 'Atlee', '13', '82', 3, 213, '91.123.1.948', '9A:8C:DF:68:9D:S9', '2016-02-29', 1, 2),
(949, 'Bridget', 'Blackett', '13', '83', 2, 287, '91.123.1.949', '9A:8C:DF:49:8D:S8', '2016-02-29', 1, 3),
(950, 'Leyna', 'Axford', '13', '84', 4, 198, '91.123.1.950', '9A:8C:DF:26:0D:S0', '2016-02-29', 1, 2),
(951, 'Lauretta', 'Brimson', '13', '85', 6, 119, NULL, '9A:8C:DF:06:7D:S6', '2016-02-29', 1, 3),
(952, 'Liana', 'Brazier', '13', '86', 1, 64, '91.123.1.952', '9A:8C:DF:42:4D:S7', '2016-02-29', 1, 3),
(953, 'Annabel', 'Bedser', '13', '87', 2, 196, NULL, '9A:8C:DF:67:7D:S2', '2016-02-29', 1, 2),
(954, 'Linda', 'Braxton', '13', '88', 6, 153, '91.123.1.954', '9A:8C:DF:38:9D:S6', '2016-02-29', 1, 3),
(955, 'Kathleen', 'Arden', '13', '89', 2, 26, '91.123.1.955', '9A:8C:DF:01:2D:S1', '2016-02-29', 1, 1),
(956, 'Angel', 'Altman', '13', '90', 2, 83, NULL, '9A:8C:DF:35:1D:S0', '2016-02-29', 1, 3),
(957, 'Celine', 'Brinkley', '13', '91', 3, 13, '91.123.1.957', '9A:8C:DF:19:6D:S5', '2016-02-29', 1, 1),
(958, 'G', 'Austin', '13', '92', 6, 5, '91.123.1.958', '9A:8C:DF:93:2D:S7', '2016-02-29', 1, 1),
(959, 'Edna', 'Bayfield', '13', '93', 4, 82, '91.123.1.959', '9A:8C:DF:85:6D:S1', '2016-02-29', 1, 1),
(960, 'Gwendoline', 'Broom', '14', '1', 6, 138, '91.123.1.960', '9A:8C:DF:71:2D:S7', '2016-02-29', 1, 1),
(961, 'Fiona', 'Botterill', '14', '2', 1, 130, '91.123.1.961', '9A:8C:DF:22:3D:S4', '2016-02-29', 1, 3),
(962, 'D', 'Barleycorn', '14', '3', 5, 61, '91.123.1.962', '9A:8C:DF:31:4D:S9', '2016-02-29', 1, 2),
(963, 'Charity', 'Baskerville', '14', '4', 2, 133, '91.123.1.963', '9A:8C:DF:39:5D:S9', '2016-02-29', 1, 1),
(964, 'Candy', 'Broughton', '14', '5', 1, 48, '91.123.1.964', '9A:8C:DF:74:8D:S7', '2016-02-29', 1, 2),
(965, 'Cheryl', 'Auster', '14', '6', 5, 93, NULL, '9A:8C:DF:22:7D:S6', '2016-02-29', 1, 2),
(966, 'Eunice', 'Birdsong', '14', '7', 2, 65, '91.123.1.966', '9A:8C:DF:15:5D:S5', '2016-02-29', 1, 2),
(967, 'Davina', 'Blair', '14', '8', 3, 63, '91.123.1.967', '9A:8C:DF:43:5D:S3', '2016-02-29', 1, 1),
(968, 'Kierra', 'Babbs', '14', '9', 5, 128, NULL, '9A:8C:DF:06:9D:S0', '2016-02-29', 1, 3),
(969, 'Beatrice', 'Anderson', '14', '10', 6, 100, '91.123.1.969', '9A:8C:DF:56:8D:S3', '2016-02-29', 1, 3),
(970, 'Betsy', 'Brinkley', '14', '11', 3, 102, '91.123.1.970', '9A:8C:DF:68:5D:S5', '2016-02-29', 1, 3),
(971, 'L', 'Blackman', '14', '12', 3, 157, '91.123.1.971', '9A:8C:DF:29:8D:S9', '2016-02-29', 1, 3),
(972, 'Eileen', 'Bentley', '14', '13', 3, 245, NULL, '9A:8C:DF:27:0D:S5', '2016-02-29', 1, 1),
(973, 'Joey', 'Beardsley', '14', '14', 2, 161, '91.123.1.973', '9A:8C:DF:99:3D:S2', '2016-02-29', 1, 2),
(974, 'Belinda', 'Alderdice', '14', '15', 3, 56, '91.123.1.974', '9A:8C:DF:47:3D:S6', '2016-02-29', 1, 2),
(975, 'Genevieve', 'Bloodworth', '14', '16', 6, 137, NULL, '9A:8C:DF:54:5D:S0', '2016-02-29', 1, 3),
(976, 'Joan', 'Boulting', '14', '17', 6, 88, '91.123.1.976', '9A:8C:DF:34:9D:S5', '2016-02-29', 1, 3),
(977, 'C', 'Begley', '14', '18', 4, 111, '91.123.1.977', '9A:8C:DF:32:3D:S0', '2016-02-29', 1, 3),
(978, 'Esty', 'Barry', '14', '19', 3, 33, '91.123.1.978', '9A:8C:DF:16:7D:S2', '2016-02-29', 1, 2),
(979, 'Gemma', 'Bayntun', '14', '20', 2, 103, '91.123.1.979', '9A:8C:DF:31:0D:S1', '2016-02-29', 1, 2),
(980, 'Lorna', 'Braceful', '14', '21', 5, 271, NULL, '9A:8C:DF:00:4D:S7', '2016-02-29', 1, 3),
(981, 'Cristalyn', 'Alderdice', '14', '22', 3, 80, NULL, '9A:8C:DF:43:8D:S6', '2016-02-29', 1, 3),
(982, 'Honor', 'Blight', '14', '23', 4, 63, '91.123.1.982', '9A:8C:DF:72:2D:S5', '2016-02-29', 1, 1),
(983, 'Charisse', 'Allison', '14', '24', 2, 191, '91.123.1.983', '9A:8C:DF:76:5D:S8', '2016-02-29', 1, 2),
(984, 'Agnes', 'Asbridge', '14', '25', 6, 110, '91.123.1.984', '9A:8C:DF:49:0D:S9', '2016-02-29', 1, 2),
(985, 'Angel', 'Arnold', '14', '26', 3, 43, '91.123.1.985', '9A:8C:DF:21:5D:S7', '2016-02-29', 1, 2),
(986, 'Imogen', 'Brackenridge', '14', '27', 6, 141, '91.123.1.986', '9A:8C:DF:29:8D:S4', '2016-02-29', 1, 2),
(987, 'Jennifer', 'Boothby', '14', '28', 1, 6, '91.123.1.987', '9A:8C:DF:47:2D:S1', '2016-02-29', 1, 2),
(988, 'Iris', 'Atkinson', '14', '29', 2, 49, NULL, '9A:8C:DF:06:0D:S9', '2016-02-29', 1, 2),
(989, 'Genevieve', 'Acheson', '14', '30', 5, 106, '91.123.1.989', '9A:8C:DF:23:5D:S7', '2016-02-29', 1, 3),
(990, 'Gemma', 'Almond', '14', '31', 4, 86, '91.123.1.990', '9A:8C:DF:31:4D:S2', '2016-02-29', 1, 1),
(991, 'Felicity', 'Breckenridge', '14', '32', 3, 40, '91.123.1.991', '9A:8C:DF:44:7D:S2', '2016-02-29', 1, 2),
(992, 'Eva', 'Brazier', '14', '33', 6, 273, '91.123.1.992', '9A:8C:DF:79:6D:S1', '2016-02-29', 1, 3),
(993, 'Bella', 'Armitstead', '14', '34', 4, 120, '91.123.1.993', '9A:8C:DF:66:0D:S5', '2016-02-29', 1, 3),
(994, 'Kathy', 'Atlee', '14', '35', 6, 214, '91.123.1.994', '9A:8C:DF:76:6D:S5', '2016-02-29', 1, 2),
(995, 'Iris', 'Begley', '14', '36', 2, 71, NULL, '9A:8C:DF:72:6D:S2', '2016-02-29', 1, 3),
(996, 'Dawn', 'Beaton', '14', '37', 2, 150, '91.123.1.996', '9A:8C:DF:33:9D:S0', '2016-02-29', 1, 1),
(997, 'Jemima', 'Bates', '14', '38', 2, 116, '91.123.1.997', '9A:8C:DF:20:1D:S9', '2016-02-29', 1, 1),
(998, 'Belinda', 'Axtell', '14', '39', 1, 200, '91.123.1.998', '9A:8C:DF:59:2D:S1', '2016-02-29', 1, 1),
(999, 'Danna', 'Acheson', '14', '40', 5, 224, '91.123.1.999', '9A:8C:DF:39:3D:S6', '2016-02-29', 1, 2),
(1000, 'Deanna', 'Berker', '14', '41', 4, 126, '91.123.1.1000', '9A:8C:DF:34:8D:S5', '2016-02-29', 1, 3);


INSERT INTO tblCustomer (Id, Forename, Surname, HouseId, Flat, TariffId, Balance, IpAddress, MacAddress, LastChargedDate, [State], LastChangeInitiatorId)
VALUES
(1001, 'Imogen', 'Adcock', '14', '42', 5, 269, '91.123.1.1001', '9A:8C:DF:04:6D:S5', '2016-02-29', 1, 2),
(1002, 'Diana', 'Aikin', '14', '43', 6, 230, '91.123.1.1002', '9A:8C:DF:76:4D:S9', '2016-02-29', 1, 1),
(1003, 'Clarissa', 'Blackburn', '14', '44', 4, 98, '91.123.1.1003', '9A:8C:DF:57:6D:S0', '2016-02-29', 1, 3),
(1004, 'Berenice', 'Afford', '14', '45', 5, 62, '91.123.1.1004', '9A:8C:DF:32:9D:S0', '2016-02-29', 1, 2),
(1005, 'L', 'Aylesworth', '14', '46', 5, 54, '91.123.1.1005', '9A:8C:DF:37:8D:S6', '2016-02-29', 1, 3),
(1006, 'Helene', 'Bush', '14', '47', 6, 88, '91.123.1.1006', '9A:8C:DF:04:3D:S9', '2016-02-29', 1, 1),
(1007, 'Cynthia', 'Braceful', '14', '48', 4, 259, NULL, '9A:8C:DF:33:6D:S1', '2016-02-29', 1, 2),
(1008, 'Edwina', 'Blight', '14', '49', 2, 156, NULL, '9A:8C:DF:08:3D:S1', '2016-02-29', 1, 2),
(1009, 'Iris', 'Broughton', '14', '50', 1, 32, '91.123.1.1009', '9A:8C:DF:10:3D:S5', '2016-02-29', 1, 2),
(1010, 'Judith', 'Brightwell', '14', '51', 6, 292, '91.123.1.1010', '9A:8C:DF:16:9D:S8', '2016-02-29', 1, 3),
(1011, 'Lila', 'Appleton', '14', '52', 4, 57, '91.123.1.1011', '9A:8C:DF:96:4D:S9', '2016-02-29', 1, 2),
(1012, 'Berenice', 'Almond', '14', '53', 2, 109, NULL, '9A:8C:DF:47:5D:S8', '2016-02-29', 1, 1),
(1013, 'Celinda', 'Burns', '14', '54', 1, 190, '91.123.1.1013', '9A:8C:DF:57:3D:S4', '2016-02-29', 1, 1),
(1014, 'Clarissa', 'Bubb', '14', '55', 3, 101, '91.123.1.1014', '9A:8C:DF:53:8D:S6', '2016-02-29', 1, 1),
(1015, 'Ellen', 'Bingham', '14', '56', 3, 294, NULL, '9A:8C:DF:76:5D:S5', '2016-02-29', 1, 2),
(1016, 'Cleo', 'Anstead', '14', '57', 1, 223, '91.123.1.1016', '9A:8C:DF:91:9D:S6', '2016-02-29', 1, 3),
(1017, 'Carlene', 'Aykroyd', '14', '58', 6, 186, NULL, '9A:8C:DF:26:9D:S7', '2016-02-29', 1, 3),
(1018, 'Augusta', 'Brown', '14', '59', 6, 260, '91.123.1.1018', '9A:8C:DF:64:0D:S2', '2016-02-29', 1, 3),
(1019, 'Lila', 'Appleton', '14', '60', 5, 269, '91.123.1.1019', '9A:8C:DF:18:7D:S8', '2016-02-29', 1, 3),
(1020, 'Drusilla', 'Ayrton', '14', '61', 2, 258, '91.123.1.1020', '9A:8C:DF:17:8D:S7', '2016-02-29', 1, 1),
(1021, 'Alvina', 'Blyth', '14', '62', 6, 236, '91.123.1.1021', '9A:8C:DF:43:1D:S1', '2016-02-29', 1, 3),
(1022, 'E', 'Afford', '14', '63', 5, 219, '91.123.1.1022', '9A:8C:DF:05:0D:S6', '2016-02-29', 1, 1),
(1023, 'Cristalyn', 'Broomfield', '14', '64', 1, 6, NULL, '9A:8C:DF:87:9D:S0', '2016-02-29', 1, 2),
(1024, 'Lauren', 'Berry', '14', '65', 3, 34, '91.123.1.1024', '9A:8C:DF:22:9D:S4', '2016-02-29', 1, 2),
(1025, 'June', 'Blackett', '14', '66', 4, 265, NULL, '9A:8C:DF:35:4D:S9', '2016-02-29', 1, 3),
(1026, 'Gwendoline', 'Bingley', '14', '67', 2, 186, '91.123.1.1026', '9A:8C:DF:16:8D:S4', '2016-02-29', 1, 3),
(1027, 'Hope', 'Badley', '14', '68', 1, 211, '91.123.1.1027', '9A:8C:DF:87:6D:S9', '2016-02-29', 1, 2),
(1028, 'J', 'Bell', '14', '69', 4, 47, NULL, '9A:8C:DF:63:2D:S7', '2016-02-29', 1, 3),
(1029, 'C', 'Armstrong', '14', '70', 6, 100, '91.123.1.1029', '9A:8C:DF:24:7D:S3', '2016-02-29', 1, 2),
(1030, 'Gertrude', 'Bawden', '14', '71', 4, 228, '91.123.1.1030', '9A:8C:DF:55:9D:S8', '2016-02-29', 1, 2),
(1031, 'Helen', 'Burns', '14', '72', 4, 97, '91.123.1.1031', '9A:8C:DF:00:0D:S3', '2016-02-29', 1, 1),
(1032, 'Joy', 'Barkley', '14', '73', 1, 141, '91.123.1.1032', '9A:8C:DF:43:7D:S9', '2016-02-29', 1, 3),
(1033, 'Daphne', 'Burns', '14', '74', 2, 75, '91.123.1.1033', '9A:8C:DF:30:8D:S3', '2016-02-29', 1, 3),
(1034, 'Angela', 'Barleycorn', '14', '75', 3, 116, NULL, '9A:8C:DF:26:6D:S3', '2016-02-29', 1, 3),
(1035, 'Carlene', 'Basford', '14', '76', 3, 56, '91.123.1.1035', '9A:8C:DF:23:0D:S3', '2016-02-29', 1, 1),
(1036, 'Berenice', 'Braceful', '14', '77', 6, 42, '91.123.1.1036', '9A:8C:DF:66:3D:S2', '2016-02-29', 1, 3),
(1037, 'Abigail', 'Arden', '14', '78', 5, 202, '91.123.1.1037', '9A:8C:DF:40:6D:S1', '2016-02-29', 1, 1),
(1038, 'K', 'Blackburn', '14', '79', 3, 60, '91.123.1.1038', '9A:8C:DF:96:1D:S4', '2016-02-29', 1, 3),
(1039, 'Lorraine', 'Bedingfeld', '15', '1', 1, 164, NULL, '9A:8C:DF:41:3D:S6', '2016-02-29', 1, 2),
(1040, 'Chelsea', 'Barleycorn', '15', '2', 5, 215, '91.123.1.1040', '9A:8C:DF:76:1D:S3', '2016-02-29', 1, 1),
(1041, 'I', 'Brickman', '15', '3', 1, 137, '91.123.1.1041', '9A:8C:DF:37:6D:S0', '2016-02-29', 1, 1),
(1042, 'Gemma', 'Brimson', '15', '4', 3, 224, '91.123.1.1042', '9A:8C:DF:66:1D:S7', '2016-02-29', 1, 1),
(1043, 'Joy', 'Axtell', '15', '5', 4, 215, '91.123.1.1043', '9A:8C:DF:27:4D:S4', '2016-02-29', 1, 1),
(1044, 'Loretta', 'Bull', '15', '6', 1, 194, NULL, '9A:8C:DF:14:5D:S0', '2016-02-29', 1, 3),
(1045, 'Giselle', 'Beevers', '15', '7', 2, 173, '91.123.1.1045', '9A:8C:DF:49:9D:S7', '2016-02-29', 1, 2),
(1046, 'Alvina', 'Beckford', '15', '8', 3, 94, NULL, '9A:8C:DF:43:3D:S8', '2016-02-29', 1, 1),
(1047, 'Georgiana', 'Axtell', '15', '9', 1, 249, '91.123.1.1047', '9A:8C:DF:68:8D:S5', '2016-02-29', 1, 3),
(1048, 'Autumn', 'Allard', '15', '10', 1, 237, '91.123.1.1048', '9A:8C:DF:29:9D:S7', '2016-02-29', 1, 1),
(1049, 'Cleo', 'Brandis', '15', '11', 5, 20, '91.123.1.1049', '9A:8C:DF:45:7D:S3', '2016-02-29', 1, 3),
(1050, 'Jemma', 'Anstead', '15', '12', 4, 258, NULL, '9A:8C:DF:34:4D:S5', '2016-02-29', 1, 1),
(1051, 'Galenka', 'Almond', '15', '13', 3, 240, NULL, '9A:8C:DF:94:6D:S8', '2016-02-29', 1, 1),
(1052, 'Destiny', 'Babbage', '15', '14', 4, 222, '91.123.1.1052', '9A:8C:DF:75:0D:S6', '2016-02-29', 1, 2),
(1053, 'Annabel', 'Aitchison', '15', '15', 3, 216, '91.123.1.1053', '9A:8C:DF:94:2D:S4', '2016-02-29', 1, 1),
(1054, 'Joey', 'Beamont', '15', '16', 3, 147, '91.123.1.1054', '9A:8C:DF:24:9D:S7', '2016-02-29', 1, 1),
(1055, 'Linda', 'Broomfield', '15', '17', 6, 76, NULL, '9A:8C:DF:46:9D:S0', '2016-02-29', 1, 2),
(1056, 'Jemma', 'Baker', '15', '18', 5, 278, '91.123.1.1056', '9A:8C:DF:56:6D:S6', '2016-02-29', 1, 1),
(1057, 'Eileen', 'Auger', '15', '19', 2, 232, NULL, '9A:8C:DF:98:0D:S1', '2016-02-29', 1, 2),
(1058, 'Christina', 'Bedser', '15', '20', 2, 132, '91.123.1.1058', '9A:8C:DF:12:2D:S3', '2016-02-29', 1, 2),
(1059, 'Daisy', 'Beckford', '15', '21', 2, 261, NULL, '9A:8C:DF:46:5D:S3', '2016-02-29', 1, 1),
(1060, 'Faith', 'Boulting', '15', '22', 2, 143, '91.123.1.1060', '9A:8C:DF:67:0D:S0', '2016-02-29', 1, 2),
(1061, 'G', 'Beckles', '15', '23', 5, 105, NULL, '9A:8C:DF:20:3D:S2', '2016-02-29', 1, 1),
(1062, 'Charlotte', 'Basford', '15', '24', 3, 6, '91.123.1.1062', '9A:8C:DF:90:2D:S4', '2016-02-29', 1, 3),
(1063, 'Carolynn', 'Baily', '15', '25', 5, 31, '91.123.1.1063', '9A:8C:DF:52:8D:S7', '2016-02-29', 1, 3),
(1064, 'Dora', 'Allard', '15', '26', 2, 260, '91.123.1.1064', '9A:8C:DF:87:8D:S6', '2016-02-29', 1, 1),
(1065, 'Davina', 'Axtell', '15', '27', 2, 89, '91.123.1.1065', '9A:8C:DF:14:2D:S5', '2016-02-29', 1, 3),
(1066, 'Glenda', 'Baxter', '15', '28', 4, 79, NULL, '9A:8C:DF:27:6D:S2', '2016-02-29', 1, 3),
(1067, 'Linda', 'Austen', '15', '29', 5, 106, '91.123.1.1067', '9A:8C:DF:12:4D:S9', '2016-02-29', 1, 1),
(1068, 'Berenice', 'Ashbee', '15', '30', 5, 109, NULL, '9A:8C:DF:91:4D:S3', '2016-02-29', 1, 3),
(1069, 'Audrey', 'Butche', '15', '31', 2, 276, NULL, '9A:8C:DF:94:9D:S6', '2016-02-29', 1, 3),
(1070, 'Alice', 'Allum', '15', '32', 4, 274, '91.123.1.1070', '9A:8C:DF:16:8D:S7', '2016-02-29', 1, 2),
(1071, 'Laura', 'Burdon', '15', '33', 3, 131, '91.123.1.1071', '9A:8C:DF:37:2D:S8', '2016-02-29', 1, 1),
(1072, 'Annabel', 'Ayrton', '15', '34', 2, 88, '91.123.1.1072', '9A:8C:DF:90:7D:S0', '2016-02-29', 1, 2),
(1073, 'Hester', 'Auster', '15', '35', 5, 19, '91.123.1.1073', '9A:8C:DF:06:7D:S2', '2016-02-29', 1, 1),
(1074, 'Cheryl', 'Astley', '15', '36', 5, 222, '91.123.1.1074', '9A:8C:DF:16:8D:S3', '2016-02-29', 1, 3),
(1075, 'Carolyn', 'Armstrong', '15', '37', 1, 107, '91.123.1.1075', '9A:8C:DF:78:2D:S3', '2016-02-29', 1, 1),
(1076, 'Angela', 'Brewster', '15', '38', 6, 49, '91.123.1.1076', '9A:8C:DF:61:2D:S3', '2016-02-29', 1, 2),
(1077, 'Jacqui', 'Butche', '15', '39', 1, 186, '91.123.1.1077', '9A:8C:DF:85:5D:S2', '2016-02-29', 1, 2),
(1078, 'Cheryl', 'Armfield', '15', '40', 3, 36, NULL, '9A:8C:DF:42:4D:S3', '2016-02-29', 1, 1),
(1079, 'Candy', 'Babbs', '15', '41', 3, 30, '91.123.1.1079', '9A:8C:DF:44:5D:S8', '2016-02-29', 1, 2),
(1080, 'Agatha', 'Barleycorn', '15', '42', 3, 217, '91.123.1.1080', '9A:8C:DF:21:4D:S3', '2016-02-29', 1, 3),
(1081, 'Averil', 'Astley', '15', '43', 1, 276, '91.123.1.1081', '9A:8C:DF:84:7D:S8', '2016-02-29', 1, 2),
(1082, 'Deanna', 'Birdsong', '15', '44', 6, 15, NULL, '9A:8C:DF:45:9D:S4', '2016-02-29', 1, 2),
(1083, 'Dulcie', 'Acton', '15', '45', 5, 248, NULL, '9A:8C:DF:97:7D:S9', '2016-02-29', 1, 1),
(1084, 'Chelsea', 'Brackman', '15', '46', 1, 118, '91.123.1.1084', '9A:8C:DF:92:5D:S2', '2016-02-29', 1, 1),
(1085, 'Lorraine', 'Blackburne', '15', '47', 5, 131, '91.123.1.1085', '9A:8C:DF:34:3D:S3', '2016-02-29', 1, 3),
(1086, 'Heidi', 'Atlee', '15', '48', 6, 251, '91.123.1.1086', '9A:8C:DF:15:2D:S5', '2016-02-29', 1, 3),
(1087, 'Barbara', 'Bloomer', '15', '49', 5, 218, '91.123.1.1087', '9A:8C:DF:55:5D:S8', '2016-02-29', 1, 2),
(1088, 'B', 'Afford', '15', '50', 4, 50, '91.123.1.1088', '9A:8C:DF:72:2D:S8', '2016-02-29', 1, 1),
(1089, 'Elizabeth', 'Baily', '15', '51', 3, 76, '91.123.1.1089', '9A:8C:DF:08:2D:S9', '2016-02-29', 1, 1),
(1090, 'Dulcie', 'Adshead', '15', '52', 6, 105, '91.123.1.1090', '9A:8C:DF:29:0D:S3', '2016-02-29', 1, 2),
(1091, 'Janie', 'Brayton', '15', '53', 4, 291, '91.123.1.1091', '9A:8C:DF:66:8D:S2', '2016-02-29', 1, 3),
(1092, 'Joanna', 'Ashbee', '15', '54', 3, 151, '91.123.1.1092', '9A:8C:DF:73:4D:S2', '2016-02-29', 1, 1),
(1093, 'Ivy', 'Babbs', '15', '55', 4, 232, '91.123.1.1093', '9A:8C:DF:00:3D:S0', '2016-02-29', 1, 1),
(1094, 'Joey', 'Auster', '15', '56', 6, 109, NULL, '9A:8C:DF:68:3D:S6', '2016-02-29', 1, 3),
(1095, 'Dolores', 'Ackroyd', '15', '57', 6, 80, NULL, '9A:8C:DF:26:4D:S9', '2016-02-29', 1, 1),
(1096, 'Lauretta', 'Bayer', '15', '58', 5, 80, '91.123.1.1096', '9A:8C:DF:42:7D:S0', '2016-02-29', 1, 2),
(1097, 'Enid', 'Axtell', '15', '59', 5, 4, '91.123.1.1097', '9A:8C:DF:52:0D:S2', '2016-02-29', 1, 3),
(1098, 'Lorelei', 'Burke', '15', '60', 5, 138, '91.123.1.1098', '9A:8C:DF:73:3D:S5', '2016-02-29', 1, 3),
(1099, 'Dorothy', 'Bercow', '15', '61', 3, 211, NULL, '9A:8C:DF:35:6D:S6', '2016-02-29', 1, 3),
(1100, 'Dolores', 'Adshead', '15', '62', 3, 58, NULL, '9A:8C:DF:12:9D:S4', '2016-02-29', 1, 3),
(1101, 'Lois', 'Begley', '15', '63', 2, 51, NULL, '9A:8C:DF:96:2D:S6', '2016-02-29', 1, 3),
(1102, 'Alvina', 'Breckenridge', '15', '64', 2, 101, '91.123.1.1102', '9A:8C:DF:99:0D:S6', '2016-02-29', 1, 2),
(1103, 'Lily', 'Beer', '15', '65', 3, 133, NULL, '9A:8C:DF:96:6D:S1', '2016-02-29', 1, 2),
(1104, 'Edna', 'Bates', '15', '66', 6, 232, '91.123.1.1104', '9A:8C:DF:83:1D:S3', '2016-02-29', 1, 2),
(1105, 'Irene', 'Aylesworth', '15', '67', 1, 214, '91.123.1.1105', '9A:8C:DF:58:0D:S1', '2016-02-29', 1, 2),
(1106, 'Bridget', 'Ardley', '15', '68', 2, 290, '91.123.1.1106', '9A:8C:DF:32:7D:S8', '2016-02-29', 1, 2),
(1107, 'Claribel', 'Adelson', '15', '69', 1, 42, '91.123.1.1107', '9A:8C:DF:69:4D:S6', '2016-02-29', 1, 1),
(1108, 'Ella', 'Bott', '15', '70', 5, 79, '91.123.1.1108', '9A:8C:DF:65:6D:S6', '2016-02-29', 1, 3),
(1109, 'Aubrey', 'Bercow', '15', '71', 3, 223, NULL, '9A:8C:DF:21:9D:S0', '2016-02-29', 1, 1),
(1110, 'Hannah', 'Berker', '15', '72', 3, 274, '91.123.1.1110', '9A:8C:DF:72:9D:S2', '2016-02-29', 1, 1),
(1111, 'Gwendolyn', 'B', '15', '73', 3, 293, '91.123.1.1111', '9A:8C:DF:44:0D:S2', '2016-02-29', 1, 1),
(1112, 'Kathleen', 'Bedford', '15', '74', 1, 24, NULL, '9A:8C:DF:75:3D:S8', '2016-02-29', 1, 1),
(1113, 'E', 'Burdon', '15', '75', 3, 85, '91.123.1.1113', '9A:8C:DF:83:7D:S1', '2016-02-29', 1, 1),
(1114, 'Dora', 'Bercow', '15', '76', 3, 168, '91.123.1.1114', '9A:8C:DF:72:4D:S8', '2016-02-29', 1, 3),
(1115, 'Jessie', 'Amory', '15', '77', 5, 268, '91.123.1.1115', '9A:8C:DF:15:2D:S5', '2016-02-29', 1, 2),
(1116, 'Audrey', 'Breckenridge', '15', '78', 1, 5, '91.123.1.1116', '9A:8C:DF:68:1D:S4', '2016-02-29', 1, 1),
(1117, 'Alice', 'Blackburn', '15', '79', 5, 66, '91.123.1.1117', '9A:8C:DF:21:5D:S9', '2016-02-29', 1, 2),
(1118, 'Elizabeth', 'Alderman', '15', '80', 4, 290, NULL, '9A:8C:DF:32:5D:S8', '2016-02-29', 1, 2),
(1119, 'Clarissa', 'Allred', '15', '81', 2, 250, '91.123.1.1119', '9A:8C:DF:55:4D:S8', '2016-02-29', 1, 2),
(1120, 'Lauretta', 'Alderman', '15', '82', 1, 246, '91.123.1.1120', '9A:8C:DF:13:4D:S2', '2016-02-29', 1, 1),
(1121, 'Louis', 'Acton', '15', '83', 2, 17, '91.123.1.1121', '9A:8C:DF:03:1D:S6', '2016-02-29', 1, 2),
(1122, 'Dolores', 'Axford', '15', '84', 2, 12, '91.123.1.1122', '9A:8C:DF:94:9D:S3', '2016-02-29', 1, 1),
(1123, 'Imogen', 'Blackmon', '15', '85', 4, 160, '91.123.1.1123', '9A:8C:DF:30:6D:S1', '2016-02-29', 1, 1),
(1124, 'Lorna', 'Botterill', '15', '86', 3, 192, '91.123.1.1124', '9A:8C:DF:38:1D:S9', '2016-02-29', 1, 3),
(1125, 'Carolynn', 'Batchelor', '15', '87', 5, 161, '91.123.1.1125', '9A:8C:DF:68:9D:S1', '2016-02-29', 1, 3),
(1126, 'Harriet', 'Badley', '15', '88', 2, 36, '91.123.1.1126', '9A:8C:DF:34:7D:S4', '2016-02-29', 1, 2),
(1127, 'Leanne', 'Biggins', '15', '89', 6, 106, NULL, '9A:8C:DF:69:6D:S6', '2016-02-29', 1, 2),
(1128, 'Annabel', 'Ayrton', '15', '90', 1, 131, '91.123.1.1128', '9A:8C:DF:29:0D:S5', '2016-02-29', 1, 3),
(1129, 'Fiona', 'Aldridge', '15', '91', 4, 80, '91.123.1.1129', '9A:8C:DF:65:2D:S1', '2016-02-29', 1, 1),
(1130, 'Kirsten', 'Afford', '15', '92', 5, 154, '91.123.1.1130', '9A:8C:DF:54:4D:S1', '2016-02-29', 1, 1),
(1131, 'Helene', 'Armfield', '15', '93', 3, 226, '91.123.1.1131', '9A:8C:DF:33:7D:S2', '2016-02-29', 1, 1),
(1132, 'Christabel', 'Ashdown', '16', '1', 3, 268, '91.123.1.1132', '9A:8C:DF:06:7D:S7', '2016-02-29', 1, 1),
(1133, 'Imelda', 'Bayles', '16', '2', 4, 144, '91.123.1.1133', '9A:8C:DF:64:4D:S2', '2016-02-29', 1, 3),
(1134, 'E', 'Broom', '16', '3', 2, 91, NULL, '9A:8C:DF:78:4D:S2', '2016-02-29', 1, 1),
(1135, 'Jolie', 'Burdon', '16', '4', 6, 214, '91.123.1.1135', '9A:8C:DF:82:6D:S1', '2016-02-29', 1, 2),
(1136, 'Jenna', 'Blackmon', '16', '5', 3, 62, '91.123.1.1136', '9A:8C:DF:78:2D:S7', '2016-02-29', 1, 3),
(1137, 'Judith', 'Atkins', '16', '6', 6, 110, '91.123.1.1137', '9A:8C:DF:40:1D:S5', '2016-02-29', 1, 1),
(1138, 'Charisse', 'Armstrong', '16', '7', 3, 124, NULL, '9A:8C:DF:74:7D:S9', '2016-02-29', 1, 1),
(1139, 'D', 'Brennan', '16', '8', 3, 231, '91.123.1.1139', '9A:8C:DF:74:0D:S3', '2016-02-29', 1, 2),
(1140, 'L', 'Beaton', '16', '9', 5, 165, '91.123.1.1140', '9A:8C:DF:59:6D:S7', '2016-02-29', 1, 1),
(1141, 'Joanne', 'Alderman', '16', '10', 1, 14, NULL, '9A:8C:DF:52:0D:S9', '2016-02-29', 1, 1),
(1142, 'Celia', 'Adlam', '16', '11', 3, 162, NULL, '9A:8C:DF:98:2D:S3', '2016-02-29', 1, 1),
(1143, 'Leyna', 'Abbey', '16', '12', 5, 264, '91.123.1.1143', '9A:8C:DF:74:9D:S9', '2016-02-29', 1, 3),
(1144, 'Jemima', 'Brandis', '16', '13', 1, 220, NULL, '9A:8C:DF:27:3D:S5', '2016-02-29', 1, 2),
(1145, 'Eunice', 'Batchelor', '16', '14', 1, 41, NULL, '9A:8C:DF:81:1D:S1', '2016-02-29', 1, 2),
(1146, 'Hero', 'Botterill', '16', '15', 2, 179, NULL, '9A:8C:DF:82:2D:S8', '2016-02-29', 1, 2),
(1147, 'Aubrey', 'Axon', '16', '16', 1, 77, '91.123.1.1147', '9A:8C:DF:40:6D:S1', '2016-02-29', 1, 1),
(1148, 'Cadence', 'Bell', '16', '17', 4, 277, '91.123.1.1148', '9A:8C:DF:59:6D:S5', '2016-02-29', 1, 1),
(1149, 'Georgiana', 'Auster', '16', '18', 5, 142, '91.123.1.1149', '9A:8C:DF:05:4D:S5', '2016-02-29', 1, 2),
(1150, 'Linda', 'Bedford', '16', '19', 3, 34, NULL, '9A:8C:DF:23:8D:S7', '2016-02-29', 1, 3),
(1151, 'Joan', 'Beaton', '16', '20', 1, 31, NULL, '9A:8C:DF:10:3D:S9', '2016-02-29', 1, 3),
(1152, 'Kaylee', 'Berker', '16', '21', 5, 164, '91.123.1.1152', '9A:8C:DF:85:6D:S2', '2016-02-29', 1, 2),
(1153, 'K', 'Beresford', '16', '22', 1, 176, '91.123.1.1153', '9A:8C:DF:61:5D:S6', '2016-02-29', 1, 2),
(1154, 'Bella', 'Allred', '16', '23', 6, 169, '91.123.1.1154', '9A:8C:DF:02:6D:S2', '2016-02-29', 1, 3),
(1155, 'Leyna', 'Asbridge', '16', '24', 3, 238, '91.123.1.1155', '9A:8C:DF:38:8D:S2', '2016-02-29', 1, 2),
(1156, 'Helena', 'Boothby', '16', '25', 4, 98, '91.123.1.1156', '9A:8C:DF:14:4D:S9', '2016-02-29', 1, 2),
(1157, 'Lila', 'Bedford', '16', '26', 5, 172, '91.123.1.1157', '9A:8C:DF:76:1D:S0', '2016-02-29', 1, 3),
(1158, 'Galenka', 'Bugden', '16', '27', 3, 111, '91.123.1.1158', '9A:8C:DF:61:3D:S9', '2016-02-29', 1, 3),
(1159, 'Joanne', 'Attenborough', '16', '28', 2, 38, '91.123.1.1159', '9A:8C:DF:45:6D:S4', '2016-02-29', 1, 1),
(1160, 'Heidi', 'Brack', '16', '29', 4, 182, '91.123.1.1160', '9A:8C:DF:34:8D:S2', '2016-02-29', 1, 3),
(1161, 'Harriet', 'Blackmon', '16', '30', 6, 146, '91.123.1.1161', '9A:8C:DF:73:1D:S8', '2016-02-29', 1, 2),
(1162, 'Alaina', 'Aitchison', '16', '31', 4, 59, '91.123.1.1162', '9A:8C:DF:62:6D:S8', '2016-02-29', 1, 1),
(1163, 'Betsy', 'Adshead', '16', '32', 4, 214, '91.123.1.1163', '9A:8C:DF:73:7D:S4', '2016-02-29', 1, 1),
(1164, 'Berenice', 'Austen', '16', '33', 1, 292, '91.123.1.1164', '9A:8C:DF:14:7D:S2', '2016-02-29', 1, 3),
(1165, 'Amber', 'Barry', '16', '34', 5, 17, NULL, '9A:8C:DF:52:4D:S8', '2016-02-29', 1, 1),
(1166, 'Audrey', 'Brewer', '16', '35', 1, 31, '91.123.1.1166', '9A:8C:DF:60:1D:S3', '2016-02-29', 1, 1),
(1167, 'Denise', 'Beeby', '16', '36', 5, 250, NULL, '9A:8C:DF:79:5D:S0', '2016-02-29', 1, 2),
(1168, 'Celestia', 'Beachum', '16', '37', 3, 262, '91.123.1.1168', '9A:8C:DF:73:5D:S4', '2016-02-29', 1, 2),
(1169, 'Estelle', 'Bréhal', '16', '38', 6, 51, '91.123.1.1169', '9A:8C:DF:22:9D:S2', '2016-02-29', 1, 2),
(1170, 'Angel', 'Auster', '16', '39', 3, 30, '91.123.1.1170', '9A:8C:DF:56:9D:S7', '2016-02-29', 1, 2),
(1171, 'Genevieve', 'Blackburne', '16', '40', 3, 53, '91.123.1.1171', '9A:8C:DF:64:1D:S0', '2016-02-29', 1, 3),
(1172, 'Charisse', 'Bates', '16', '41', 5, 256, '91.123.1.1172', '9A:8C:DF:56:5D:S9', '2016-02-29', 1, 3),
(1173, 'Elizabeth', 'Abbott', '16', '42', 3, 168, '91.123.1.1173', '9A:8C:DF:90:2D:S3', '2016-02-29', 1, 2),
(1174, 'Anna', 'Barton', '16', '43', 5, 271, '91.123.1.1174', '9A:8C:DF:84:7D:S1', '2016-02-29', 1, 1),
(1175, 'Jennifer', 'Allard', '16', '44', 6, 71, NULL, '9A:8C:DF:65:5D:S4', '2016-02-29', 1, 1),
(1176, 'Kim', 'Alderman', '16', '45', 6, 249, '91.123.1.1176', '9A:8C:DF:53:8D:S6', '2016-02-29', 1, 1),
(1177, 'Flora', 'Asbridge', '16', '46', 6, 140, '91.123.1.1177', '9A:8C:DF:86:8D:S9', '2016-02-29', 1, 3),
(1178, 'Alison', 'Braithwaite', '16', '47', 3, 184, '91.123.1.1178', '9A:8C:DF:30:1D:S3', '2016-02-29', 1, 3),
(1179, 'Dede', 'Beanland', '16', '48', 5, 89, '91.123.1.1179', '9A:8C:DF:94:9D:S8', '2016-02-29', 1, 2),
(1180, 'Ella', 'Blackmon', '16', '49', 1, 49, '91.123.1.1180', '9A:8C:DF:52:4D:S3', '2016-02-29', 1, 2),
(1181, 'Addys', 'Boulting', '16', '50', 4, 219, '91.123.1.1181', '9A:8C:DF:07:3D:S6', '2016-02-29', 1, 2),
(1182, 'Ellen', 'Ashbee', '16', '51', 3, 210, '91.123.1.1182', '9A:8C:DF:04:5D:S7', '2016-02-29', 1, 3),
(1183, 'Drusilla', 'Birdsong', '16', '52', 6, 175, NULL, '9A:8C:DF:36:2D:S8', '2016-02-29', 1, 2),
(1184, 'Antonia', 'Bennett', '16', '53', 5, 293, '91.123.1.1184', '9A:8C:DF:68:0D:S3', '2016-02-29', 1, 2),
(1185, 'Charisse', 'Adelson', '16', '54', 2, 69, '91.123.1.1185', '9A:8C:DF:22:4D:S5', '2016-02-29', 1, 2),
(1186, 'B', 'Boothby', '16', '55', 5, 140, '91.123.1.1186', '9A:8C:DF:38:0D:S4', '2016-02-29', 1, 2),
(1187, 'Deanna', 'Beachum', '16', '56', 3, 22, '91.123.1.1187', '9A:8C:DF:94:4D:S7', '2016-02-29', 1, 3),
(1188, 'Betty', 'Barker', '16', '57', 2, 55, '91.123.1.1188', '9A:8C:DF:43:6D:S7', '2016-02-29', 1, 3),
(1189, 'Bronwyn', 'Bird', '17', '1', 2, 132, NULL, '9A:8C:DF:92:0D:S5', '2016-02-29', 1, 3),
(1190, 'Joey', 'Begley', '17', '2', 5, 63, '91.123.1.1190', '9A:8C:DF:52:6D:S9', '2016-02-29', 1, 3),
(1191, 'Iris', 'Birdsong', '17', '3', 4, 140, '91.123.1.1191', '9A:8C:DF:54:8D:S4', '2016-02-29', 1, 3),
(1192, 'B', 'Axon', '17', '4', 3, 138, '91.123.1.1192', '9A:8C:DF:82:6D:S1', '2016-02-29', 1, 3),
(1193, 'Betty', 'Bartholomew', '17', '5', 2, 45, NULL, '9A:8C:DF:84:9D:S7', '2016-02-29', 1, 3),
(1194, 'Audrey', 'Abbey', '17', '6', 5, 51, NULL, '9A:8C:DF:50:7D:S6', '2016-02-29', 1, 3),
(1195, 'Dolores', 'Barton', '17', '7', 4, 169, '91.123.1.1195', '9A:8C:DF:50:2D:S0', '2016-02-29', 1, 3),
(1196, 'Cheryl', 'Benedict', '17', '8', 4, 284, '91.123.1.1196', '9A:8C:DF:34:4D:S1', '2016-02-29', 1, 3),
(1197, 'Anna', 'Beardsley', '17', '9', 1, 188, '91.123.1.1197', '9A:8C:DF:14:3D:S0', '2016-02-29', 1, 2),
(1198, 'Jacqueline', 'Bayles', '17', '10', 6, 107, '91.123.1.1198', '9A:8C:DF:78:6D:S4', '2016-02-29', 1, 3),
(1199, 'I', 'Applegate', '17', '11', 6, 240, '91.123.1.1199', '9A:8C:DF:54:8D:S5', '2016-02-29', 1, 1),
(1200, 'Arda', 'Bennett', '17', '12', 4, 215, '91.123.1.1200', '9A:8C:DF:93:9D:S6', '2016-02-29', 1, 2),
(1201, 'Alison', 'Bowes', '17', '13', 2, 107, NULL, '9A:8C:DF:86:1D:S4', '2016-02-29', 1, 3),
(1202, 'Elektra', 'Bott', '17', '14', 6, 90, NULL, '9A:8C:DF:95:2D:S0', '2016-02-29', 1, 2),
(1203, 'Hannah', 'Bercow', '17', '15', 5, 3, '91.123.1.1203', '9A:8C:DF:18:2D:S6', '2016-02-29', 1, 2),
(1204, 'Dolores', 'Brickman', '17', '16', 6, 289, '91.123.1.1204', '9A:8C:DF:99:6D:S5', '2016-02-29', 1, 3),
(1205, 'Kaylee', 'B', '17', '17', 3, 207, '91.123.1.1205', '9A:8C:DF:36:3D:S4', '2016-02-29', 1, 3),
(1206, 'Cynthia', 'Adshead', '17', '18', 6, 107, '91.123.1.1206', '9A:8C:DF:40:2D:S8', '2016-02-29', 1, 1),
(1207, 'Alberta', 'Barraclough', '17', '19', 4, 232, '91.123.1.1207', '9A:8C:DF:67:9D:S5', '2016-02-29', 1, 1),
(1208, 'Lorraine', 'Burbridge', '17', '20', 5, 111, '91.123.1.1208', '9A:8C:DF:31:0D:S4', '2016-02-29', 1, 1),
(1209, 'Enid', 'Bawden', '17', '21', 5, 257, NULL, '9A:8C:DF:30:6D:S0', '2016-02-29', 1, 1),
(1210, 'Lauretta', 'Bott', '17', '22', 5, 149, '91.123.1.1210', '9A:8C:DF:48:6D:S2', '2016-02-29', 1, 3),
(1211, 'Genevieve', 'Bethune', '17', '23', 5, 45, '91.123.1.1211', '9A:8C:DF:43:5D:S8', '2016-02-29', 1, 2),
(1212, 'Charmaine', 'Bubb', '17', '24', 5, 189, '91.123.1.1212', '9A:8C:DF:66:6D:S5', '2016-02-29', 1, 1),
(1213, 'Gertrude', 'Anderson', '17', '25', 6, 66, NULL, '9A:8C:DF:21:2D:S7', '2016-02-29', 1, 3),
(1214, 'Enid', 'Baxter', '17', '26', 5, 147, '91.123.1.1214', '9A:8C:DF:86:6D:S0', '2016-02-29', 1, 3),
(1215, 'Adele', 'Beamont', '17', '27', 5, 167, '91.123.1.1215', '9A:8C:DF:99:1D:S9', '2016-02-29', 1, 1),
(1216, 'Joy', 'Amory', '17', '28', 2, 65, NULL, '9A:8C:DF:47:5D:S7', '2016-02-29', 1, 2),
(1217, 'Carolynn', 'Altman', '17', '29', 5, 276, '91.123.1.1217', '9A:8C:DF:81:2D:S0', '2016-02-29', 1, 3),
(1218, 'Lorelei', 'Acheson', '17', '30', 4, 196, '91.123.1.1218', '9A:8C:DF:14:3D:S2', '2016-02-29', 1, 2),
(1219, 'Cecily', 'Abbott', '17', '31', 2, 198, '91.123.1.1219', '9A:8C:DF:32:5D:S1', '2016-02-29', 1, 1),
(1220, 'Barbara', 'Acton', '17', '32', 6, 157, '91.123.1.1220', '9A:8C:DF:87:8D:S5', '2016-02-29', 1, 1),
(1221, 'Julianne', 'Bloomfield', '17', '33', 1, 83, '91.123.1.1221', '9A:8C:DF:85:5D:S1', '2016-02-29', 1, 1),
(1222, 'Addys', 'Barleycorn', '17', '34', 3, 103, NULL, '9A:8C:DF:28:1D:S7', '2016-02-29', 1, 2),
(1223, 'Genevieve', 'Beckles', '17', '35', 1, 270, '91.123.1.1223', '9A:8C:DF:91:0D:S0', '2016-02-29', 1, 1),
(1224, 'Davina', 'Berker', '17', '36', 5, 10, '91.123.1.1224', '9A:8C:DF:59:9D:S5', '2016-02-29', 1, 1),
(1225, 'Joanne', 'Blyth', '17', '37', 3, 272, '91.123.1.1225', '9A:8C:DF:76:5D:S2', '2016-02-29', 1, 2),
(1226, 'Louis', 'Bence', '17', '38', 1, 268, '91.123.1.1226', '9A:8C:DF:36:2D:S7', '2016-02-29', 1, 1),
(1227, 'Effie', 'Beale', '18', '1', 1, 255, NULL, '9A:8C:DF:53:7D:S7', '2016-02-29', 1, 1),
(1228, 'Kim', 'Beckford', '18', '2', 3, 246, '91.123.1.1228', '9A:8C:DF:12:7D:S7', '2016-02-29', 1, 1),
(1229, 'Gwendolen', 'Bramble', '18', '3', 4, 47, '91.123.1.1229', '9A:8C:DF:69:4D:S2', '2016-02-29', 1, 3),
(1230, 'Hester', 'Ashdown', '18', '4', 3, 186, NULL, '9A:8C:DF:23:0D:S7', '2016-02-29', 1, 1),
(1231, 'Celia', 'Bonniwell', '18', '5', 3, 19, '91.123.1.1231', '9A:8C:DF:05:0D:S7', '2016-02-29', 1, 1),
(1232, 'Deanne', 'Batchelor', '18', '6', 1, 241, '91.123.1.1232', '9A:8C:DF:68:8D:S0', '2016-02-29', 1, 3),
(1233, 'Helena', 'Brinkley', '18', '7', 4, 249, '91.123.1.1233', '9A:8C:DF:60:8D:S4', '2016-02-29', 1, 2),
(1234, 'Jaime', 'Amory', '18', '8', 1, 175, '91.123.1.1234', '9A:8C:DF:93:5D:S0', '2016-02-29', 1, 3),
(1235, 'Angela', 'Brandis', '18', '9', 5, 21, '91.123.1.1235', '9A:8C:DF:22:6D:S5', '2016-02-29', 1, 3),
(1236, 'Daphne', 'Beal', '18', '10', 6, 291, '91.123.1.1236', '9A:8C:DF:31:6D:S4', '2016-02-29', 1, 2),
(1237, 'Lois', 'Bingham', '18', '11', 4, 18, '91.123.1.1237', '9A:8C:DF:24:4D:S7', '2016-02-29', 1, 1),
(1238, 'Charlotte', 'Atlee', '18', '12', 5, 96, '91.123.1.1238', '9A:8C:DF:81:4D:S3', '2016-02-29', 1, 2),
(1239, 'Dora', 'Basford', '18', '13', 2, 236, NULL, '9A:8C:DF:21:0D:S0', '2016-02-29', 1, 3),
(1240, 'Imelda', 'Blight', '18', '14', 1, 183, '91.123.1.1240', '9A:8C:DF:42:7D:S6', '2016-02-29', 1, 1),
(1241, 'Judith', 'Brackenridge', '18', '15', 6, 134, NULL, '9A:8C:DF:16:6D:S2', '2016-02-29', 1, 2),
(1242, 'Carolynn', 'Bloomer', '18', '16', 3, 17, '91.123.1.1242', '9A:8C:DF:53:8D:S8', '2016-02-29', 1, 1),
(1243, 'Annabel', 'Baily', '18', '17', 3, 20, '91.123.1.1243', '9A:8C:DF:51:2D:S5', '2016-02-29', 1, 1),
(1244, 'Gemma', 'Baskerville', '18', '18', 5, 12, '91.123.1.1244', '9A:8C:DF:65:8D:S3', '2016-02-29', 1, 1),
(1245, 'Gertie', 'Beacham', '18', '19', 5, 124, '91.123.1.1245', '9A:8C:DF:93:0D:S6', '2016-02-29', 1, 1),
(1246, 'Amelia', 'Bates', '18', '20', 6, 161, '91.123.1.1246', '9A:8C:DF:54:8D:S0', '2016-02-29', 1, 3),
(1247, 'Ada', 'Bayles', '18', '21', 1, 18, '91.123.1.1247', '9A:8C:DF:89:2D:S5', '2016-02-29', 1, 2),
(1248, 'Agnes', 'Beck', '18', '22', 3, 199, '91.123.1.1248', '9A:8C:DF:65:9D:S6', '2016-02-29', 1, 2),
(1249, 'Cadence', 'Acheson', '18', '23', 4, 105, '91.123.1.1249', '9A:8C:DF:15:2D:S8', '2016-02-29', 1, 1),
(1250, 'Belinda', 'Blackett', '18', '24', 5, 172, '91.123.1.1250', '9A:8C:DF:13:6D:S3', '2016-02-29', 1, 2),
(1251, 'Amy', 'Akehurst', '18', '25', 4, 72, '91.123.1.1251', '9A:8C:DF:50:2D:S0', '2016-02-29', 1, 2),
(1252, 'Lara', 'Bedser', '18', '26', 2, 183, '91.123.1.1252', '9A:8C:DF:98:7D:S9', '2016-02-29', 1, 3),
(1253, 'Charisse', 'Bingham', '18', '27', 3, 156, NULL, '9A:8C:DF:37:8D:S5', '2016-02-29', 1, 2),
(1254, 'Celestia', 'Brinkley', '18', '28', 4, 1, NULL, '9A:8C:DF:14:3D:S1', '2016-02-29', 1, 2),
(1255, 'Autumn', 'Axon', '18', '29', 2, 98, '91.123.1.1255', '9A:8C:DF:64:1D:S9', '2016-02-29', 1, 1),
(1256, 'Charis', 'Benedict', '18', '30', 5, 123, NULL, '9A:8C:DF:46:0D:S0', '2016-02-29', 1, 3),
(1257, 'Joanna', 'Arden', '18', '31', 5, 188, NULL, '9A:8C:DF:09:1D:S2', '2016-02-29', 1, 2),
(1258, 'Enid', 'Beale', '18', '32', 4, 84, '91.123.1.1258', '9A:8C:DF:94:0D:S4', '2016-02-29', 1, 2),
(1259, 'K', 'Beck', '18', '33', 6, 114, '91.123.1.1259', '9A:8C:DF:60:1D:S6', '2016-02-29', 1, 3),
(1260, 'Dulcie', 'Bates', '18', '34', 3, 103, '91.123.1.1260', '9A:8C:DF:95:6D:S0', '2016-02-29', 1, 1),
(1261, 'Glenda', 'Auster', '18', '35', 6, 147, '91.123.1.1261', '9A:8C:DF:70:5D:S6', '2016-02-29', 1, 2),
(1262, 'Adele', 'Beevers', '18', '36', 4, 123, '91.123.1.1262', '9A:8C:DF:23:3D:S5', '2016-02-29', 1, 2),
(1263, 'Lauren', 'Brackman', '18', '37', 4, 104, '91.123.1.1263', '9A:8C:DF:01:2D:S4', '2016-02-29', 1, 3),
(1264, 'Dawn', 'Bowes', '18', '38', 1, 95, '91.123.1.1264', '9A:8C:DF:56:3D:S7', '2016-02-29', 1, 1),
(1265, 'H', 'Begley', '18', '39', 4, 94, '91.123.1.1265', '9A:8C:DF:88:9D:S3', '2016-02-29', 1, 2),
(1266, 'Gwenda', 'Austen', '18', '40', 1, 126, '91.123.1.1266', '9A:8C:DF:87:5D:S4', '2016-02-29', 1, 2),
(1267, 'Glenda', 'Boulting', '18', '41', 1, 228, '91.123.1.1267', '9A:8C:DF:25:2D:S4', '2016-02-29', 1, 2),
(1268, 'Helene', 'Bubb', '18', '42', 4, 64, '91.123.1.1268', '9A:8C:DF:32:2D:S4', '2016-02-29', 1, 1),
(1269, 'Cecilia', 'Astley', '18', '43', 6, 290, NULL, '9A:8C:DF:16:6D:S1', '2016-02-29', 1, 1),
(1270, 'Joey', 'Acton', '18', '44', 6, 59, '91.123.1.1270', '9A:8C:DF:85:7D:S3', '2016-02-29', 1, 2),
(1271, 'Cristalyn', 'Beck', '18', '45', 4, 1, '91.123.1.1271', '9A:8C:DF:67:8D:S4', '2016-02-29', 1, 3),
(1272, 'Eva', 'Beck', '18', '46', 1, 100, NULL, '9A:8C:DF:39:0D:S5', '2016-02-29', 1, 3),
(1273, 'Faith', 'Bromley-Davenport', '18', '47', 1, 71, '91.123.1.1273', '9A:8C:DF:60:3D:S5', '2016-02-29', 1, 1),
(1274, 'Janie', 'Baynton', '18', '48', 6, 240, '91.123.1.1274', '9A:8C:DF:77:8D:S1', '2016-02-29', 1, 2),
(1275, 'Deborah', 'Brackenridge', '18', '49', 2, 88, '91.123.1.1275', '9A:8C:DF:29:5D:S9', '2016-02-29', 1, 1),
(1276, 'Lois', 'Beadon', '18', '50', 2, 153, '91.123.1.1276', '9A:8C:DF:43:2D:S4', '2016-02-29', 1, 1),
(1277, 'Hannah', 'Bagshaw', '18', '51', 3, 111, '91.123.1.1277', '9A:8C:DF:06:3D:S5', '2016-02-29', 1, 2),
(1278, 'Gwendolen', 'Adshead', '18', '52', 6, 3, '91.123.1.1278', '9A:8C:DF:77:8D:S6', '2016-02-29', 1, 1),
(1279, 'J', 'Bayntun', '18', '53', 3, 61, '91.123.1.1279', '9A:8C:DF:22:3D:S7', '2016-02-29', 1, 2),
(1280, 'Cordelia', 'Beacham', '18', '54', 3, 286, '91.123.1.1280', '9A:8C:DF:04:7D:S2', '2016-02-29', 1, 2),
(1281, 'Glenda', 'Beevers', '18', '55', 1, 98, '91.123.1.1281', '9A:8C:DF:95:2D:S0', '2016-02-29', 1, 2),
(1282, 'I', 'Beardsley', '18', '56', 4, 63, '91.123.1.1282', '9A:8C:DF:18:1D:S2', '2016-02-29', 1, 3),
(1283, 'June', 'B', '18', '57', 4, 62, NULL, '9A:8C:DF:16:9D:S1', '2016-02-29', 1, 2),
(1284, 'Charmaine', 'Buckler', '18', '58', 4, 13, '91.123.1.1284', '9A:8C:DF:14:1D:S5', '2016-02-29', 1, 1),
(1285, 'Innogen', 'Burney', '18', '59', 2, 110, '91.123.1.1285', '9A:8C:DF:88:1D:S5', '2016-02-29', 1, 3),
(1286, 'Betsy', 'Axon', '18', '60', 4, 136, '91.123.1.1286', '9A:8C:DF:29:8D:S1', '2016-02-29', 1, 2),
(1287, 'Cecily', 'Bell', '18', '61', 1, 206, '91.123.1.1287', '9A:8C:DF:78:6D:S5', '2016-02-29', 1, 1),
(1288, 'Iona', 'Boothby', '18', '62', 4, 23, '91.123.1.1288', '9A:8C:DF:80:2D:S5', '2016-02-29', 1, 2),
(1289, 'Cleo', 'Beacham', '18', '63', 3, 134, NULL, '9A:8C:DF:04:1D:S3', '2016-02-29', 1, 1),
(1290, 'Cadence', 'Biggins', '18', '64', 1, 3, '91.123.1.1290', '9A:8C:DF:18:5D:S3', '2016-02-29', 1, 3),
(1291, 'Leyna', 'Armstead', '18', '65', 4, 84, '91.123.1.1291', '9A:8C:DF:46:4D:S4', '2016-02-29', 1, 3),
(1292, 'Cassandra', 'Bloomer', '18', '66', 2, 210, '91.123.1.1292', '9A:8C:DF:71:6D:S4', '2016-02-29', 1, 1),
(1293, 'Cynthia', 'Bloodworth', '18', '67', 2, 78, '91.123.1.1293', '9A:8C:DF:07:6D:S1', '2016-02-29', 1, 3),
(1294, 'Ada', 'Baynton', '18', '68', 6, 211, '91.123.1.1294', '9A:8C:DF:18:1D:S4', '2016-02-29', 1, 3),
(1295, 'Clementine', 'Bugden', '18', '69', 5, 160, '91.123.1.1295', '9A:8C:DF:44:3D:S8', '2016-02-29', 1, 1),
(1296, 'Louis', 'Asbridge', '18', '70', 1, 88, '91.123.1.1296', '9A:8C:DF:29:3D:S2', '2016-02-29', 1, 3),
(1297, 'Innogen', 'Adshead', '18', '71', 2, 151, '91.123.1.1297', '9A:8C:DF:78:5D:S2', '2016-02-29', 1, 1),
(1298, 'L', 'Burnham', '18', '72', 1, 213, '91.123.1.1298', '9A:8C:DF:49:7D:S1', '2016-02-29', 1, 2),
(1299, 'Helen', 'Bancroft', '18', '73', 5, 0, '91.123.1.1299', '9A:8C:DF:73:6D:S1', '2016-02-29', 1, 1),
(1300, 'C', 'Beckles', '18', '74', 6, 184, '91.123.1.1300', '9A:8C:DF:26:2D:S7', '2016-02-29', 1, 1),
(1301, 'Hero', 'Brightwell', '18', '75', 1, 241, NULL, '9A:8C:DF:00:3D:S6', '2016-02-29', 1, 1),
(1302, 'Charis', 'Armstead', '18', '76', 1, 211, NULL, '9A:8C:DF:32:3D:S5', '2016-02-29', 1, 1),
(1303, 'Betty', 'Babbage', '19', '1', 1, 247, NULL, '9A:8C:DF:05:6D:S4', '2016-02-29', 1, 3),
(1304, 'Henrietta', 'Abbey', '19', '2', 6, 255, '91.123.1.1304', '9A:8C:DF:29:7D:S8', '2016-02-29', 1, 3),
(1305, 'Lois', 'Acheson', '19', '3', 1, 285, '91.123.1.1305', '9A:8C:DF:32:4D:S6', '2016-02-29', 1, 1),
(1306, 'Clarissa', 'Bird', '19', '4', 5, 266, '91.123.1.1306', '9A:8C:DF:50:9D:S8', '2016-02-29', 1, 3),
(1307, 'Ella', 'Blyth', '19', '5', 2, 97, '91.123.1.1307', '9A:8C:DF:12:8D:S4', '2016-02-29', 1, 1),
(1308, 'Charmaine', 'Bedford', '19', '6', 5, 82, '91.123.1.1308', '9A:8C:DF:12:0D:S8', '2016-02-29', 1, 3),
(1309, 'K', 'Altman', '19', '7', 6, 122, '91.123.1.1309', '9A:8C:DF:02:9D:S3', '2016-02-29', 1, 1),
(1310, 'Bridget', 'Butche', '19', '8', 6, 286, NULL, '9A:8C:DF:28:7D:S3', '2016-02-29', 1, 3),
(1311, 'Augusta', 'Bain', '19', '9', 6, 185, '91.123.1.1311', '9A:8C:DF:79:4D:S4', '2016-02-29', 1, 2),
(1312, 'Christina', 'Acton', '19', '10', 1, 274, '91.123.1.1312', '9A:8C:DF:37:7D:S8', '2016-02-29', 1, 2),
(1313, 'Lara', 'Auger', '19', '11', 4, 59, '91.123.1.1313', '9A:8C:DF:36:7D:S0', '2016-02-29', 1, 1),
(1314, 'Clarissa', 'Bayer', '19', '12', 5, 5, '91.123.1.1314', '9A:8C:DF:51:3D:S7', '2016-02-29', 1, 2),
(1315, 'Alvina', 'Brayton', '19', '13', 4, 299, '91.123.1.1315', '9A:8C:DF:18:9D:S8', '2016-02-29', 1, 3),
(1316, 'Eleanor', 'Adin', '19', '14', 6, 233, '91.123.1.1316', '9A:8C:DF:88:7D:S7', '2016-02-29', 1, 2),
(1317, 'Arda', 'Arnold', '19', '15', 3, 78, '91.123.1.1317', '9A:8C:DF:83:1D:S0', '2016-02-29', 1, 2),
(1318, 'C', 'Bartholomew', '19', '16', 1, 67, '91.123.1.1318', '9A:8C:DF:07:5D:S2', '2016-02-29', 1, 3),
(1319, 'E', 'Bloodworth', '19', '17', 6, 49, '91.123.1.1319', '9A:8C:DF:25:9D:S1', '2016-02-29', 1, 3),
(1320, 'Harriet', 'Baker', '19', '18', 4, 92, '91.123.1.1320', '9A:8C:DF:84:2D:S9', '2016-02-29', 1, 1),
(1321, 'Josephine', 'Blight', '19', '19', 6, 92, '91.123.1.1321', '9A:8C:DF:09:6D:S2', '2016-02-29', 1, 3),
(1322, 'Autumn', 'Babbage', '19', '20', 3, 6, '91.123.1.1322', '9A:8C:DF:33:2D:S5', '2016-02-29', 1, 3),
(1323, 'Cheryl', 'Barraclough', '19', '21', 1, 23, '91.123.1.1323', '9A:8C:DF:87:7D:S6', '2016-02-29', 1, 2),
(1324, 'Gertrude', 'Bates', '19', '22', 4, 79, '91.123.1.1324', '9A:8C:DF:78:5D:S4', '2016-02-29', 1, 2),
(1325, 'Christina', 'Brimson', '19', '23', 4, 85, '91.123.1.1325', '9A:8C:DF:38:5D:S3', '2016-02-29', 1, 1),
(1326, 'Ellen', 'Armstrong', '19', '24', 5, 80, '91.123.1.1326', '9A:8C:DF:46:8D:S3', '2016-02-29', 1, 3),
(1327, 'Charis', 'Armfield', '19', '25', 6, 179, NULL, '9A:8C:DF:68:2D:S1', '2016-02-29', 1, 1),
(1328, 'Flora', 'Bowes', '19', '26', 5, 281, NULL, '9A:8C:DF:47:7D:S2', '2016-02-29', 1, 2),
(1329, 'Lily', 'Arnold', '19', '27', 3, 158, '91.123.1.1329', '9A:8C:DF:47:2D:S5', '2016-02-29', 1, 2),
(1330, 'Amanda', 'Abbott', '19', '28', 2, 199, NULL, '9A:8C:DF:19:0D:S0', '2016-02-29', 1, 1),
(1331, 'Emma', 'Bidder', '19', '29', 3, 59, '91.123.1.1331', '9A:8C:DF:74:7D:S8', '2016-02-29', 1, 1),
(1332, 'Honor', 'Burdon', '19', '30', 4, 242, '91.123.1.1332', '9A:8C:DF:07:4D:S4', '2016-02-29', 1, 3),
(1333, 'Lorelei', 'Bedingfeld', '19', '31', 5, 214, '91.123.1.1333', '9A:8C:DF:56:0D:S5', '2016-02-29', 1, 1),
(1334, 'Emma', 'Blackburn', '19', '32', 5, 12, '91.123.1.1334', '9A:8C:DF:37:2D:S9', '2016-02-29', 1, 2),
(1335, 'Lettice', 'Broughton', '19', '33', 3, 74, '91.123.1.1335', '9A:8C:DF:14:3D:S8', '2016-02-29', 1, 1),
(1336, 'Clementine', 'Bawden', '19', '34', 4, 70, '91.123.1.1336', '9A:8C:DF:99:7D:S0', '2016-02-29', 1, 1),
(1337, 'Autumn', 'Barkley', '19', '35', 2, 185, '91.123.1.1337', '9A:8C:DF:02:5D:S7', '2016-02-29', 1, 2),
(1338, 'Charmaine', 'Bence', '19', '36', 4, 6, '91.123.1.1338', '9A:8C:DF:01:4D:S9', '2016-02-29', 1, 1),
(1339, 'Barbara', 'Astley', '19', '37', 2, 97, '91.123.1.1339', '9A:8C:DF:00:4D:S8', '2016-02-29', 1, 1),
(1340, 'Crystal', 'Adin', '19', '38', 1, 280, NULL, '9A:8C:DF:57:7D:S4', '2016-02-29', 1, 3),
(1341, 'Jessie', 'Breckenridge', '19', '39', 4, 76, '91.123.1.1341', '9A:8C:DF:79:5D:S3', '2016-02-29', 1, 1),
(1342, 'Jenna', 'Beaton', '19', '40', 5, 21, '91.123.1.1342', '9A:8C:DF:81:8D:S6', '2016-02-29', 1, 3),
(1343, 'Linda', 'Breckenridge', '19', '41', 5, 189, '91.123.1.1343', '9A:8C:DF:24:5D:S7', '2016-02-29', 1, 2),
(1344, 'Cheryl', 'Barry', '19', '42', 6, 80, NULL, '9A:8C:DF:26:0D:S3', '2016-02-29', 1, 1),
(1345, 'Averil', 'Bayer', '19', '43', 1, 210, NULL, '9A:8C:DF:82:0D:S0', '2016-02-29', 1, 2),
(1346, 'Dolores', 'Brewster', '19', '44', 1, 225, '91.123.1.1346', '9A:8C:DF:91:9D:S0', '2016-02-29', 1, 3),
(1347, 'Celinda', 'Baines', '19', '45', 6, 0, '91.123.1.1347', '9A:8C:DF:35:4D:S8', '2016-02-29', 1, 2),
(1348, 'Celia', 'Akroyd', '19', '46', 4, 157, '91.123.1.1348', '9A:8C:DF:57:0D:S3', '2016-02-29', 1, 2),
(1349, 'Lillian', 'Batchelor', '19', '47', 4, 97, '91.123.1.1349', '9A:8C:DF:43:2D:S5', '2016-02-29', 1, 1),
(1350, 'Barbara', 'Berkeley', '19', '48', 6, 190, '91.123.1.1350', '9A:8C:DF:75:0D:S8', '2016-02-29', 1, 3),
(1351, 'Celine', 'Bragg', '19', '49', 2, 150, '91.123.1.1351', '9A:8C:DF:33:5D:S1', '2016-02-29', 1, 1),
(1352, 'Betsy', 'Almond', '19', '50', 5, 215, '91.123.1.1352', '9A:8C:DF:88:5D:S0', '2016-02-29', 1, 2),
(1353, 'Alice', 'Babbage', '19', '51', 6, 184, '91.123.1.1353', '9A:8C:DF:61:8D:S6', '2016-02-29', 1, 3),
(1354, 'Leah', 'Blackburne', '19', '52', 1, 118, '91.123.1.1354', '9A:8C:DF:12:0D:S1', '2016-02-29', 1, 2),
(1355, 'Amanda', 'Bracey', '19', '53', 1, 92, '91.123.1.1355', '9A:8C:DF:09:2D:S8', '2016-02-29', 1, 1),
(1356, 'Lauren', 'Adkins', '19', '54', 6, 138, '91.123.1.1356', '9A:8C:DF:98:5D:S0', '2016-02-29', 1, 2),
(1357, 'C', 'Beadon', '19', '55', 6, 113, NULL, '9A:8C:DF:49:2D:S6', '2016-02-29', 1, 2),
(1358, 'Gemma', 'Breckenridge', '19', '56', 3, 160, NULL, '9A:8C:DF:22:6D:S5', '2016-02-29', 1, 2),
(1359, 'Hester', 'Bromley-Davenport', '19', '57', 6, 171, '91.123.1.1359', '9A:8C:DF:86:6D:S5', '2016-02-29', 1, 1),
(1360, 'Hester', 'Broomfield', '20', '1', 5, 105, '91.123.1.1360', '9A:8C:DF:86:0D:S5', '2016-02-29', 1, 1),
(1361, 'Heidi', 'Bell', '20', '2', 2, 140, '91.123.1.1361', '9A:8C:DF:64:1D:S6', '2016-02-29', 1, 2),
(1362, 'Carolynn', 'Ackroyd', '20', '3', 5, 240, NULL, '9A:8C:DF:43:4D:S4', '2016-02-29', 1, 3),
(1363, 'Chloe', 'Botterill', '20', '4', 4, 107, '91.123.1.1363', '9A:8C:DF:96:1D:S7', '2016-02-29', 1, 2),
(1364, 'Gwen', 'Berkeley', '20', '5', 6, 120, '91.123.1.1364', '9A:8C:DF:37:1D:S8', '2016-02-29', 1, 1),
(1365, 'Caroline', 'Beeby', '20', '6', 6, 143, '91.123.1.1365', '9A:8C:DF:62:8D:S0', '2016-02-29', 1, 1),
(1366, 'Eunice', 'Appleyard', '20', '7', 4, 230, '91.123.1.1366', '9A:8C:DF:90:8D:S5', '2016-02-29', 1, 1),
(1367, 'Agnes', 'Austen', '20', '8', 3, 73, '91.123.1.1367', '9A:8C:DF:60:2D:S7', '2016-02-29', 1, 3),
(1368, 'Isla', 'Astle', '20', '9', 4, 67, '91.123.1.1368', '9A:8C:DF:78:0D:S3', '2016-02-29', 1, 1),
(1369, 'Hester', 'Bowers', '20', '10', 1, 203, '91.123.1.1369', '9A:8C:DF:40:1D:S7', '2016-02-29', 1, 1),
(1370, 'Cassandra', 'Braxton', '20', '11', 4, 214, '91.123.1.1370', '9A:8C:DF:92:6D:S4', '2016-02-29', 1, 2),
(1371, 'Gertie', 'Burney', '20', '12', 1, 19, NULL, '9A:8C:DF:35:3D:S1', '2016-02-29', 1, 3),
(1372, 'Amber', 'Adelson', '20', '13', 4, 104, '91.123.1.1372', '9A:8C:DF:21:6D:S4', '2016-02-29', 1, 2),
(1373, 'Genevieve', 'Brewer', '20', '14', 4, 196, '91.123.1.1373', '9A:8C:DF:97:9D:S0', '2016-02-29', 1, 2),
(1374, 'F', 'Archer', '20', '15', 4, 276, '91.123.1.1374', '9A:8C:DF:76:0D:S3', '2016-02-29', 1, 2),
(1375, 'Lila', 'Bidder', '20', '16', 1, 230, '91.123.1.1375', '9A:8C:DF:22:1D:S2', '2016-02-29', 1, 3),
(1376, 'Jessie', 'Beaton', '20', '17', 2, 266, '91.123.1.1376', '9A:8C:DF:74:4D:S3', '2016-02-29', 1, 2),
(1377, 'Gemma', 'Bedser', '20', '18', 2, 166, NULL, '9A:8C:DF:84:6D:S7', '2016-02-29', 1, 3),
(1378, 'Georgiana', 'Aitch', '20', '19', 2, 266, '91.123.1.1378', '9A:8C:DF:98:7D:S6', '2016-02-29', 1, 2),
(1379, 'Glenda', 'Beck', '20', '20', 4, 47, '91.123.1.1379', '9A:8C:DF:09:6D:S1', '2016-02-29', 1, 3),
(1380, 'Charmaine', 'Armfield', '20', '21', 5, 273, '91.123.1.1380', '9A:8C:DF:33:4D:S3', '2016-02-29', 1, 1),
(1381, 'J', 'Bethune', '20', '22', 3, 175, NULL, '9A:8C:DF:71:3D:S2', '2016-02-29', 1, 3),
(1382, 'Kathleen', 'Berkeley', '20', '23', 6, 235, '91.123.1.1382', '9A:8C:DF:08:1D:S7', '2016-02-29', 1, 2),
(1383, 'Lily', 'Bottomley', '20', '24', 4, 252, '91.123.1.1383', '9A:8C:DF:43:4D:S9', '2016-02-29', 1, 1),
(1384, 'Giselle', 'Barry', '20', '25', 3, 135, '91.123.1.1384', '9A:8C:DF:90:0D:S8', '2016-02-29', 1, 1),
(1385, 'Joelle', 'Beeching', '20', '26', 3, 70, '91.123.1.1385', '9A:8C:DF:63:9D:S1', '2016-02-29', 1, 3),
(1386, 'Elektra', 'Appleyard', '20', '27', 5, 6, '91.123.1.1386', '9A:8C:DF:90:6D:S1', '2016-02-29', 1, 3),
(1387, 'Deborah', 'Bowers', '20', '28', 3, 15, NULL, '9A:8C:DF:42:4D:S0', '2016-02-29', 1, 3),
(1388, 'Loretta', 'Bragg', '20', '29', 2, 193, '91.123.1.1388', '9A:8C:DF:33:3D:S8', '2016-02-29', 1, 3),
(1389, 'Amber', 'Baines', '20', '30', 2, 21, '91.123.1.1389', '9A:8C:DF:46:3D:S2', '2016-02-29', 1, 3),
(1390, 'Kim', 'Baynton', '20', '31', 6, 284, '91.123.1.1390', '9A:8C:DF:01:3D:S9', '2016-02-29', 1, 2),
(1391, 'Edith', 'Broughton', '20', '32', 6, 85, '91.123.1.1391', '9A:8C:DF:68:0D:S4', '2016-02-29', 1, 3),
(1392, 'Hannah', 'Bracey', '20', '33', 5, 133, '91.123.1.1392', '9A:8C:DF:04:3D:S3', '2016-02-29', 1, 3),
(1393, 'Jane', 'Bragg', '20', '34', 1, 65, '91.123.1.1393', '9A:8C:DF:59:3D:S9', '2016-02-29', 1, 2),
(1394, 'Carolyn', 'Burgess', '20', '35', 2, 85, NULL, '9A:8C:DF:14:0D:S1', '2016-02-29', 1, 1),
(1395, 'Galenka', 'Beresford', '20', '36', 6, 136, '91.123.1.1395', '9A:8C:DF:06:4D:S1', '2016-02-29', 1, 2),
(1396, 'Georgiana', 'Bradley', '20', '37', 1, 53, '91.123.1.1396', '9A:8C:DF:67:7D:S3', '2016-02-29', 1, 2),
(1397, 'Ivy', 'Beanland', '20', '38', 1, 0, '91.123.1.1397', '9A:8C:DF:64:4D:S1', '2016-02-29', 1, 3),
(1398, 'Gwendolyn', 'Basford', '20', '39', 1, 80, NULL, '9A:8C:DF:19:6D:S0', '2016-02-29', 1, 3),
(1399, 'Joanne', 'Baynton', '20', '40', 2, 98, '91.123.1.1399', '9A:8C:DF:49:1D:S5', '2016-02-29', 1, 2),
(1400, 'D', 'Bingley', '20', '41', 5, 237, NULL, '9A:8C:DF:05:9D:S8', '2016-02-29', 1, 2),
(1401, 'Giselle', 'Armstead', '20', '42', 2, 128, '91.123.1.1401', '9A:8C:DF:16:7D:S9', '2016-02-29', 1, 2),
(1402, 'Innogen', 'Akehurst', '20', '43', 4, 158, '91.123.1.1402', '9A:8C:DF:22:7D:S1', '2016-02-29', 1, 1),
(1403, 'Jaime', 'Babbs', '20', '44', 6, 169, NULL, '9A:8C:DF:97:3D:S9', '2016-02-29', 1, 1),
(1404, 'H', 'Abbott', '20', '45', 5, 196, NULL, '9A:8C:DF:61:8D:S3', '2016-02-29', 1, 3),
(1405, 'Jacqueline', 'Altman', '20', '46', 2, 270, '91.123.1.1405', '9A:8C:DF:20:1D:S2', '2016-02-29', 1, 1),
(1406, 'Joan', 'Blyth', '20', '47', 5, 224, '91.123.1.1406', '9A:8C:DF:22:7D:S1', '2016-02-29', 1, 1);
SET IDENTITY_INSERT tblCustomer OFF;
GO




